ISO-10303-21;
HEADER;
/* Generated by software containing ST-Developer
 * from STEP Tools, Inc. (www.steptools.com) 
 */
/* OPTION: using custom renumber hook */

FILE_DESCRIPTION(
/* description */ ('STEP AP242',
'CAx-IF Rec.Pracs.---Representation and Presentation of Product Manufa
cturing Information (PMI)---4.0---2014-10-13',
'CAx-IF Rec.Pracs.---3D Tessellated Geometry---0.4---2014-09-14','2;1'),

/* implementation_level */ '2;1');

FILE_NAME(
/* name */ '680926735b84c121bb8706b0',
/* time_stamp */ '2025-04-23T17:42:12Z',
/* author */ (''),
/* organization */ (''),
/* preprocessor_version */ 'ST-DEVELOPER v20',
/* originating_system */ 'ONSHAPE BY PTC INC, 1.196',
/* authorisation */ '  ');

FILE_SCHEMA (('AP242_MANAGED_MODEL_BASED_3D_ENGINEERING_MIM_LF { 1 0 10303 442 1 1 4 }'));
ENDSEC;

DATA;
#10=B_SPLINE_SURFACE_WITH_KNOTS('',3,1,((#11672,#11673),(#11674,#11675),
(#11676,#11677),(#11678,#11679)),.SURF_OF_LINEAR_EXTRUSION.,.F.,.F.,.F.,
(4,4),(2,2),(0.159335995715127,0.968596860837255),(0.,1.),
 .PIECEWISE_BEZIER_KNOTS.);
#11=B_SPLINE_SURFACE_WITH_KNOTS('',3,1,((#11684,#11685),(#11686,#11687),
(#11688,#11689),(#11690,#11691)),.SURF_OF_LINEAR_EXTRUSION.,.F.,.F.,.F.,
(4,4),(2,2),(0.159335995715127,0.968596860837255),(0.,1.),
 .PIECEWISE_BEZIER_KNOTS.);
#12=B_SPLINE_SURFACE_WITH_KNOTS('',3,1,((#11695,#11696),(#11697,#11698),
(#11699,#11700),(#11701,#11702)),.SURF_OF_LINEAR_EXTRUSION.,.F.,.F.,.F.,
(4,4),(2,2),(0.159335995715133,0.968596860837255),(0.,1.),
 .PIECEWISE_BEZIER_KNOTS.);
#13=B_SPLINE_SURFACE_WITH_KNOTS('',3,1,((#11707,#11708),(#11709,#11710),
(#11711,#11712),(#11713,#11714)),.SURF_OF_LINEAR_EXTRUSION.,.F.,.F.,.F.,
(4,4),(2,2),(0.159335995715126,0.968596860837255),(0.,1.),
 .PIECEWISE_BEZIER_KNOTS.);
#14=B_SPLINE_SURFACE_WITH_KNOTS('',3,1,((#11718,#11719),(#11720,#11721),
(#11722,#11723),(#11724,#11725)),.SURF_OF_LINEAR_EXTRUSION.,.F.,.F.,.F.,
(4,4),(2,2),(0.159335995715128,0.968596860837255),(0.,1.),
 .PIECEWISE_BEZIER_KNOTS.);
#15=B_SPLINE_SURFACE_WITH_KNOTS('',3,1,((#11730,#11731),(#11732,#11733),
(#11734,#11735),(#11736,#11737)),.SURF_OF_LINEAR_EXTRUSION.,.F.,.F.,.F.,
(4,4),(2,2),(0.159335995715129,0.968596860837255),(0.,1.),
 .PIECEWISE_BEZIER_KNOTS.);
#16=B_SPLINE_SURFACE_WITH_KNOTS('',3,1,((#11741,#11742),(#11743,#11744),
(#11745,#11746),(#11747,#11748)),.SURF_OF_LINEAR_EXTRUSION.,.F.,.F.,.F.,
(4,4),(2,2),(0.15933599571513,0.968596860837255),(0.,1.),
 .PIECEWISE_BEZIER_KNOTS.);
#17=B_SPLINE_SURFACE_WITH_KNOTS('',3,1,((#11753,#11754),(#11755,#11756),
(#11757,#11758),(#11759,#11760)),.SURF_OF_LINEAR_EXTRUSION.,.F.,.F.,.F.,
(4,4),(2,2),(0.159335995715129,0.968596860837255),(0.,1.),
 .PIECEWISE_BEZIER_KNOTS.);
#18=B_SPLINE_SURFACE_WITH_KNOTS('',3,1,((#11764,#11765),(#11766,#11767),
(#11768,#11769),(#11770,#11771)),.SURF_OF_LINEAR_EXTRUSION.,.F.,.F.,.F.,
(4,4),(2,2),(0.159335995715133,0.968596860837255),(0.,1.),
 .PIECEWISE_BEZIER_KNOTS.);
#19=B_SPLINE_SURFACE_WITH_KNOTS('',3,1,((#11776,#11777),(#11778,#11779),
(#11780,#11781),(#11782,#11783)),.SURF_OF_LINEAR_EXTRUSION.,.F.,.F.,.F.,
(4,4),(2,2),(0.159335995715126,0.968596860837255),(0.,1.),
 .PIECEWISE_BEZIER_KNOTS.);
#20=B_SPLINE_SURFACE_WITH_KNOTS('',3,1,((#11787,#11788),(#11789,#11790),
(#11791,#11792),(#11793,#11794)),.SURF_OF_LINEAR_EXTRUSION.,.F.,.F.,.F.,
(4,4),(2,2),(0.159335995715129,0.968596860837255),(0.,1.),
 .PIECEWISE_BEZIER_KNOTS.);
#21=B_SPLINE_SURFACE_WITH_KNOTS('',3,1,((#11799,#11800),(#11801,#11802),
(#11803,#11804),(#11805,#11806)),.SURF_OF_LINEAR_EXTRUSION.,.F.,.F.,.F.,
(4,4),(2,2),(0.159335995715131,0.968596860837255),(0.,1.),
 .PIECEWISE_BEZIER_KNOTS.);
#22=B_SPLINE_SURFACE_WITH_KNOTS('',3,1,((#11810,#11811),(#11812,#11813),
(#11814,#11815),(#11816,#11817)),.SURF_OF_LINEAR_EXTRUSION.,.F.,.F.,.F.,
(4,4),(2,2),(0.159335995715131,0.968596860837255),(0.,1.),
 .PIECEWISE_BEZIER_KNOTS.);
#23=B_SPLINE_SURFACE_WITH_KNOTS('',3,1,((#11822,#11823),(#11824,#11825),
(#11826,#11827),(#11828,#11829)),.SURF_OF_LINEAR_EXTRUSION.,.F.,.F.,.F.,
(4,4),(2,2),(0.15933599571513,0.968596860837255),(0.,1.),
 .PIECEWISE_BEZIER_KNOTS.);
#24=B_SPLINE_SURFACE_WITH_KNOTS('',3,1,((#11833,#11834),(#11835,#11836),
(#11837,#11838),(#11839,#11840)),.SURF_OF_LINEAR_EXTRUSION.,.F.,.F.,.F.,
(4,4),(2,2),(0.159335995715126,0.968596860837255),(0.,1.),
 .PIECEWISE_BEZIER_KNOTS.);
#25=B_SPLINE_SURFACE_WITH_KNOTS('',3,1,((#11845,#11846),(#11847,#11848),
(#11849,#11850),(#11851,#11852)),.SURF_OF_LINEAR_EXTRUSION.,.F.,.F.,.F.,
(4,4),(2,2),(0.159335995715133,0.968596860837255),(0.,1.),
 .PIECEWISE_BEZIER_KNOTS.);
#26=B_SPLINE_SURFACE_WITH_KNOTS('',3,1,((#11856,#11857),(#11858,#11859),
(#11860,#11861),(#11862,#11863)),.SURF_OF_LINEAR_EXTRUSION.,.F.,.F.,.F.,
(4,4),(2,2),(0.159335995715127,0.968596860837255),(0.,1.),
 .PIECEWISE_BEZIER_KNOTS.);
#27=B_SPLINE_SURFACE_WITH_KNOTS('',3,1,((#11868,#11869),(#11870,#11871),
(#11872,#11873),(#11874,#11875)),.SURF_OF_LINEAR_EXTRUSION.,.F.,.F.,.F.,
(4,4),(2,2),(0.159335995715127,0.968596860837255),(0.,1.),
 .PIECEWISE_BEZIER_KNOTS.);
#28=B_SPLINE_SURFACE_WITH_KNOTS('',3,1,((#11879,#11880),(#11881,#11882),
(#11883,#11884),(#11885,#11886)),.SURF_OF_LINEAR_EXTRUSION.,.F.,.F.,.F.,
(4,4),(2,2),(0.159335995715126,0.968596860837255),(0.,1.),
 .PIECEWISE_BEZIER_KNOTS.);
#29=B_SPLINE_SURFACE_WITH_KNOTS('',3,1,((#11891,#11892),(#11893,#11894),
(#11895,#11896),(#11897,#11898)),.SURF_OF_LINEAR_EXTRUSION.,.F.,.F.,.F.,
(4,4),(2,2),(0.159335995715133,0.968596860837255),(0.,1.),
 .PIECEWISE_BEZIER_KNOTS.);
#30=B_SPLINE_SURFACE_WITH_KNOTS('',3,1,((#11902,#11903),(#11904,#11905),
(#11906,#11907),(#11908,#11909)),.SURF_OF_LINEAR_EXTRUSION.,.F.,.F.,.F.,
(4,4),(2,2),(0.15933599571513,0.968596860837255),(0.,1.),
 .PIECEWISE_BEZIER_KNOTS.);
#31=B_SPLINE_SURFACE_WITH_KNOTS('',3,1,((#11914,#11915),(#11916,#11917),
(#11918,#11919),(#11920,#11921)),.SURF_OF_LINEAR_EXTRUSION.,.F.,.F.,.F.,
(4,4),(2,2),(0.159335995715129,0.968596860837255),(0.,1.),
 .PIECEWISE_BEZIER_KNOTS.);
#32=B_SPLINE_SURFACE_WITH_KNOTS('',3,1,((#11925,#11926),(#11927,#11928),
(#11929,#11930),(#11931,#11932)),.SURF_OF_LINEAR_EXTRUSION.,.F.,.F.,.F.,
(4,4),(2,2),(0.159335995715131,0.968596860837255),(0.,1.),
 .PIECEWISE_BEZIER_KNOTS.);
#33=B_SPLINE_SURFACE_WITH_KNOTS('',3,1,((#11937,#11938),(#11939,#11940),
(#11941,#11942),(#11943,#11944)),.SURF_OF_LINEAR_EXTRUSION.,.F.,.F.,.F.,
(4,4),(2,2),(0.15933599571513,0.968596860837255),(0.,1.),
 .PIECEWISE_BEZIER_KNOTS.);
#34=B_SPLINE_SURFACE_WITH_KNOTS('',3,1,((#11948,#11949),(#11950,#11951),
(#11952,#11953),(#11954,#11955)),.SURF_OF_LINEAR_EXTRUSION.,.F.,.F.,.F.,
(4,4),(2,2),(0.159335995715127,0.968596860837255),(0.,1.),
 .PIECEWISE_BEZIER_KNOTS.);
#35=B_SPLINE_SURFACE_WITH_KNOTS('',3,1,((#11960,#11961),(#11962,#11963),
(#11964,#11965),(#11966,#11967)),.SURF_OF_LINEAR_EXTRUSION.,.F.,.F.,.F.,
(4,4),(2,2),(0.159335995715133,0.968596860837255),(0.,1.),
 .PIECEWISE_BEZIER_KNOTS.);
#36=B_SPLINE_SURFACE_WITH_KNOTS('',3,1,((#11971,#11972),(#11973,#11974),
(#11975,#11976),(#11977,#11978)),.SURF_OF_LINEAR_EXTRUSION.,.F.,.F.,.F.,
(4,4),(2,2),(0.159335995715127,0.968596860837255),(0.,1.),
 .PIECEWISE_BEZIER_KNOTS.);
#37=B_SPLINE_SURFACE_WITH_KNOTS('',3,1,((#11983,#11984),(#11985,#11986),
(#11987,#11988),(#11989,#11990)),.SURF_OF_LINEAR_EXTRUSION.,.F.,.F.,.F.,
(4,4),(2,2),(0.159335995715127,0.968596860837255),(0.,1.),
 .PIECEWISE_BEZIER_KNOTS.);
#38=B_SPLINE_SURFACE_WITH_KNOTS('',3,1,((#11994,#11995),(#11996,#11997),
(#11998,#11999),(#12000,#12001)),.SURF_OF_LINEAR_EXTRUSION.,.F.,.F.,.F.,
(4,4),(2,2),(0.159335995715133,0.968596860837255),(0.,1.),
 .PIECEWISE_BEZIER_KNOTS.);
#39=B_SPLINE_SURFACE_WITH_KNOTS('',3,1,((#12006,#12007),(#12008,#12009),
(#12010,#12011),(#12012,#12013)),.SURF_OF_LINEAR_EXTRUSION.,.F.,.F.,.F.,
(4,4),(2,2),(0.159335995715126,0.968596860837255),(0.,1.),
 .PIECEWISE_BEZIER_KNOTS.);
#40=B_SPLINE_SURFACE_WITH_KNOTS('',3,1,((#12017,#12018),(#12019,#12020),
(#12021,#12022),(#12023,#12024)),.SURF_OF_LINEAR_EXTRUSION.,.F.,.F.,.F.,
(4,4),(2,2),(0.15933599571513,0.968596860837255),(0.,1.),
 .PIECEWISE_BEZIER_KNOTS.);
#41=B_SPLINE_SURFACE_WITH_KNOTS('',3,1,((#12029,#12030),(#12031,#12032),
(#12033,#12034),(#12035,#12036)),.SURF_OF_LINEAR_EXTRUSION.,.F.,.F.,.F.,
(4,4),(2,2),(0.159335995715129,0.968596860837255),(0.,1.),
 .PIECEWISE_BEZIER_KNOTS.);
#42=B_SPLINE_SURFACE_WITH_KNOTS('',3,1,((#12040,#12041),(#12042,#12043),
(#12044,#12045),(#12046,#12047)),.SURF_OF_LINEAR_EXTRUSION.,.F.,.F.,.F.,
(4,4),(2,2),(0.159335995715128,0.968596860837255),(0.,1.),
 .PIECEWISE_BEZIER_KNOTS.);
#43=B_SPLINE_SURFACE_WITH_KNOTS('',3,1,((#12052,#12053),(#12054,#12055),
(#12056,#12057),(#12058,#12059)),.SURF_OF_LINEAR_EXTRUSION.,.F.,.F.,.F.,
(4,4),(2,2),(0.159335995715129,0.968596860837255),(0.,1.),
 .PIECEWISE_BEZIER_KNOTS.);
#44=B_SPLINE_SURFACE_WITH_KNOTS('',3,1,((#12063,#12064),(#12065,#12066),
(#12067,#12068),(#12069,#12070)),.SURF_OF_LINEAR_EXTRUSION.,.F.,.F.,.F.,
(4,4),(2,2),(0.159335995715126,0.968596860837255),(0.,1.),
 .PIECEWISE_BEZIER_KNOTS.);
#45=B_SPLINE_SURFACE_WITH_KNOTS('',3,1,((#12075,#12076),(#12077,#12078),
(#12079,#12080),(#12081,#12082)),.SURF_OF_LINEAR_EXTRUSION.,.F.,.F.,.F.,
(4,4),(2,2),(0.159335995715133,0.968596860837255),(0.,1.),
 .PIECEWISE_BEZIER_KNOTS.);
#46=B_SPLINE_SURFACE_WITH_KNOTS('',3,1,((#12086,#12087),(#12088,#12089),
(#12090,#12091),(#12092,#12093)),.SURF_OF_LINEAR_EXTRUSION.,.F.,.F.,.F.,
(4,4),(2,2),(0.159335995715127,0.968596860837255),(0.,1.),
 .PIECEWISE_BEZIER_KNOTS.);
#47=B_SPLINE_SURFACE_WITH_KNOTS('',3,1,((#12098,#12099),(#12100,#12101),
(#12102,#12103),(#12104,#12105)),.SURF_OF_LINEAR_EXTRUSION.,.F.,.F.,.F.,
(4,4),(2,2),(0.159335995715127,0.968596860837255),(0.,1.),
 .PIECEWISE_BEZIER_KNOTS.);
#48=B_SPLINE_SURFACE_WITH_KNOTS('',3,1,((#12109,#12110),(#12111,#12112),
(#12113,#12114),(#12115,#12116)),.SURF_OF_LINEAR_EXTRUSION.,.F.,.F.,.F.,
(4,4),(2,2),(0.159335995715133,0.968596860837255),(0.,1.),
 .PIECEWISE_BEZIER_KNOTS.);
#49=B_SPLINE_SURFACE_WITH_KNOTS('',3,1,((#12121,#12122),(#12123,#12124),
(#12125,#12126),(#12127,#12128)),.SURF_OF_LINEAR_EXTRUSION.,.F.,.F.,.F.,
(4,4),(2,2),(0.159335995715126,0.968596860837255),(0.,1.),
 .PIECEWISE_BEZIER_KNOTS.);
#50=B_SPLINE_CURVE_WITH_KNOTS('',3,(#8129,#8130,#8131,#8132,#8133,#8134,
#8135,#8136,#8137,#8138,#8139),.UNSPECIFIED.,.T.,.F.,(1,1,1,1,1,1,1,1,1,
1,1,1,1,1,1),(-0.00294236748247129,-0.00196157832164753,-0.000980789160823764,
8.34207473033976E-20,0.000980789160823764,0.00196157832164753,0.00294236748247129,
0.00392315664329506,0.00490394580411882,0.00588473496494259,0.00686552412576635,
0.00784631328659012,0.00882710244741388,0.00980789160823764,0.0107886807690614),
 .UNSPECIFIED.);
#51=B_SPLINE_CURVE_WITH_KNOTS('',3,(#8141,#8142,#8143,#8144,#8145,#8146,
#8147,#8148,#8149,#8150,#8151),.UNSPECIFIED.,.T.,.F.,(1,1,1,1,1,1,1,1,1,
1,1,1,1,1,1),(-0.00294236748247129,-0.00196157832164753,-0.000980789160823764,
1.77810851005756E-19,0.000980789160823764,0.00196157832164753,0.00294236748247129,
0.00392315664329506,0.00490394580411882,0.00588473496494259,0.00686552412576635,
0.00784631328659012,0.00882710244741388,0.00980789160823764,0.0107886807690614),
 .UNSPECIFIED.);
#52=B_SPLINE_CURVE_WITH_KNOTS('',3,(#8158,#8159,#8160,#8161,#8162,#8163,
#8164,#8165,#8166,#8167,#8168),.UNSPECIFIED.,.T.,.F.,(1,1,1,1,1,1,1,1,1,
1,1,1,1,1,1),(-0.00297957475550394,-0.00198638317033596,-0.000993191585167977,
3.91485392301678E-18,0.000993191585167984,0.00198638317033596,0.00297957475550394,
0.00397276634067192,0.0049659579258399,0.00595914951100789,0.00695234109617587,
0.00794553268134385,0.00893872426651183,0.00993191585167981,0.0109251074368478),
 .UNSPECIFIED.);
#53=B_SPLINE_CURVE_WITH_KNOTS('',3,(#8170,#8171,#8172,#8173,#8174,#8175,
#8176,#8177,#8178,#8179,#8180),.UNSPECIFIED.,.T.,.F.,(1,1,1,1,1,1,1,1,1,
1,1,1,1,1,1),(-0.00297957475550394,-0.00198638317033596,-0.000993191585167977,
3.87792181484213E-18,0.000993191585167984,0.00198638317033596,0.00297957475550394,
0.00397276634067192,0.0049659579258399,0.00595914951100788,0.00695234109617586,
0.00794553268134384,0.00893872426651183,0.0099319158516798,0.0109251074368478),
 .UNSPECIFIED.);
#54=B_SPLINE_CURVE_WITH_KNOTS('',3,(#8503,#8504,#8505,#8506,#8507,#8508,
#8509,#8510,#8511,#8512,#8513,#8514,#8515,#8516,#8517,#8518,#8519,#8520,
#8521,#8522,#8523,#8524,#8525,#8526,#8527,#8528,#8529,#8530,#8531,#8532,
#8533,#8534,#8535,#8536,#8537,#8538),.UNSPECIFIED.,.F.,.F.,(4,1,1,1,1,1,
1,1,1,1,1,1,1,1,1,1,1,1,1,1,1,1,1,1,1,1,1,1,1,1,1,1,1,4),(0.0769251295056628,
0.089729458070379,0.107010202519751,0.125279202981818,0.144485676556023,
0.164585947114284,0.185541927786605,0.207320021720932,0.229890303618282,
0.25322589605712,0.277302484769885,0.302097935434016,0.327591986176286,
0.353765997578382,0.380602747055876,0.408086257970056,0.436201656274753,
0.464935049243602,0.4942734220884,0.524204549211598,0.554716917532587,0.585799659854517,
0.617442496641886,0.649635684891216,0.682369973021026,0.715636560899517,
0.749427064281274,0.783733483046726,0.818548172737015,0.853863818957268,
0.889673414287001,0.925970237390496,0.962747834064767,0.968596860837255),
 .UNSPECIFIED.);
#55=B_SPLINE_CURVE_WITH_KNOTS('',3,(#8539,#8540,#8541,#8542,#8543,#8544,
#8545,#8546,#8547,#8548,#8549,#8550,#8551,#8552,#8553,#8554,#8555,#8556,
#8557,#8558,#8559,#8560,#8561,#8562,#8563,#8564,#8565,#8566,#8567,#8568,
#8569,#8570,#8571,#8572,#8573,#8574),.UNSPECIFIED.,.F.,.F.,(4,1,1,1,1,1,
1,1,1,1,1,1,1,1,1,1,1,1,1,1,1,1,1,1,1,1,1,1,1,1,1,1,1,4),(0.0769251295056628,
0.089729458070379,0.107010202519751,0.125279202981818,0.144485676556023,
0.164585947114284,0.185541927786605,0.207320021720932,0.229890303618282,
0.25322589605712,0.277302484769885,0.302097935434016,0.327591986176286,
0.353765997578382,0.380602747055876,0.408086257970056,0.436201656274753,
0.464935049243602,0.4942734220884,0.524204549211598,0.554716917532587,0.585799659854517,
0.617442496641886,0.649635684891216,0.682369973021026,0.715636560899517,
0.749427064281274,0.783733483046726,0.818548172737015,0.853863818957268,
0.889673414287001,0.925970237390496,0.962747834064767,0.968596860837255),
 .UNSPECIFIED.);
#56=B_SPLINE_CURVE_WITH_KNOTS('',3,(#8582,#8583,#8584,#8585,#8586,#8587,
#8588,#8589,#8590,#8591,#8592,#8593,#8594,#8595,#8596,#8597,#8598,#8599,
#8600,#8601,#8602,#8603,#8604,#8605,#8606,#8607,#8608,#8609,#8610,#8611,
#8612,#8613,#8614,#8615,#8616,#8617),.UNSPECIFIED.,.F.,.F.,(4,1,1,1,1,1,
1,1,1,1,1,1,1,1,1,1,1,1,1,1,1,1,1,1,1,1,1,1,1,1,1,1,1,4),(0.0769251295056628,
0.089729458070379,0.107010202519751,0.125279202981818,0.144485676556023,
0.164585947114284,0.185541927786605,0.207320021720932,0.229890303618282,
0.25322589605712,0.277302484769885,0.302097935434016,0.327591986176286,
0.353765997578382,0.380602747055876,0.408086257970056,0.436201656274753,
0.464935049243602,0.4942734220884,0.524204549211598,0.554716917532587,0.585799659854517,
0.617442496641886,0.649635684891216,0.682369973021026,0.715636560899517,
0.749427064281274,0.783733483046726,0.818548172737015,0.853863818957268,
0.889673414287001,0.925970237390496,0.962747834064767,0.968596860837255),
 .UNSPECIFIED.);
#57=B_SPLINE_CURVE_WITH_KNOTS('',3,(#8618,#8619,#8620,#8621,#8622,#8623,
#8624,#8625,#8626,#8627,#8628,#8629,#8630,#8631,#8632,#8633,#8634,#8635,
#8636,#8637,#8638,#8639,#8640,#8641,#8642,#8643,#8644,#8645,#8646,#8647,
#8648,#8649,#8650,#8651,#8652,#8653),.UNSPECIFIED.,.F.,.F.,(4,1,1,1,1,1,
1,1,1,1,1,1,1,1,1,1,1,1,1,1,1,1,1,1,1,1,1,1,1,1,1,1,1,4),(0.0769251295056628,
0.089729458070379,0.107010202519751,0.125279202981818,0.144485676556023,
0.164585947114284,0.185541927786605,0.207320021720932,0.229890303618282,
0.25322589605712,0.277302484769885,0.302097935434016,0.327591986176286,
0.353765997578382,0.380602747055876,0.408086257970056,0.436201656274753,
0.464935049243602,0.4942734220884,0.524204549211598,0.554716917532587,0.585799659854517,
0.617442496641886,0.649635684891216,0.682369973021026,0.715636560899517,
0.749427064281274,0.783733483046726,0.818548172737015,0.853863818957268,
0.889673414287001,0.925970237390496,0.962747834064767,0.968596860837255),
 .UNSPECIFIED.);
#58=B_SPLINE_CURVE_WITH_KNOTS('',3,(#8661,#8662,#8663,#8664,#8665,#8666,
#8667,#8668,#8669,#8670,#8671,#8672,#8673,#8674,#8675,#8676,#8677,#8678,
#8679,#8680,#8681,#8682,#8683,#8684,#8685,#8686,#8687,#8688,#8689,#8690,
#8691,#8692,#8693,#8694,#8695,#8696),.UNSPECIFIED.,.F.,.F.,(4,1,1,1,1,1,
1,1,1,1,1,1,1,1,1,1,1,1,1,1,1,1,1,1,1,1,1,1,1,1,1,1,1,4),(0.0769251295056628,
0.089729458070379,0.107010202519751,0.125279202981818,0.144485676556023,
0.164585947114284,0.185541927786605,0.207320021720932,0.229890303618282,
0.25322589605712,0.277302484769885,0.302097935434016,0.327591986176286,
0.353765997578382,0.380602747055876,0.408086257970056,0.436201656274753,
0.464935049243602,0.4942734220884,0.524204549211598,0.554716917532587,0.585799659854517,
0.617442496641886,0.649635684891216,0.682369973021026,0.715636560899517,
0.749427064281274,0.783733483046726,0.818548172737015,0.853863818957268,
0.889673414287001,0.925970237390496,0.962747834064767,0.968596860837255),
 .UNSPECIFIED.);
#59=B_SPLINE_CURVE_WITH_KNOTS('',3,(#8697,#8698,#8699,#8700,#8701,#8702,
#8703,#8704,#8705,#8706,#8707,#8708,#8709,#8710,#8711,#8712,#8713,#8714,
#8715,#8716,#8717,#8718,#8719,#8720,#8721,#8722,#8723,#8724,#8725,#8726,
#8727,#8728,#8729,#8730,#8731,#8732),.UNSPECIFIED.,.F.,.F.,(4,1,1,1,1,1,
1,1,1,1,1,1,1,1,1,1,1,1,1,1,1,1,1,1,1,1,1,1,1,1,1,1,1,4),(0.0769251295056628,
0.089729458070379,0.107010202519751,0.125279202981818,0.144485676556023,
0.164585947114284,0.185541927786605,0.207320021720932,0.229890303618282,
0.25322589605712,0.277302484769885,0.302097935434016,0.327591986176286,
0.353765997578382,0.380602747055876,0.408086257970056,0.436201656274753,
0.464935049243602,0.4942734220884,0.524204549211598,0.554716917532587,0.585799659854517,
0.617442496641886,0.649635684891216,0.682369973021026,0.715636560899517,
0.749427064281274,0.783733483046726,0.818548172737015,0.853863818957268,
0.889673414287001,0.925970237390496,0.962747834064767,0.968596860837255),
 .UNSPECIFIED.);
#60=B_SPLINE_CURVE_WITH_KNOTS('',3,(#8740,#8741,#8742,#8743,#8744,#8745,
#8746,#8747,#8748,#8749,#8750,#8751,#8752,#8753,#8754,#8755,#8756,#8757,
#8758,#8759,#8760,#8761,#8762,#8763,#8764,#8765,#8766,#8767,#8768,#8769,
#8770,#8771,#8772,#8773,#8774,#8775),.UNSPECIFIED.,.F.,.F.,(4,1,1,1,1,1,
1,1,1,1,1,1,1,1,1,1,1,1,1,1,1,1,1,1,1,1,1,1,1,1,1,1,1,4),(0.0769251295056628,
0.089729458070379,0.107010202519751,0.125279202981818,0.144485676556023,
0.164585947114284,0.185541927786605,0.207320021720932,0.229890303618282,
0.25322589605712,0.277302484769885,0.302097935434016,0.327591986176286,
0.353765997578382,0.380602747055876,0.408086257970056,0.436201656274753,
0.464935049243602,0.4942734220884,0.524204549211598,0.554716917532587,0.585799659854517,
0.617442496641886,0.649635684891216,0.682369973021026,0.715636560899517,
0.749427064281274,0.783733483046726,0.818548172737015,0.853863818957268,
0.889673414287001,0.925970237390496,0.962747834064767,0.968596860837255),
 .UNSPECIFIED.);
#61=B_SPLINE_CURVE_WITH_KNOTS('',3,(#8776,#8777,#8778,#8779,#8780,#8781,
#8782,#8783,#8784,#8785,#8786,#8787,#8788,#8789,#8790,#8791,#8792,#8793,
#8794,#8795,#8796,#8797,#8798,#8799,#8800,#8801,#8802,#8803,#8804,#8805,
#8806,#8807,#8808,#8809,#8810,#8811),.UNSPECIFIED.,.F.,.F.,(4,1,1,1,1,1,
1,1,1,1,1,1,1,1,1,1,1,1,1,1,1,1,1,1,1,1,1,1,1,1,1,1,1,4),(0.0769251295056628,
0.089729458070379,0.107010202519751,0.125279202981818,0.144485676556023,
0.164585947114284,0.185541927786605,0.207320021720932,0.229890303618282,
0.25322589605712,0.277302484769885,0.302097935434016,0.327591986176286,
0.353765997578382,0.380602747055876,0.408086257970056,0.436201656274753,
0.464935049243602,0.4942734220884,0.524204549211598,0.554716917532587,0.585799659854517,
0.617442496641886,0.649635684891216,0.682369973021026,0.715636560899517,
0.749427064281274,0.783733483046726,0.818548172737015,0.853863818957268,
0.889673414287001,0.925970237390496,0.962747834064767,0.968596860837255),
 .UNSPECIFIED.);
#62=B_SPLINE_CURVE_WITH_KNOTS('',3,(#8819,#8820,#8821,#8822,#8823,#8824,
#8825,#8826,#8827,#8828,#8829,#8830,#8831,#8832,#8833,#8834,#8835,#8836,
#8837,#8838,#8839,#8840,#8841,#8842,#8843,#8844,#8845,#8846,#8847,#8848,
#8849,#8850,#8851,#8852,#8853,#8854),.UNSPECIFIED.,.F.,.F.,(4,1,1,1,1,1,
1,1,1,1,1,1,1,1,1,1,1,1,1,1,1,1,1,1,1,1,1,1,1,1,1,1,1,4),(0.0769251295056628,
0.089729458070379,0.107010202519751,0.125279202981818,0.144485676556023,
0.164585947114284,0.185541927786605,0.207320021720932,0.229890303618282,
0.25322589605712,0.277302484769885,0.302097935434016,0.327591986176286,
0.353765997578382,0.380602747055876,0.408086257970056,0.436201656274753,
0.464935049243602,0.4942734220884,0.524204549211598,0.554716917532587,0.585799659854517,
0.617442496641886,0.649635684891216,0.682369973021026,0.715636560899517,
0.749427064281274,0.783733483046726,0.818548172737015,0.853863818957268,
0.889673414287001,0.925970237390496,0.962747834064767,0.968596860837255),
 .UNSPECIFIED.);
#63=B_SPLINE_CURVE_WITH_KNOTS('',3,(#8855,#8856,#8857,#8858,#8859,#8860,
#8861,#8862,#8863,#8864,#8865,#8866,#8867,#8868,#8869,#8870,#8871,#8872,
#8873,#8874,#8875,#8876,#8877,#8878,#8879,#8880,#8881,#8882,#8883,#8884,
#8885,#8886,#8887,#8888,#8889,#8890),.UNSPECIFIED.,.F.,.F.,(4,1,1,1,1,1,
1,1,1,1,1,1,1,1,1,1,1,1,1,1,1,1,1,1,1,1,1,1,1,1,1,1,1,4),(0.0769251295056628,
0.089729458070379,0.107010202519751,0.125279202981818,0.144485676556023,
0.164585947114284,0.185541927786605,0.207320021720932,0.229890303618282,
0.25322589605712,0.277302484769885,0.302097935434016,0.327591986176286,
0.353765997578382,0.380602747055876,0.408086257970056,0.436201656274753,
0.464935049243602,0.4942734220884,0.524204549211598,0.554716917532587,0.585799659854517,
0.617442496641886,0.649635684891216,0.682369973021026,0.715636560899517,
0.749427064281274,0.783733483046726,0.818548172737015,0.853863818957268,
0.889673414287001,0.925970237390496,0.962747834064767,0.968596860837255),
 .UNSPECIFIED.);
#64=B_SPLINE_CURVE_WITH_KNOTS('',3,(#8898,#8899,#8900,#8901,#8902,#8903,
#8904,#8905,#8906,#8907,#8908,#8909,#8910,#8911,#8912,#8913,#8914,#8915,
#8916,#8917,#8918,#8919,#8920,#8921,#8922,#8923,#8924,#8925,#8926,#8927,
#8928,#8929,#8930,#8931,#8932,#8933),.UNSPECIFIED.,.F.,.F.,(4,1,1,1,1,1,
1,1,1,1,1,1,1,1,1,1,1,1,1,1,1,1,1,1,1,1,1,1,1,1,1,1,1,4),(0.0769251295056628,
0.089729458070379,0.107010202519751,0.125279202981818,0.144485676556023,
0.164585947114284,0.185541927786605,0.207320021720932,0.229890303618282,
0.25322589605712,0.277302484769885,0.302097935434016,0.327591986176286,
0.353765997578382,0.380602747055876,0.408086257970056,0.436201656274753,
0.464935049243602,0.4942734220884,0.524204549211598,0.554716917532587,0.585799659854517,
0.617442496641886,0.649635684891216,0.682369973021026,0.715636560899517,
0.749427064281274,0.783733483046726,0.818548172737015,0.853863818957268,
0.889673414287001,0.925970237390496,0.962747834064767,0.968596860837255),
 .UNSPECIFIED.);
#65=B_SPLINE_CURVE_WITH_KNOTS('',3,(#8934,#8935,#8936,#8937,#8938,#8939,
#8940,#8941,#8942,#8943,#8944,#8945,#8946,#8947,#8948,#8949,#8950,#8951,
#8952,#8953,#8954,#8955,#8956,#8957,#8958,#8959,#8960,#8961,#8962,#8963,
#8964,#8965,#8966,#8967,#8968,#8969),.UNSPECIFIED.,.F.,.F.,(4,1,1,1,1,1,
1,1,1,1,1,1,1,1,1,1,1,1,1,1,1,1,1,1,1,1,1,1,1,1,1,1,1,4),(0.0769251295056628,
0.089729458070379,0.107010202519751,0.125279202981818,0.144485676556023,
0.164585947114284,0.185541927786605,0.207320021720932,0.229890303618282,
0.25322589605712,0.277302484769885,0.302097935434016,0.327591986176286,
0.353765997578382,0.380602747055876,0.408086257970056,0.436201656274753,
0.464935049243602,0.4942734220884,0.524204549211598,0.554716917532587,0.585799659854517,
0.617442496641886,0.649635684891216,0.682369973021026,0.715636560899517,
0.749427064281274,0.783733483046726,0.818548172737015,0.853863818957268,
0.889673414287001,0.925970237390496,0.962747834064767,0.968596860837255),
 .UNSPECIFIED.);
#66=B_SPLINE_CURVE_WITH_KNOTS('',3,(#8977,#8978,#8979,#8980,#8981,#8982,
#8983,#8984,#8985,#8986,#8987,#8988,#8989,#8990,#8991,#8992,#8993,#8994,
#8995,#8996,#8997,#8998,#8999,#9000,#9001,#9002,#9003,#9004,#9005,#9006,
#9007,#9008,#9009,#9010,#9011,#9012),.UNSPECIFIED.,.F.,.F.,(4,1,1,1,1,1,
1,1,1,1,1,1,1,1,1,1,1,1,1,1,1,1,1,1,1,1,1,1,1,1,1,1,1,4),(0.0769251295056628,
0.089729458070379,0.107010202519751,0.125279202981818,0.144485676556023,
0.164585947114284,0.185541927786605,0.207320021720932,0.229890303618282,
0.25322589605712,0.277302484769885,0.302097935434016,0.327591986176286,
0.353765997578382,0.380602747055876,0.408086257970056,0.436201656274753,
0.464935049243602,0.4942734220884,0.524204549211598,0.554716917532587,0.585799659854517,
0.617442496641886,0.649635684891216,0.682369973021026,0.715636560899517,
0.749427064281274,0.783733483046726,0.818548172737015,0.853863818957268,
0.889673414287001,0.925970237390496,0.962747834064767,0.968596860837255),
 .UNSPECIFIED.);
#67=B_SPLINE_CURVE_WITH_KNOTS('',3,(#9013,#9014,#9015,#9016,#9017,#9018,
#9019,#9020,#9021,#9022,#9023,#9024,#9025,#9026,#9027,#9028,#9029,#9030,
#9031,#9032,#9033,#9034,#9035,#9036,#9037,#9038,#9039,#9040,#9041,#9042,
#9043,#9044,#9045,#9046,#9047,#9048),.UNSPECIFIED.,.F.,.F.,(4,1,1,1,1,1,
1,1,1,1,1,1,1,1,1,1,1,1,1,1,1,1,1,1,1,1,1,1,1,1,1,1,1,4),(0.0769251295056628,
0.089729458070379,0.107010202519751,0.125279202981818,0.144485676556023,
0.164585947114284,0.185541927786605,0.207320021720932,0.229890303618282,
0.25322589605712,0.277302484769885,0.302097935434016,0.327591986176286,
0.353765997578382,0.380602747055876,0.408086257970056,0.436201656274753,
0.464935049243602,0.4942734220884,0.524204549211598,0.554716917532587,0.585799659854517,
0.617442496641886,0.649635684891216,0.682369973021026,0.715636560899517,
0.749427064281274,0.783733483046726,0.818548172737015,0.853863818957268,
0.889673414287001,0.925970237390496,0.962747834064767,0.968596860837255),
 .UNSPECIFIED.);
#68=B_SPLINE_CURVE_WITH_KNOTS('',3,(#9056,#9057,#9058,#9059,#9060,#9061,
#9062,#9063,#9064,#9065,#9066,#9067,#9068,#9069,#9070,#9071,#9072,#9073,
#9074,#9075,#9076,#9077,#9078,#9079,#9080,#9081,#9082,#9083,#9084,#9085,
#9086,#9087,#9088,#9089,#9090,#9091),.UNSPECIFIED.,.F.,.F.,(4,1,1,1,1,1,
1,1,1,1,1,1,1,1,1,1,1,1,1,1,1,1,1,1,1,1,1,1,1,1,1,1,1,4),(0.0769251295056628,
0.089729458070379,0.107010202519751,0.125279202981818,0.144485676556023,
0.164585947114284,0.185541927786605,0.207320021720932,0.229890303618282,
0.25322589605712,0.277302484769885,0.302097935434016,0.327591986176286,
0.353765997578382,0.380602747055876,0.408086257970056,0.436201656274753,
0.464935049243602,0.4942734220884,0.524204549211598,0.554716917532587,0.585799659854517,
0.617442496641886,0.649635684891216,0.682369973021026,0.715636560899517,
0.749427064281274,0.783733483046726,0.818548172737015,0.853863818957268,
0.889673414287001,0.925970237390496,0.962747834064767,0.968596860837255),
 .UNSPECIFIED.);
#69=B_SPLINE_CURVE_WITH_KNOTS('',3,(#9092,#9093,#9094,#9095,#9096,#9097,
#9098,#9099,#9100,#9101,#9102,#9103,#9104,#9105,#9106,#9107,#9108,#9109,
#9110,#9111,#9112,#9113,#9114,#9115,#9116,#9117,#9118,#9119,#9120,#9121,
#9122,#9123,#9124,#9125,#9126,#9127),.UNSPECIFIED.,.F.,.F.,(4,1,1,1,1,1,
1,1,1,1,1,1,1,1,1,1,1,1,1,1,1,1,1,1,1,1,1,1,1,1,1,1,1,4),(0.0769251295056628,
0.089729458070379,0.107010202519751,0.125279202981818,0.144485676556023,
0.164585947114284,0.185541927786605,0.207320021720932,0.229890303618282,
0.25322589605712,0.277302484769885,0.302097935434016,0.327591986176286,
0.353765997578382,0.380602747055876,0.408086257970056,0.436201656274753,
0.464935049243602,0.4942734220884,0.524204549211598,0.554716917532587,0.585799659854517,
0.617442496641886,0.649635684891216,0.682369973021026,0.715636560899517,
0.749427064281274,0.783733483046726,0.818548172737015,0.853863818957268,
0.889673414287001,0.925970237390496,0.962747834064767,0.968596860837255),
 .UNSPECIFIED.);
#70=B_SPLINE_CURVE_WITH_KNOTS('',3,(#9135,#9136,#9137,#9138,#9139,#9140,
#9141,#9142,#9143,#9144,#9145,#9146,#9147,#9148,#9149,#9150,#9151,#9152,
#9153,#9154,#9155,#9156,#9157,#9158,#9159,#9160,#9161,#9162,#9163,#9164,
#9165,#9166,#9167,#9168,#9169,#9170),.UNSPECIFIED.,.F.,.F.,(4,1,1,1,1,1,
1,1,1,1,1,1,1,1,1,1,1,1,1,1,1,1,1,1,1,1,1,1,1,1,1,1,1,4),(0.0769251295056628,
0.089729458070379,0.107010202519751,0.125279202981818,0.144485676556023,
0.164585947114284,0.185541927786605,0.207320021720932,0.229890303618282,
0.25322589605712,0.277302484769885,0.302097935434016,0.327591986176286,
0.353765997578382,0.380602747055876,0.408086257970056,0.436201656274753,
0.464935049243602,0.4942734220884,0.524204549211598,0.554716917532587,0.585799659854517,
0.617442496641886,0.649635684891216,0.682369973021026,0.715636560899517,
0.749427064281274,0.783733483046726,0.818548172737015,0.853863818957268,
0.889673414287001,0.925970237390496,0.962747834064767,0.968596860837255),
 .UNSPECIFIED.);
#71=B_SPLINE_CURVE_WITH_KNOTS('',3,(#9171,#9172,#9173,#9174,#9175,#9176,
#9177,#9178,#9179,#9180,#9181,#9182,#9183,#9184,#9185,#9186,#9187,#9188,
#9189,#9190,#9191,#9192,#9193,#9194,#9195,#9196,#9197,#9198,#9199,#9200,
#9201,#9202,#9203,#9204,#9205,#9206),.UNSPECIFIED.,.F.,.F.,(4,1,1,1,1,1,
1,1,1,1,1,1,1,1,1,1,1,1,1,1,1,1,1,1,1,1,1,1,1,1,1,1,1,4),(0.0769251295056628,
0.089729458070379,0.107010202519751,0.125279202981818,0.144485676556023,
0.164585947114284,0.185541927786605,0.207320021720932,0.229890303618282,
0.25322589605712,0.277302484769885,0.302097935434016,0.327591986176286,
0.353765997578382,0.380602747055876,0.408086257970056,0.436201656274753,
0.464935049243602,0.4942734220884,0.524204549211598,0.554716917532587,0.585799659854517,
0.617442496641886,0.649635684891216,0.682369973021026,0.715636560899517,
0.749427064281274,0.783733483046726,0.818548172737015,0.853863818957268,
0.889673414287001,0.925970237390496,0.962747834064767,0.968596860837255),
 .UNSPECIFIED.);
#72=B_SPLINE_CURVE_WITH_KNOTS('',3,(#9214,#9215,#9216,#9217,#9218,#9219,
#9220,#9221,#9222,#9223,#9224,#9225,#9226,#9227,#9228,#9229,#9230,#9231,
#9232,#9233,#9234,#9235,#9236,#9237,#9238,#9239,#9240,#9241,#9242,#9243,
#9244,#9245,#9246,#9247,#9248,#9249),.UNSPECIFIED.,.F.,.F.,(4,1,1,1,1,1,
1,1,1,1,1,1,1,1,1,1,1,1,1,1,1,1,1,1,1,1,1,1,1,1,1,1,1,4),(0.0769251295056628,
0.089729458070379,0.107010202519751,0.125279202981818,0.144485676556023,
0.164585947114284,0.185541927786605,0.207320021720932,0.229890303618282,
0.25322589605712,0.277302484769885,0.302097935434016,0.327591986176286,
0.353765997578382,0.380602747055876,0.408086257970056,0.436201656274753,
0.464935049243602,0.4942734220884,0.524204549211598,0.554716917532587,0.585799659854517,
0.617442496641886,0.649635684891216,0.682369973021026,0.715636560899517,
0.749427064281274,0.783733483046726,0.818548172737015,0.853863818957268,
0.889673414287001,0.925970237390496,0.962747834064767,0.968596860837255),
 .UNSPECIFIED.);
#73=B_SPLINE_CURVE_WITH_KNOTS('',3,(#9250,#9251,#9252,#9253,#9254,#9255,
#9256,#9257,#9258,#9259,#9260,#9261,#9262,#9263,#9264,#9265,#9266,#9267,
#9268,#9269,#9270,#9271,#9272,#9273,#9274,#9275,#9276,#9277,#9278,#9279,
#9280,#9281,#9282,#9283,#9284,#9285),.UNSPECIFIED.,.F.,.F.,(4,1,1,1,1,1,
1,1,1,1,1,1,1,1,1,1,1,1,1,1,1,1,1,1,1,1,1,1,1,1,1,1,1,4),(0.0769251295056628,
0.089729458070379,0.107010202519751,0.125279202981818,0.144485676556023,
0.164585947114284,0.185541927786605,0.207320021720932,0.229890303618282,
0.25322589605712,0.277302484769885,0.302097935434016,0.327591986176286,
0.353765997578382,0.380602747055876,0.408086257970056,0.436201656274753,
0.464935049243602,0.4942734220884,0.524204549211598,0.554716917532587,0.585799659854517,
0.617442496641886,0.649635684891216,0.682369973021026,0.715636560899517,
0.749427064281274,0.783733483046726,0.818548172737015,0.853863818957268,
0.889673414287001,0.925970237390496,0.962747834064767,0.968596860837255),
 .UNSPECIFIED.);
#74=B_SPLINE_CURVE_WITH_KNOTS('',3,(#9293,#9294,#9295,#9296,#9297,#9298,
#9299,#9300,#9301,#9302,#9303,#9304,#9305,#9306,#9307,#9308,#9309,#9310,
#9311,#9312,#9313,#9314,#9315,#9316,#9317,#9318,#9319,#9320,#9321,#9322,
#9323,#9324,#9325,#9326,#9327,#9328),.UNSPECIFIED.,.F.,.F.,(4,1,1,1,1,1,
1,1,1,1,1,1,1,1,1,1,1,1,1,1,1,1,1,1,1,1,1,1,1,1,1,1,1,4),(0.0769251295056628,
0.089729458070379,0.107010202519751,0.125279202981818,0.144485676556023,
0.164585947114284,0.185541927786605,0.207320021720932,0.229890303618282,
0.25322589605712,0.277302484769885,0.302097935434016,0.327591986176286,
0.353765997578382,0.380602747055876,0.408086257970056,0.436201656274753,
0.464935049243602,0.4942734220884,0.524204549211598,0.554716917532587,0.585799659854517,
0.617442496641886,0.649635684891216,0.682369973021026,0.715636560899517,
0.749427064281274,0.783733483046726,0.818548172737015,0.853863818957268,
0.889673414287001,0.925970237390496,0.962747834064767,0.968596860837255),
 .UNSPECIFIED.);
#75=B_SPLINE_CURVE_WITH_KNOTS('',3,(#9332,#9333,#9334,#9335,#9336,#9337,
#9338,#9339,#9340,#9341,#9342,#9343,#9344,#9345,#9346,#9347,#9348,#9349,
#9350,#9351,#9352,#9353,#9354,#9355,#9356,#9357,#9358,#9359,#9360,#9361,
#9362,#9363,#9364,#9365,#9366,#9367),.UNSPECIFIED.,.F.,.F.,(4,1,1,1,1,1,
1,1,1,1,1,1,1,1,1,1,1,1,1,1,1,1,1,1,1,1,1,1,1,1,1,1,1,4),(0.0769251295056628,
0.089729458070379,0.107010202519751,0.125279202981818,0.144485676556023,
0.164585947114284,0.185541927786605,0.207320021720932,0.229890303618282,
0.25322589605712,0.277302484769885,0.302097935434016,0.327591986176286,
0.353765997578382,0.380602747055876,0.408086257970056,0.436201656274753,
0.464935049243602,0.4942734220884,0.524204549211598,0.554716917532587,0.585799659854517,
0.617442496641886,0.649635684891216,0.682369973021026,0.715636560899517,
0.749427064281274,0.783733483046726,0.818548172737015,0.853863818957268,
0.889673414287001,0.925970237390496,0.962747834064767,0.968596860837255),
 .UNSPECIFIED.);
#76=B_SPLINE_CURVE_WITH_KNOTS('',3,(#9375,#9376,#9377,#9378,#9379,#9380,
#9381,#9382,#9383,#9384,#9385,#9386,#9387,#9388,#9389,#9390,#9391,#9392,
#9393,#9394,#9395,#9396,#9397,#9398,#9399,#9400,#9401,#9402,#9403,#9404,
#9405,#9406,#9407,#9408,#9409,#9410),.UNSPECIFIED.,.F.,.F.,(4,1,1,1,1,1,
1,1,1,1,1,1,1,1,1,1,1,1,1,1,1,1,1,1,1,1,1,1,1,1,1,1,1,4),(0.0769251295056628,
0.089729458070379,0.107010202519751,0.125279202981818,0.144485676556023,
0.164585947114284,0.185541927786605,0.207320021720932,0.229890303618282,
0.25322589605712,0.277302484769885,0.302097935434016,0.327591986176286,
0.353765997578382,0.380602747055876,0.408086257970056,0.436201656274753,
0.464935049243602,0.4942734220884,0.524204549211598,0.554716917532587,0.585799659854517,
0.617442496641886,0.649635684891216,0.682369973021026,0.715636560899517,
0.749427064281274,0.783733483046726,0.818548172737015,0.853863818957268,
0.889673414287001,0.925970237390496,0.962747834064767,0.968596860837255),
 .UNSPECIFIED.);
#77=B_SPLINE_CURVE_WITH_KNOTS('',3,(#9411,#9412,#9413,#9414,#9415,#9416,
#9417,#9418,#9419,#9420,#9421,#9422,#9423,#9424,#9425,#9426,#9427,#9428,
#9429,#9430,#9431,#9432,#9433,#9434,#9435,#9436,#9437,#9438,#9439,#9440,
#9441,#9442,#9443,#9444,#9445,#9446),.UNSPECIFIED.,.F.,.F.,(4,1,1,1,1,1,
1,1,1,1,1,1,1,1,1,1,1,1,1,1,1,1,1,1,1,1,1,1,1,1,1,1,1,4),(0.0769251295056628,
0.089729458070379,0.107010202519751,0.125279202981818,0.144485676556023,
0.164585947114284,0.185541927786605,0.207320021720932,0.229890303618282,
0.25322589605712,0.277302484769885,0.302097935434016,0.327591986176286,
0.353765997578382,0.380602747055876,0.408086257970056,0.436201656274753,
0.464935049243602,0.4942734220884,0.524204549211598,0.554716917532587,0.585799659854517,
0.617442496641886,0.649635684891216,0.682369973021026,0.715636560899517,
0.749427064281274,0.783733483046726,0.818548172737015,0.853863818957268,
0.889673414287001,0.925970237390496,0.962747834064767,0.968596860837255),
 .UNSPECIFIED.);
#78=B_SPLINE_CURVE_WITH_KNOTS('',3,(#9454,#9455,#9456,#9457,#9458,#9459,
#9460,#9461,#9462,#9463,#9464,#9465,#9466,#9467,#9468,#9469,#9470,#9471,
#9472,#9473,#9474,#9475,#9476,#9477,#9478,#9479,#9480,#9481,#9482,#9483,
#9484,#9485,#9486,#9487,#9488,#9489),.UNSPECIFIED.,.F.,.F.,(4,1,1,1,1,1,
1,1,1,1,1,1,1,1,1,1,1,1,1,1,1,1,1,1,1,1,1,1,1,1,1,1,1,4),(0.0769251295056628,
0.089729458070379,0.107010202519751,0.125279202981818,0.144485676556023,
0.164585947114284,0.185541927786605,0.207320021720932,0.229890303618282,
0.25322589605712,0.277302484769885,0.302097935434016,0.327591986176286,
0.353765997578382,0.380602747055876,0.408086257970056,0.436201656274753,
0.464935049243602,0.4942734220884,0.524204549211598,0.554716917532587,0.585799659854517,
0.617442496641886,0.649635684891216,0.682369973021026,0.715636560899517,
0.749427064281274,0.783733483046726,0.818548172737015,0.853863818957268,
0.889673414287001,0.925970237390496,0.962747834064767,0.968596860837255),
 .UNSPECIFIED.);
#79=B_SPLINE_CURVE_WITH_KNOTS('',3,(#9490,#9491,#9492,#9493,#9494,#9495,
#9496,#9497,#9498,#9499,#9500,#9501,#9502,#9503,#9504,#9505,#9506,#9507,
#9508,#9509,#9510,#9511,#9512,#9513,#9514,#9515,#9516,#9517,#9518,#9519,
#9520,#9521,#9522,#9523,#9524,#9525),.UNSPECIFIED.,.F.,.F.,(4,1,1,1,1,1,
1,1,1,1,1,1,1,1,1,1,1,1,1,1,1,1,1,1,1,1,1,1,1,1,1,1,1,4),(0.0769251295056628,
0.089729458070379,0.107010202519751,0.125279202981818,0.144485676556023,
0.164585947114284,0.185541927786605,0.207320021720932,0.229890303618282,
0.25322589605712,0.277302484769885,0.302097935434016,0.327591986176286,
0.353765997578382,0.380602747055876,0.408086257970056,0.436201656274753,
0.464935049243602,0.4942734220884,0.524204549211598,0.554716917532587,0.585799659854517,
0.617442496641886,0.649635684891216,0.682369973021026,0.715636560899517,
0.749427064281274,0.783733483046726,0.818548172737015,0.853863818957268,
0.889673414287001,0.925970237390496,0.962747834064767,0.968596860837255),
 .UNSPECIFIED.);
#80=B_SPLINE_CURVE_WITH_KNOTS('',3,(#9533,#9534,#9535,#9536,#9537,#9538,
#9539,#9540,#9541,#9542,#9543,#9544,#9545,#9546,#9547,#9548,#9549,#9550,
#9551,#9552,#9553,#9554,#9555,#9556,#9557,#9558,#9559,#9560,#9561,#9562,
#9563,#9564,#9565,#9566,#9567,#9568),.UNSPECIFIED.,.F.,.F.,(4,1,1,1,1,1,
1,1,1,1,1,1,1,1,1,1,1,1,1,1,1,1,1,1,1,1,1,1,1,1,1,1,1,4),(0.0769251295056628,
0.089729458070379,0.107010202519751,0.125279202981818,0.144485676556023,
0.164585947114284,0.185541927786605,0.207320021720932,0.229890303618282,
0.25322589605712,0.277302484769885,0.302097935434016,0.327591986176286,
0.353765997578382,0.380602747055876,0.408086257970056,0.436201656274753,
0.464935049243602,0.4942734220884,0.524204549211598,0.554716917532587,0.585799659854517,
0.617442496641886,0.649635684891216,0.682369973021026,0.715636560899517,
0.749427064281274,0.783733483046726,0.818548172737015,0.853863818957268,
0.889673414287001,0.925970237390496,0.962747834064767,0.968596860837255),
 .UNSPECIFIED.);
#81=B_SPLINE_CURVE_WITH_KNOTS('',3,(#9569,#9570,#9571,#9572,#9573,#9574,
#9575,#9576,#9577,#9578,#9579,#9580,#9581,#9582,#9583,#9584,#9585,#9586,
#9587,#9588,#9589,#9590,#9591,#9592,#9593,#9594,#9595,#9596,#9597,#9598,
#9599,#9600,#9601,#9602,#9603,#9604),.UNSPECIFIED.,.F.,.F.,(4,1,1,1,1,1,
1,1,1,1,1,1,1,1,1,1,1,1,1,1,1,1,1,1,1,1,1,1,1,1,1,1,1,4),(0.0769251295056628,
0.089729458070379,0.107010202519751,0.125279202981818,0.144485676556023,
0.164585947114284,0.185541927786605,0.207320021720932,0.229890303618282,
0.25322589605712,0.277302484769885,0.302097935434016,0.327591986176286,
0.353765997578382,0.380602747055876,0.408086257970056,0.436201656274753,
0.464935049243602,0.4942734220884,0.524204549211598,0.554716917532587,0.585799659854517,
0.617442496641886,0.649635684891216,0.682369973021026,0.715636560899517,
0.749427064281274,0.783733483046726,0.818548172737015,0.853863818957268,
0.889673414287001,0.925970237390496,0.962747834064767,0.968596860837255),
 .UNSPECIFIED.);
#82=B_SPLINE_CURVE_WITH_KNOTS('',3,(#9612,#9613,#9614,#9615,#9616,#9617,
#9618,#9619,#9620,#9621,#9622,#9623,#9624,#9625,#9626,#9627,#9628,#9629,
#9630,#9631,#9632,#9633,#9634,#9635,#9636,#9637,#9638,#9639,#9640,#9641,
#9642,#9643,#9644,#9645,#9646,#9647),.UNSPECIFIED.,.F.,.F.,(4,1,1,1,1,1,
1,1,1,1,1,1,1,1,1,1,1,1,1,1,1,1,1,1,1,1,1,1,1,1,1,1,1,4),(0.0769251295056628,
0.089729458070379,0.107010202519751,0.125279202981818,0.144485676556023,
0.164585947114284,0.185541927786605,0.207320021720932,0.229890303618282,
0.25322589605712,0.277302484769885,0.302097935434016,0.327591986176286,
0.353765997578382,0.380602747055876,0.408086257970056,0.436201656274753,
0.464935049243602,0.4942734220884,0.524204549211598,0.554716917532587,0.585799659854517,
0.617442496641886,0.649635684891216,0.682369973021026,0.715636560899517,
0.749427064281274,0.783733483046726,0.818548172737015,0.853863818957268,
0.889673414287001,0.925970237390496,0.962747834064767,0.968596860837255),
 .UNSPECIFIED.);
#83=B_SPLINE_CURVE_WITH_KNOTS('',3,(#9648,#9649,#9650,#9651,#9652,#9653,
#9654,#9655,#9656,#9657,#9658,#9659,#9660,#9661,#9662,#9663,#9664,#9665,
#9666,#9667,#9668,#9669,#9670,#9671,#9672,#9673,#9674,#9675,#9676,#9677,
#9678,#9679,#9680,#9681,#9682,#9683),.UNSPECIFIED.,.F.,.F.,(4,1,1,1,1,1,
1,1,1,1,1,1,1,1,1,1,1,1,1,1,1,1,1,1,1,1,1,1,1,1,1,1,1,4),(0.0769251295056628,
0.089729458070379,0.107010202519751,0.125279202981818,0.144485676556023,
0.164585947114284,0.185541927786605,0.207320021720932,0.229890303618282,
0.25322589605712,0.277302484769885,0.302097935434016,0.327591986176286,
0.353765997578382,0.380602747055876,0.408086257970056,0.436201656274753,
0.464935049243602,0.4942734220884,0.524204549211598,0.554716917532587,0.585799659854517,
0.617442496641886,0.649635684891216,0.682369973021026,0.715636560899517,
0.749427064281274,0.783733483046726,0.818548172737015,0.853863818957268,
0.889673414287001,0.925970237390496,0.962747834064767,0.968596860837255),
 .UNSPECIFIED.);
#84=B_SPLINE_CURVE_WITH_KNOTS('',3,(#9691,#9692,#9693,#9694,#9695,#9696,
#9697,#9698,#9699,#9700,#9701,#9702,#9703,#9704,#9705,#9706,#9707,#9708,
#9709,#9710,#9711,#9712,#9713,#9714,#9715,#9716,#9717,#9718,#9719,#9720,
#9721,#9722,#9723,#9724,#9725,#9726),.UNSPECIFIED.,.F.,.F.,(4,1,1,1,1,1,
1,1,1,1,1,1,1,1,1,1,1,1,1,1,1,1,1,1,1,1,1,1,1,1,1,1,1,4),(0.0769251295056628,
0.089729458070379,0.107010202519751,0.125279202981818,0.144485676556023,
0.164585947114284,0.185541927786605,0.207320021720932,0.229890303618282,
0.25322589605712,0.277302484769885,0.302097935434016,0.327591986176286,
0.353765997578382,0.380602747055876,0.408086257970056,0.436201656274753,
0.464935049243602,0.4942734220884,0.524204549211598,0.554716917532587,0.585799659854517,
0.617442496641886,0.649635684891216,0.682369973021026,0.715636560899517,
0.749427064281274,0.783733483046726,0.818548172737015,0.853863818957268,
0.889673414287001,0.925970237390496,0.962747834064767,0.968596860837255),
 .UNSPECIFIED.);
#85=B_SPLINE_CURVE_WITH_KNOTS('',3,(#9727,#9728,#9729,#9730,#9731,#9732,
#9733,#9734,#9735,#9736,#9737,#9738,#9739,#9740,#9741,#9742,#9743,#9744,
#9745,#9746,#9747,#9748,#9749,#9750,#9751,#9752,#9753,#9754,#9755,#9756,
#9757,#9758,#9759,#9760,#9761,#9762),.UNSPECIFIED.,.F.,.F.,(4,1,1,1,1,1,
1,1,1,1,1,1,1,1,1,1,1,1,1,1,1,1,1,1,1,1,1,1,1,1,1,1,1,4),(0.0769251295056628,
0.089729458070379,0.107010202519751,0.125279202981818,0.144485676556023,
0.164585947114284,0.185541927786605,0.207320021720932,0.229890303618282,
0.25322589605712,0.277302484769885,0.302097935434016,0.327591986176286,
0.353765997578382,0.380602747055876,0.408086257970056,0.436201656274753,
0.464935049243602,0.4942734220884,0.524204549211598,0.554716917532587,0.585799659854517,
0.617442496641886,0.649635684891216,0.682369973021026,0.715636560899517,
0.749427064281274,0.783733483046726,0.818548172737015,0.853863818957268,
0.889673414287001,0.925970237390496,0.962747834064767,0.968596860837255),
 .UNSPECIFIED.);
#86=B_SPLINE_CURVE_WITH_KNOTS('',3,(#9770,#9771,#9772,#9773,#9774,#9775,
#9776,#9777,#9778,#9779,#9780,#9781,#9782,#9783,#9784,#9785,#9786,#9787,
#9788,#9789,#9790,#9791,#9792,#9793,#9794,#9795,#9796,#9797,#9798,#9799,
#9800,#9801,#9802,#9803,#9804,#9805),.UNSPECIFIED.,.F.,.F.,(4,1,1,1,1,1,
1,1,1,1,1,1,1,1,1,1,1,1,1,1,1,1,1,1,1,1,1,1,1,1,1,1,1,4),(0.0769251295056628,
0.089729458070379,0.107010202519751,0.125279202981818,0.144485676556023,
0.164585947114284,0.185541927786605,0.207320021720932,0.229890303618282,
0.25322589605712,0.277302484769885,0.302097935434016,0.327591986176286,
0.353765997578382,0.380602747055876,0.408086257970056,0.436201656274753,
0.464935049243602,0.4942734220884,0.524204549211598,0.554716917532587,0.585799659854517,
0.617442496641886,0.649635684891216,0.682369973021026,0.715636560899517,
0.749427064281274,0.783733483046726,0.818548172737015,0.853863818957268,
0.889673414287001,0.925970237390496,0.962747834064767,0.968596860837255),
 .UNSPECIFIED.);
#87=B_SPLINE_CURVE_WITH_KNOTS('',3,(#9806,#9807,#9808,#9809,#9810,#9811,
#9812,#9813,#9814,#9815,#9816,#9817,#9818,#9819,#9820,#9821,#9822,#9823,
#9824,#9825,#9826,#9827,#9828,#9829,#9830,#9831,#9832,#9833,#9834,#9835,
#9836,#9837,#9838,#9839,#9840,#9841),.UNSPECIFIED.,.F.,.F.,(4,1,1,1,1,1,
1,1,1,1,1,1,1,1,1,1,1,1,1,1,1,1,1,1,1,1,1,1,1,1,1,1,1,4),(0.0769251295056628,
0.089729458070379,0.107010202519751,0.125279202981818,0.144485676556023,
0.164585947114284,0.185541927786605,0.207320021720932,0.229890303618282,
0.25322589605712,0.277302484769885,0.302097935434016,0.327591986176286,
0.353765997578382,0.380602747055876,0.408086257970056,0.436201656274753,
0.464935049243602,0.4942734220884,0.524204549211598,0.554716917532587,0.585799659854517,
0.617442496641886,0.649635684891216,0.682369973021026,0.715636560899517,
0.749427064281274,0.783733483046726,0.818548172737015,0.853863818957268,
0.889673414287001,0.925970237390496,0.962747834064767,0.968596860837255),
 .UNSPECIFIED.);
#88=B_SPLINE_CURVE_WITH_KNOTS('',3,(#9849,#9850,#9851,#9852,#9853,#9854,
#9855,#9856,#9857,#9858,#9859,#9860,#9861,#9862,#9863,#9864,#9865,#9866,
#9867,#9868,#9869,#9870,#9871,#9872,#9873,#9874,#9875,#9876,#9877,#9878,
#9879,#9880,#9881,#9882,#9883,#9884),.UNSPECIFIED.,.F.,.F.,(4,1,1,1,1,1,
1,1,1,1,1,1,1,1,1,1,1,1,1,1,1,1,1,1,1,1,1,1,1,1,1,1,1,4),(0.0769251295056628,
0.089729458070379,0.107010202519751,0.125279202981818,0.144485676556023,
0.164585947114284,0.185541927786605,0.207320021720932,0.229890303618282,
0.25322589605712,0.277302484769885,0.302097935434016,0.327591986176286,
0.353765997578382,0.380602747055876,0.408086257970056,0.436201656274753,
0.464935049243602,0.4942734220884,0.524204549211598,0.554716917532587,0.585799659854517,
0.617442496641886,0.649635684891216,0.682369973021026,0.715636560899517,
0.749427064281274,0.783733483046726,0.818548172737015,0.853863818957268,
0.889673414287001,0.925970237390496,0.962747834064767,0.968596860837255),
 .UNSPECIFIED.);
#89=B_SPLINE_CURVE_WITH_KNOTS('',3,(#9885,#9886,#9887,#9888,#9889,#9890,
#9891,#9892,#9893,#9894,#9895,#9896,#9897,#9898,#9899,#9900,#9901,#9902,
#9903,#9904,#9905,#9906,#9907,#9908,#9909,#9910,#9911,#9912,#9913,#9914,
#9915,#9916,#9917,#9918,#9919,#9920),.UNSPECIFIED.,.F.,.F.,(4,1,1,1,1,1,
1,1,1,1,1,1,1,1,1,1,1,1,1,1,1,1,1,1,1,1,1,1,1,1,1,1,1,4),(0.0769251295056628,
0.089729458070379,0.107010202519751,0.125279202981818,0.144485676556023,
0.164585947114284,0.185541927786605,0.207320021720932,0.229890303618282,
0.25322589605712,0.277302484769885,0.302097935434016,0.327591986176286,
0.353765997578382,0.380602747055876,0.408086257970056,0.436201656274753,
0.464935049243602,0.4942734220884,0.524204549211598,0.554716917532587,0.585799659854517,
0.617442496641886,0.649635684891216,0.682369973021026,0.715636560899517,
0.749427064281274,0.783733483046726,0.818548172737015,0.853863818957268,
0.889673414287001,0.925970237390496,0.962747834064767,0.968596860837255),
 .UNSPECIFIED.);
#90=B_SPLINE_CURVE_WITH_KNOTS('',3,(#9928,#9929,#9930,#9931,#9932,#9933,
#9934,#9935,#9936,#9937,#9938,#9939,#9940,#9941,#9942,#9943,#9944,#9945,
#9946,#9947,#9948,#9949,#9950,#9951,#9952,#9953,#9954,#9955,#9956,#9957,
#9958,#9959,#9960,#9961,#9962,#9963),.UNSPECIFIED.,.F.,.F.,(4,1,1,1,1,1,
1,1,1,1,1,1,1,1,1,1,1,1,1,1,1,1,1,1,1,1,1,1,1,1,1,1,1,4),(0.0769251295056628,
0.089729458070379,0.107010202519751,0.125279202981818,0.144485676556023,
0.164585947114284,0.185541927786605,0.207320021720932,0.229890303618282,
0.25322589605712,0.277302484769885,0.302097935434016,0.327591986176286,
0.353765997578382,0.380602747055876,0.408086257970056,0.436201656274753,
0.464935049243602,0.4942734220884,0.524204549211598,0.554716917532587,0.585799659854517,
0.617442496641886,0.649635684891216,0.682369973021026,0.715636560899517,
0.749427064281274,0.783733483046726,0.818548172737015,0.853863818957268,
0.889673414287001,0.925970237390496,0.962747834064767,0.968596860837255),
 .UNSPECIFIED.);
#91=B_SPLINE_CURVE_WITH_KNOTS('',3,(#9964,#9965,#9966,#9967,#9968,#9969,
#9970,#9971,#9972,#9973,#9974,#9975,#9976,#9977,#9978,#9979,#9980,#9981,
#9982,#9983,#9984,#9985,#9986,#9987,#9988,#9989,#9990,#9991,#9992,#9993,
#9994,#9995,#9996,#9997,#9998,#9999),.UNSPECIFIED.,.F.,.F.,(4,1,1,1,1,1,
1,1,1,1,1,1,1,1,1,1,1,1,1,1,1,1,1,1,1,1,1,1,1,1,1,1,1,4),(0.0769251295056628,
0.089729458070379,0.107010202519751,0.125279202981818,0.144485676556023,
0.164585947114284,0.185541927786605,0.207320021720932,0.229890303618282,
0.25322589605712,0.277302484769885,0.302097935434016,0.327591986176286,
0.353765997578382,0.380602747055876,0.408086257970056,0.436201656274753,
0.464935049243602,0.4942734220884,0.524204549211598,0.554716917532587,0.585799659854517,
0.617442496641886,0.649635684891216,0.682369973021026,0.715636560899517,
0.749427064281274,0.783733483046726,0.818548172737015,0.853863818957268,
0.889673414287001,0.925970237390496,0.962747834064767,0.968596860837255),
 .UNSPECIFIED.);
#92=B_SPLINE_CURVE_WITH_KNOTS('',3,(#10007,#10008,#10009,#10010,#10011,
#10012,#10013,#10014,#10015,#10016,#10017,#10018,#10019,#10020,#10021,#10022,
#10023,#10024,#10025,#10026,#10027,#10028,#10029,#10030,#10031,#10032,#10033,
#10034,#10035,#10036,#10037,#10038,#10039,#10040,#10041,#10042),
 .UNSPECIFIED.,.F.,.F.,(4,1,1,1,1,1,1,1,1,1,1,1,1,1,1,1,1,1,1,1,1,1,1,1,
1,1,1,1,1,1,1,1,1,4),(0.0769251295056628,0.089729458070379,0.107010202519751,
0.125279202981818,0.144485676556023,0.164585947114284,0.185541927786605,
0.207320021720932,0.229890303618282,0.25322589605712,0.277302484769885,
0.302097935434016,0.327591986176286,0.353765997578382,0.380602747055876,
0.408086257970056,0.436201656274753,0.464935049243602,0.4942734220884,0.524204549211598,
0.554716917532587,0.585799659854517,0.617442496641886,0.649635684891216,
0.682369973021026,0.715636560899517,0.749427064281274,0.783733483046726,
0.818548172737015,0.853863818957268,0.889673414287001,0.925970237390496,
0.962747834064767,0.968596860837255),.UNSPECIFIED.);
#93=B_SPLINE_CURVE_WITH_KNOTS('',3,(#10043,#10044,#10045,#10046,#10047,
#10048,#10049,#10050,#10051,#10052,#10053,#10054,#10055,#10056,#10057,#10058,
#10059,#10060,#10061,#10062,#10063,#10064,#10065,#10066,#10067,#10068,#10069,
#10070,#10071,#10072,#10073,#10074,#10075,#10076,#10077,#10078),
 .UNSPECIFIED.,.F.,.F.,(4,1,1,1,1,1,1,1,1,1,1,1,1,1,1,1,1,1,1,1,1,1,1,1,
1,1,1,1,1,1,1,1,1,4),(0.0769251295056628,0.089729458070379,0.107010202519751,
0.125279202981818,0.144485676556023,0.164585947114284,0.185541927786605,
0.207320021720932,0.229890303618282,0.25322589605712,0.277302484769885,
0.302097935434016,0.327591986176286,0.353765997578382,0.380602747055876,
0.408086257970056,0.436201656274753,0.464935049243602,0.4942734220884,0.524204549211598,
0.554716917532587,0.585799659854517,0.617442496641886,0.649635684891216,
0.682369973021026,0.715636560899517,0.749427064281274,0.783733483046726,
0.818548172737015,0.853863818957268,0.889673414287001,0.925970237390496,
0.962747834064767,0.968596860837255),.UNSPECIFIED.);
#94=B_SPLINE_CURVE_WITH_KNOTS('',3,(#10095,#10096,#10097,#10098,#10099,
#10100,#10101,#10102,#10103,#10104,#10105,#10106,#10107,#10108,#10109,#10110,
#10111,#10112,#10113,#10114,#10115,#10116,#10117,#10118,#10119,#10120,#10121,
#10122,#10123,#10124,#10125,#10126,#10127,#10128,#10129,#10130),
 .UNSPECIFIED.,.F.,.F.,(4,1,1,1,1,1,1,1,1,1,1,1,1,1,1,1,1,1,1,1,1,1,1,1,
1,1,1,1,1,1,1,1,1,4),(0.0769251295056628,0.089729458070379,0.107010202519751,
0.125279202981818,0.144485676556023,0.164585947114284,0.185541927786605,
0.207320021720932,0.229890303618282,0.25322589605712,0.277302484769885,
0.302097935434016,0.327591986176286,0.353765997578382,0.380602747055876,
0.408086257970056,0.436201656274753,0.464935049243602,0.4942734220884,0.524204549211598,
0.554716917532587,0.585799659854517,0.617442496641886,0.649635684891216,
0.682369973021026,0.715636560899517,0.749427064281274,0.783733483046726,
0.818548172737015,0.853863818957268,0.889673414287001,0.925970237390496,
0.962747834064767,0.968596860837255),.UNSPECIFIED.);
#95=B_SPLINE_CURVE_WITH_KNOTS('',3,(#10131,#10132,#10133,#10134,#10135,
#10136,#10137,#10138,#10139,#10140,#10141,#10142,#10143,#10144,#10145,#10146,
#10147,#10148,#10149,#10150,#10151,#10152,#10153,#10154,#10155,#10156,#10157,
#10158,#10159,#10160,#10161,#10162,#10163,#10164,#10165,#10166),
 .UNSPECIFIED.,.F.,.F.,(4,1,1,1,1,1,1,1,1,1,1,1,1,1,1,1,1,1,1,1,1,1,1,1,
1,1,1,1,1,1,1,1,1,4),(0.0769251295056628,0.089729458070379,0.107010202519751,
0.125279202981818,0.144485676556023,0.164585947114284,0.185541927786605,
0.207320021720932,0.229890303618282,0.25322589605712,0.277302484769885,
0.302097935434016,0.327591986176286,0.353765997578382,0.380602747055876,
0.408086257970056,0.436201656274753,0.464935049243602,0.4942734220884,0.524204549211598,
0.554716917532587,0.585799659854517,0.617442496641886,0.649635684891216,
0.682369973021026,0.715636560899517,0.749427064281274,0.783733483046726,
0.818548172737015,0.853863818957268,0.889673414287001,0.925970237390496,
0.962747834064767,0.968596860837255),.UNSPECIFIED.);
#96=B_SPLINE_CURVE_WITH_KNOTS('',3,(#10174,#10175,#10176,#10177,#10178,
#10179,#10180,#10181,#10182,#10183,#10184,#10185,#10186,#10187,#10188,#10189,
#10190,#10191,#10192,#10193,#10194,#10195,#10196,#10197,#10198,#10199,#10200,
#10201,#10202,#10203,#10204,#10205,#10206,#10207,#10208,#10209),
 .UNSPECIFIED.,.F.,.F.,(4,1,1,1,1,1,1,1,1,1,1,1,1,1,1,1,1,1,1,1,1,1,1,1,
1,1,1,1,1,1,1,1,1,4),(0.0769251295056628,0.089729458070379,0.107010202519751,
0.125279202981818,0.144485676556023,0.164585947114284,0.185541927786605,
0.207320021720932,0.229890303618282,0.25322589605712,0.277302484769885,
0.302097935434016,0.327591986176286,0.353765997578382,0.380602747055876,
0.408086257970056,0.436201656274753,0.464935049243602,0.4942734220884,0.524204549211598,
0.554716917532587,0.585799659854517,0.617442496641886,0.649635684891216,
0.682369973021026,0.715636560899517,0.749427064281274,0.783733483046726,
0.818548172737015,0.853863818957268,0.889673414287001,0.925970237390496,
0.962747834064767,0.968596860837255),.UNSPECIFIED.);
#97=B_SPLINE_CURVE_WITH_KNOTS('',3,(#10210,#10211,#10212,#10213,#10214,
#10215,#10216,#10217,#10218,#10219,#10220,#10221,#10222,#10223,#10224,#10225,
#10226,#10227,#10228,#10229,#10230,#10231,#10232,#10233,#10234,#10235,#10236,
#10237,#10238,#10239,#10240,#10241,#10242,#10243,#10244,#10245),
 .UNSPECIFIED.,.F.,.F.,(4,1,1,1,1,1,1,1,1,1,1,1,1,1,1,1,1,1,1,1,1,1,1,1,
1,1,1,1,1,1,1,1,1,4),(0.0769251295056628,0.089729458070379,0.107010202519751,
0.125279202981818,0.144485676556023,0.164585947114284,0.185541927786605,
0.207320021720932,0.229890303618282,0.25322589605712,0.277302484769885,
0.302097935434016,0.327591986176286,0.353765997578382,0.380602747055876,
0.408086257970056,0.436201656274753,0.464935049243602,0.4942734220884,0.524204549211598,
0.554716917532587,0.585799659854517,0.617442496641886,0.649635684891216,
0.682369973021026,0.715636560899517,0.749427064281274,0.783733483046726,
0.818548172737015,0.853863818957268,0.889673414287001,0.925970237390496,
0.962747834064767,0.968596860837255),.UNSPECIFIED.);
#98=B_SPLINE_CURVE_WITH_KNOTS('',3,(#10253,#10254,#10255,#10256,#10257,
#10258,#10259,#10260,#10261,#10262,#10263,#10264,#10265,#10266,#10267,#10268,
#10269,#10270,#10271,#10272,#10273,#10274,#10275,#10276,#10277,#10278,#10279,
#10280,#10281,#10282,#10283,#10284,#10285,#10286,#10287,#10288),
 .UNSPECIFIED.,.F.,.F.,(4,1,1,1,1,1,1,1,1,1,1,1,1,1,1,1,1,1,1,1,1,1,1,1,
1,1,1,1,1,1,1,1,1,4),(0.0769251295056628,0.089729458070379,0.107010202519751,
0.125279202981818,0.144485676556023,0.164585947114284,0.185541927786605,
0.207320021720932,0.229890303618282,0.25322589605712,0.277302484769885,
0.302097935434016,0.327591986176286,0.353765997578382,0.380602747055876,
0.408086257970056,0.436201656274753,0.464935049243602,0.4942734220884,0.524204549211598,
0.554716917532587,0.585799659854517,0.617442496641886,0.649635684891216,
0.682369973021026,0.715636560899517,0.749427064281274,0.783733483046726,
0.818548172737015,0.853863818957268,0.889673414287001,0.925970237390496,
0.962747834064767,0.968596860837255),.UNSPECIFIED.);
#99=B_SPLINE_CURVE_WITH_KNOTS('',3,(#10289,#10290,#10291,#10292,#10293,
#10294,#10295,#10296,#10297,#10298,#10299,#10300,#10301,#10302,#10303,#10304,
#10305,#10306,#10307,#10308,#10309,#10310,#10311,#10312,#10313,#10314,#10315,
#10316,#10317,#10318,#10319,#10320,#10321,#10322,#10323,#10324),
 .UNSPECIFIED.,.F.,.F.,(4,1,1,1,1,1,1,1,1,1,1,1,1,1,1,1,1,1,1,1,1,1,1,1,
1,1,1,1,1,1,1,1,1,4),(0.0769251295056628,0.089729458070379,0.107010202519751,
0.125279202981818,0.144485676556023,0.164585947114284,0.185541927786605,
0.207320021720932,0.229890303618282,0.25322589605712,0.277302484769885,
0.302097935434016,0.327591986176286,0.353765997578382,0.380602747055876,
0.408086257970056,0.436201656274753,0.464935049243602,0.4942734220884,0.524204549211598,
0.554716917532587,0.585799659854517,0.617442496641886,0.649635684891216,
0.682369973021026,0.715636560899517,0.749427064281274,0.783733483046726,
0.818548172737015,0.853863818957268,0.889673414287001,0.925970237390496,
0.962747834064767,0.968596860837255),.UNSPECIFIED.);
#100=B_SPLINE_CURVE_WITH_KNOTS('',3,(#10332,#10333,#10334,#10335,#10336,
#10337,#10338,#10339,#10340,#10341,#10342,#10343,#10344,#10345,#10346,#10347,
#10348,#10349,#10350,#10351,#10352,#10353,#10354,#10355,#10356,#10357,#10358,
#10359,#10360,#10361,#10362,#10363,#10364,#10365,#10366,#10367),
 .UNSPECIFIED.,.F.,.F.,(4,1,1,1,1,1,1,1,1,1,1,1,1,1,1,1,1,1,1,1,1,1,1,1,
1,1,1,1,1,1,1,1,1,4),(0.0769251295056628,0.089729458070379,0.107010202519751,
0.125279202981818,0.144485676556023,0.164585947114284,0.185541927786605,
0.207320021720932,0.229890303618282,0.25322589605712,0.277302484769885,
0.302097935434016,0.327591986176286,0.353765997578382,0.380602747055876,
0.408086257970056,0.436201656274753,0.464935049243602,0.4942734220884,0.524204549211598,
0.554716917532587,0.585799659854517,0.617442496641886,0.649635684891216,
0.682369973021026,0.715636560899517,0.749427064281274,0.783733483046726,
0.818548172737015,0.853863818957268,0.889673414287001,0.925970237390496,
0.962747834064767,0.968596860837255),.UNSPECIFIED.);
#101=B_SPLINE_CURVE_WITH_KNOTS('',3,(#10368,#10369,#10370,#10371,#10372,
#10373,#10374,#10375,#10376,#10377,#10378,#10379,#10380,#10381,#10382,#10383,
#10384,#10385,#10386,#10387,#10388,#10389,#10390,#10391,#10392,#10393,#10394,
#10395,#10396,#10397,#10398,#10399,#10400,#10401,#10402,#10403),
 .UNSPECIFIED.,.F.,.F.,(4,1,1,1,1,1,1,1,1,1,1,1,1,1,1,1,1,1,1,1,1,1,1,1,
1,1,1,1,1,1,1,1,1,4),(0.0769251295056628,0.089729458070379,0.107010202519751,
0.125279202981818,0.144485676556023,0.164585947114284,0.185541927786605,
0.207320021720932,0.229890303618282,0.25322589605712,0.277302484769885,
0.302097935434016,0.327591986176286,0.353765997578382,0.380602747055876,
0.408086257970056,0.436201656274753,0.464935049243602,0.4942734220884,0.524204549211598,
0.554716917532587,0.585799659854517,0.617442496641886,0.649635684891216,
0.682369973021026,0.715636560899517,0.749427064281274,0.783733483046726,
0.818548172737015,0.853863818957268,0.889673414287001,0.925970237390496,
0.962747834064767,0.968596860837255),.UNSPECIFIED.);
#102=B_SPLINE_CURVE_WITH_KNOTS('',3,(#10411,#10412,#10413,#10414,#10415,
#10416,#10417,#10418,#10419,#10420,#10421,#10422,#10423,#10424,#10425,#10426,
#10427,#10428,#10429,#10430,#10431,#10432,#10433,#10434,#10435,#10436,#10437,
#10438,#10439,#10440,#10441,#10442,#10443,#10444,#10445,#10446),
 .UNSPECIFIED.,.F.,.F.,(4,1,1,1,1,1,1,1,1,1,1,1,1,1,1,1,1,1,1,1,1,1,1,1,
1,1,1,1,1,1,1,1,1,4),(0.0769251295056628,0.089729458070379,0.107010202519751,
0.125279202981818,0.144485676556023,0.164585947114284,0.185541927786605,
0.207320021720932,0.229890303618282,0.25322589605712,0.277302484769885,
0.302097935434016,0.327591986176286,0.353765997578382,0.380602747055876,
0.408086257970056,0.436201656274753,0.464935049243602,0.4942734220884,0.524204549211598,
0.554716917532587,0.585799659854517,0.617442496641886,0.649635684891216,
0.682369973021026,0.715636560899517,0.749427064281274,0.783733483046726,
0.818548172737015,0.853863818957268,0.889673414287001,0.925970237390496,
0.962747834064767,0.968596860837255),.UNSPECIFIED.);
#103=B_SPLINE_CURVE_WITH_KNOTS('',3,(#10447,#10448,#10449,#10450,#10451,
#10452,#10453,#10454,#10455,#10456,#10457,#10458,#10459,#10460,#10461,#10462,
#10463,#10464,#10465,#10466,#10467,#10468,#10469,#10470,#10471,#10472,#10473,
#10474,#10475,#10476,#10477,#10478,#10479,#10480,#10481,#10482),
 .UNSPECIFIED.,.F.,.F.,(4,1,1,1,1,1,1,1,1,1,1,1,1,1,1,1,1,1,1,1,1,1,1,1,
1,1,1,1,1,1,1,1,1,4),(0.0769251295056628,0.089729458070379,0.107010202519751,
0.125279202981818,0.144485676556023,0.164585947114284,0.185541927786605,
0.207320021720932,0.229890303618282,0.25322589605712,0.277302484769885,
0.302097935434016,0.327591986176286,0.353765997578382,0.380602747055876,
0.408086257970056,0.436201656274753,0.464935049243602,0.4942734220884,0.524204549211598,
0.554716917532587,0.585799659854517,0.617442496641886,0.649635684891216,
0.682369973021026,0.715636560899517,0.749427064281274,0.783733483046726,
0.818548172737015,0.853863818957268,0.889673414287001,0.925970237390496,
0.962747834064767,0.968596860837255),.UNSPECIFIED.);
#104=B_SPLINE_CURVE_WITH_KNOTS('',3,(#10490,#10491,#10492,#10493,#10494,
#10495,#10496,#10497,#10498,#10499,#10500,#10501,#10502,#10503,#10504,#10505,
#10506,#10507,#10508,#10509,#10510,#10511,#10512,#10513,#10514,#10515,#10516,
#10517,#10518,#10519,#10520,#10521,#10522,#10523,#10524,#10525),
 .UNSPECIFIED.,.F.,.F.,(4,1,1,1,1,1,1,1,1,1,1,1,1,1,1,1,1,1,1,1,1,1,1,1,
1,1,1,1,1,1,1,1,1,4),(0.0769251295056628,0.089729458070379,0.107010202519751,
0.125279202981818,0.144485676556023,0.164585947114284,0.185541927786605,
0.207320021720932,0.229890303618282,0.25322589605712,0.277302484769885,
0.302097935434016,0.327591986176286,0.353765997578382,0.380602747055876,
0.408086257970056,0.436201656274753,0.464935049243602,0.4942734220884,0.524204549211598,
0.554716917532587,0.585799659854517,0.617442496641886,0.649635684891216,
0.682369973021026,0.715636560899517,0.749427064281274,0.783733483046726,
0.818548172737015,0.853863818957268,0.889673414287001,0.925970237390496,
0.962747834064767,0.968596860837255),.UNSPECIFIED.);
#105=B_SPLINE_CURVE_WITH_KNOTS('',3,(#10526,#10527,#10528,#10529,#10530,
#10531,#10532,#10533,#10534,#10535,#10536,#10537,#10538,#10539,#10540,#10541,
#10542,#10543,#10544,#10545,#10546,#10547,#10548,#10549,#10550,#10551,#10552,
#10553,#10554,#10555,#10556,#10557,#10558,#10559,#10560,#10561),
 .UNSPECIFIED.,.F.,.F.,(4,1,1,1,1,1,1,1,1,1,1,1,1,1,1,1,1,1,1,1,1,1,1,1,
1,1,1,1,1,1,1,1,1,4),(0.0769251295056628,0.089729458070379,0.107010202519751,
0.125279202981818,0.144485676556023,0.164585947114284,0.185541927786605,
0.207320021720932,0.229890303618282,0.25322589605712,0.277302484769885,
0.302097935434016,0.327591986176286,0.353765997578382,0.380602747055876,
0.408086257970056,0.436201656274753,0.464935049243602,0.4942734220884,0.524204549211598,
0.554716917532587,0.585799659854517,0.617442496641886,0.649635684891216,
0.682369973021026,0.715636560899517,0.749427064281274,0.783733483046726,
0.818548172737015,0.853863818957268,0.889673414287001,0.925970237390496,
0.962747834064767,0.968596860837255),.UNSPECIFIED.);
#106=B_SPLINE_CURVE_WITH_KNOTS('',3,(#10569,#10570,#10571,#10572,#10573,
#10574,#10575,#10576,#10577,#10578,#10579,#10580,#10581,#10582,#10583,#10584,
#10585,#10586,#10587,#10588,#10589,#10590,#10591,#10592,#10593,#10594,#10595,
#10596,#10597,#10598,#10599,#10600,#10601,#10602,#10603,#10604),
 .UNSPECIFIED.,.F.,.F.,(4,1,1,1,1,1,1,1,1,1,1,1,1,1,1,1,1,1,1,1,1,1,1,1,
1,1,1,1,1,1,1,1,1,4),(0.0769251295056628,0.089729458070379,0.107010202519751,
0.125279202981818,0.144485676556023,0.164585947114284,0.185541927786605,
0.207320021720932,0.229890303618282,0.25322589605712,0.277302484769885,
0.302097935434016,0.327591986176286,0.353765997578382,0.380602747055876,
0.408086257970056,0.436201656274753,0.464935049243602,0.4942734220884,0.524204549211598,
0.554716917532587,0.585799659854517,0.617442496641886,0.649635684891216,
0.682369973021026,0.715636560899517,0.749427064281274,0.783733483046726,
0.818548172737015,0.853863818957268,0.889673414287001,0.925970237390496,
0.962747834064767,0.968596860837255),.UNSPECIFIED.);
#107=B_SPLINE_CURVE_WITH_KNOTS('',3,(#10605,#10606,#10607,#10608,#10609,
#10610,#10611,#10612,#10613,#10614,#10615,#10616,#10617,#10618,#10619,#10620,
#10621,#10622,#10623,#10624,#10625,#10626,#10627,#10628,#10629,#10630,#10631,
#10632,#10633,#10634,#10635,#10636,#10637,#10638,#10639,#10640),
 .UNSPECIFIED.,.F.,.F.,(4,1,1,1,1,1,1,1,1,1,1,1,1,1,1,1,1,1,1,1,1,1,1,1,
1,1,1,1,1,1,1,1,1,4),(0.0769251295056628,0.089729458070379,0.107010202519751,
0.125279202981818,0.144485676556023,0.164585947114284,0.185541927786605,
0.207320021720932,0.229890303618282,0.25322589605712,0.277302484769885,
0.302097935434016,0.327591986176286,0.353765997578382,0.380602747055876,
0.408086257970056,0.436201656274753,0.464935049243602,0.4942734220884,0.524204549211598,
0.554716917532587,0.585799659854517,0.617442496641886,0.649635684891216,
0.682369973021026,0.715636560899517,0.749427064281274,0.783733483046726,
0.818548172737015,0.853863818957268,0.889673414287001,0.925970237390496,
0.962747834064767,0.968596860837255),.UNSPECIFIED.);
#108=B_SPLINE_CURVE_WITH_KNOTS('',3,(#10648,#10649,#10650,#10651,#10652,
#10653,#10654,#10655,#10656,#10657,#10658,#10659,#10660,#10661,#10662,#10663,
#10664,#10665,#10666,#10667,#10668,#10669,#10670,#10671,#10672,#10673,#10674,
#10675,#10676,#10677,#10678,#10679,#10680,#10681,#10682,#10683),
 .UNSPECIFIED.,.F.,.F.,(4,1,1,1,1,1,1,1,1,1,1,1,1,1,1,1,1,1,1,1,1,1,1,1,
1,1,1,1,1,1,1,1,1,4),(0.0769251295056628,0.089729458070379,0.107010202519751,
0.125279202981818,0.144485676556023,0.164585947114284,0.185541927786605,
0.207320021720932,0.229890303618282,0.25322589605712,0.277302484769885,
0.302097935434016,0.327591986176286,0.353765997578382,0.380602747055876,
0.408086257970056,0.436201656274753,0.464935049243602,0.4942734220884,0.524204549211598,
0.554716917532587,0.585799659854517,0.617442496641886,0.649635684891216,
0.682369973021026,0.715636560899517,0.749427064281274,0.783733483046726,
0.818548172737015,0.853863818957268,0.889673414287001,0.925970237390496,
0.962747834064767,0.968596860837255),.UNSPECIFIED.);
#109=B_SPLINE_CURVE_WITH_KNOTS('',3,(#10684,#10685,#10686,#10687,#10688,
#10689,#10690,#10691,#10692,#10693,#10694,#10695,#10696,#10697,#10698,#10699,
#10700,#10701,#10702,#10703,#10704,#10705,#10706,#10707,#10708,#10709,#10710,
#10711,#10712,#10713,#10714,#10715,#10716,#10717,#10718,#10719),
 .UNSPECIFIED.,.F.,.F.,(4,1,1,1,1,1,1,1,1,1,1,1,1,1,1,1,1,1,1,1,1,1,1,1,
1,1,1,1,1,1,1,1,1,4),(0.0769251295056628,0.089729458070379,0.107010202519751,
0.125279202981818,0.144485676556023,0.164585947114284,0.185541927786605,
0.207320021720932,0.229890303618282,0.25322589605712,0.277302484769885,
0.302097935434016,0.327591986176286,0.353765997578382,0.380602747055876,
0.408086257970056,0.436201656274753,0.464935049243602,0.4942734220884,0.524204549211598,
0.554716917532587,0.585799659854517,0.617442496641886,0.649635684891216,
0.682369973021026,0.715636560899517,0.749427064281274,0.783733483046726,
0.818548172737015,0.853863818957268,0.889673414287001,0.925970237390496,
0.962747834064767,0.968596860837255),.UNSPECIFIED.);
#110=B_SPLINE_CURVE_WITH_KNOTS('',3,(#10727,#10728,#10729,#10730,#10731,
#10732,#10733,#10734,#10735,#10736,#10737,#10738,#10739,#10740,#10741,#10742,
#10743,#10744,#10745,#10746,#10747,#10748,#10749,#10750,#10751,#10752,#10753,
#10754,#10755,#10756,#10757,#10758,#10759,#10760,#10761,#10762),
 .UNSPECIFIED.,.F.,.F.,(4,1,1,1,1,1,1,1,1,1,1,1,1,1,1,1,1,1,1,1,1,1,1,1,
1,1,1,1,1,1,1,1,1,4),(0.0769251295056628,0.089729458070379,0.107010202519751,
0.125279202981818,0.144485676556023,0.164585947114284,0.185541927786605,
0.207320021720932,0.229890303618282,0.25322589605712,0.277302484769885,
0.302097935434016,0.327591986176286,0.353765997578382,0.380602747055876,
0.408086257970056,0.436201656274753,0.464935049243602,0.4942734220884,0.524204549211598,
0.554716917532587,0.585799659854517,0.617442496641886,0.649635684891216,
0.682369973021026,0.715636560899517,0.749427064281274,0.783733483046726,
0.818548172737015,0.853863818957268,0.889673414287001,0.925970237390496,
0.962747834064767,0.968596860837255),.UNSPECIFIED.);
#111=B_SPLINE_CURVE_WITH_KNOTS('',3,(#10763,#10764,#10765,#10766,#10767,
#10768,#10769,#10770,#10771,#10772,#10773,#10774,#10775,#10776,#10777,#10778,
#10779,#10780,#10781,#10782,#10783,#10784,#10785,#10786,#10787,#10788,#10789,
#10790,#10791,#10792,#10793,#10794,#10795,#10796,#10797,#10798),
 .UNSPECIFIED.,.F.,.F.,(4,1,1,1,1,1,1,1,1,1,1,1,1,1,1,1,1,1,1,1,1,1,1,1,
1,1,1,1,1,1,1,1,1,4),(0.0769251295056628,0.089729458070379,0.107010202519751,
0.125279202981818,0.144485676556023,0.164585947114284,0.185541927786605,
0.207320021720932,0.229890303618282,0.25322589605712,0.277302484769885,
0.302097935434016,0.327591986176286,0.353765997578382,0.380602747055876,
0.408086257970056,0.436201656274753,0.464935049243602,0.4942734220884,0.524204549211598,
0.554716917532587,0.585799659854517,0.617442496641886,0.649635684891216,
0.682369973021026,0.715636560899517,0.749427064281274,0.783733483046726,
0.818548172737015,0.853863818957268,0.889673414287001,0.925970237390496,
0.962747834064767,0.968596860837255),.UNSPECIFIED.);
#112=B_SPLINE_CURVE_WITH_KNOTS('',3,(#10806,#10807,#10808,#10809,#10810,
#10811,#10812,#10813,#10814,#10815,#10816,#10817,#10818,#10819,#10820,#10821,
#10822,#10823,#10824,#10825,#10826,#10827,#10828,#10829,#10830,#10831,#10832,
#10833,#10834,#10835,#10836,#10837,#10838,#10839,#10840,#10841),
 .UNSPECIFIED.,.F.,.F.,(4,1,1,1,1,1,1,1,1,1,1,1,1,1,1,1,1,1,1,1,1,1,1,1,
1,1,1,1,1,1,1,1,1,4),(0.0769251295056628,0.089729458070379,0.107010202519751,
0.125279202981818,0.144485676556023,0.164585947114284,0.185541927786605,
0.207320021720932,0.229890303618282,0.25322589605712,0.277302484769885,
0.302097935434016,0.327591986176286,0.353765997578382,0.380602747055876,
0.408086257970056,0.436201656274753,0.464935049243602,0.4942734220884,0.524204549211598,
0.554716917532587,0.585799659854517,0.617442496641886,0.649635684891216,
0.682369973021026,0.715636560899517,0.749427064281274,0.783733483046726,
0.818548172737015,0.853863818957268,0.889673414287001,0.925970237390496,
0.962747834064767,0.968596860837255),.UNSPECIFIED.);
#113=B_SPLINE_CURVE_WITH_KNOTS('',3,(#10842,#10843,#10844,#10845,#10846,
#10847,#10848,#10849,#10850,#10851,#10852,#10853,#10854,#10855,#10856,#10857,
#10858,#10859,#10860,#10861,#10862,#10863,#10864,#10865,#10866,#10867,#10868,
#10869,#10870,#10871,#10872,#10873,#10874,#10875,#10876,#10877),
 .UNSPECIFIED.,.F.,.F.,(4,1,1,1,1,1,1,1,1,1,1,1,1,1,1,1,1,1,1,1,1,1,1,1,
1,1,1,1,1,1,1,1,1,4),(0.0769251295056628,0.089729458070379,0.107010202519751,
0.125279202981818,0.144485676556023,0.164585947114284,0.185541927786605,
0.207320021720932,0.229890303618282,0.25322589605712,0.277302484769885,
0.302097935434016,0.327591986176286,0.353765997578382,0.380602747055876,
0.408086257970056,0.436201656274753,0.464935049243602,0.4942734220884,0.524204549211598,
0.554716917532587,0.585799659854517,0.617442496641886,0.649635684891216,
0.682369973021026,0.715636560899517,0.749427064281274,0.783733483046726,
0.818548172737015,0.853863818957268,0.889673414287001,0.925970237390496,
0.962747834064767,0.968596860837255),.UNSPECIFIED.);
#114=B_SPLINE_CURVE_WITH_KNOTS('',3,(#10885,#10886,#10887,#10888,#10889,
#10890,#10891,#10892,#10893,#10894,#10895,#10896,#10897,#10898,#10899,#10900,
#10901,#10902,#10903,#10904,#10905,#10906,#10907,#10908,#10909,#10910,#10911,
#10912,#10913,#10914,#10915,#10916,#10917,#10918,#10919,#10920),
 .UNSPECIFIED.,.F.,.F.,(4,1,1,1,1,1,1,1,1,1,1,1,1,1,1,1,1,1,1,1,1,1,1,1,
1,1,1,1,1,1,1,1,1,4),(0.0769251295056628,0.089729458070379,0.107010202519751,
0.125279202981818,0.144485676556023,0.164585947114284,0.185541927786605,
0.207320021720932,0.229890303618282,0.25322589605712,0.277302484769885,
0.302097935434016,0.327591986176286,0.353765997578382,0.380602747055876,
0.408086257970056,0.436201656274753,0.464935049243602,0.4942734220884,0.524204549211598,
0.554716917532587,0.585799659854517,0.617442496641886,0.649635684891216,
0.682369973021026,0.715636560899517,0.749427064281274,0.783733483046726,
0.818548172737015,0.853863818957268,0.889673414287001,0.925970237390496,
0.962747834064767,0.968596860837255),.UNSPECIFIED.);
#115=B_SPLINE_CURVE_WITH_KNOTS('',3,(#10921,#10922,#10923,#10924,#10925,
#10926,#10927,#10928,#10929,#10930,#10931,#10932,#10933,#10934,#10935,#10936,
#10937,#10938,#10939,#10940,#10941,#10942,#10943,#10944,#10945,#10946,#10947,
#10948,#10949,#10950,#10951,#10952,#10953,#10954,#10955,#10956),
 .UNSPECIFIED.,.F.,.F.,(4,1,1,1,1,1,1,1,1,1,1,1,1,1,1,1,1,1,1,1,1,1,1,1,
1,1,1,1,1,1,1,1,1,4),(0.0769251295056628,0.089729458070379,0.107010202519751,
0.125279202981818,0.144485676556023,0.164585947114284,0.185541927786605,
0.207320021720932,0.229890303618282,0.25322589605712,0.277302484769885,
0.302097935434016,0.327591986176286,0.353765997578382,0.380602747055876,
0.408086257970056,0.436201656274753,0.464935049243602,0.4942734220884,0.524204549211598,
0.554716917532587,0.585799659854517,0.617442496641886,0.649635684891216,
0.682369973021026,0.715636560899517,0.749427064281274,0.783733483046726,
0.818548172737015,0.853863818957268,0.889673414287001,0.925970237390496,
0.962747834064767,0.968596860837255),.UNSPECIFIED.);
#116=B_SPLINE_CURVE_WITH_KNOTS('',3,(#10964,#10965,#10966,#10967,#10968,
#10969,#10970,#10971,#10972,#10973,#10974,#10975,#10976,#10977,#10978,#10979,
#10980,#10981,#10982,#10983,#10984,#10985,#10986,#10987,#10988,#10989,#10990,
#10991,#10992,#10993,#10994,#10995,#10996,#10997,#10998,#10999),
 .UNSPECIFIED.,.F.,.F.,(4,1,1,1,1,1,1,1,1,1,1,1,1,1,1,1,1,1,1,1,1,1,1,1,
1,1,1,1,1,1,1,1,1,4),(0.0769251295056628,0.089729458070379,0.107010202519751,
0.125279202981818,0.144485676556023,0.164585947114284,0.185541927786605,
0.207320021720932,0.229890303618282,0.25322589605712,0.277302484769885,
0.302097935434016,0.327591986176286,0.353765997578382,0.380602747055876,
0.408086257970056,0.436201656274753,0.464935049243602,0.4942734220884,0.524204549211598,
0.554716917532587,0.585799659854517,0.617442496641886,0.649635684891216,
0.682369973021026,0.715636560899517,0.749427064281274,0.783733483046726,
0.818548172737015,0.853863818957268,0.889673414287001,0.925970237390496,
0.962747834064767,0.968596860837255),.UNSPECIFIED.);
#117=B_SPLINE_CURVE_WITH_KNOTS('',3,(#11000,#11001,#11002,#11003,#11004,
#11005,#11006,#11007,#11008,#11009,#11010,#11011,#11012,#11013,#11014,#11015,
#11016,#11017,#11018,#11019,#11020,#11021,#11022,#11023,#11024,#11025,#11026,
#11027,#11028,#11029,#11030,#11031,#11032,#11033,#11034,#11035),
 .UNSPECIFIED.,.F.,.F.,(4,1,1,1,1,1,1,1,1,1,1,1,1,1,1,1,1,1,1,1,1,1,1,1,
1,1,1,1,1,1,1,1,1,4),(0.0769251295056628,0.089729458070379,0.107010202519751,
0.125279202981818,0.144485676556023,0.164585947114284,0.185541927786605,
0.207320021720932,0.229890303618282,0.25322589605712,0.277302484769885,
0.302097935434016,0.327591986176286,0.353765997578382,0.380602747055876,
0.408086257970056,0.436201656274753,0.464935049243602,0.4942734220884,0.524204549211598,
0.554716917532587,0.585799659854517,0.617442496641886,0.649635684891216,
0.682369973021026,0.715636560899517,0.749427064281274,0.783733483046726,
0.818548172737015,0.853863818957268,0.889673414287001,0.925970237390496,
0.962747834064767,0.968596860837255),.UNSPECIFIED.);
#118=B_SPLINE_CURVE_WITH_KNOTS('',3,(#11043,#11044,#11045,#11046,#11047,
#11048,#11049,#11050,#11051,#11052,#11053,#11054,#11055,#11056,#11057,#11058,
#11059,#11060,#11061,#11062,#11063,#11064,#11065,#11066,#11067,#11068,#11069,
#11070,#11071,#11072,#11073,#11074,#11075,#11076,#11077,#11078),
 .UNSPECIFIED.,.F.,.F.,(4,1,1,1,1,1,1,1,1,1,1,1,1,1,1,1,1,1,1,1,1,1,1,1,
1,1,1,1,1,1,1,1,1,4),(0.0769251295056628,0.089729458070379,0.107010202519751,
0.125279202981818,0.144485676556023,0.164585947114284,0.185541927786605,
0.207320021720932,0.229890303618282,0.25322589605712,0.277302484769885,
0.302097935434016,0.327591986176286,0.353765997578382,0.380602747055876,
0.408086257970056,0.436201656274753,0.464935049243602,0.4942734220884,0.524204549211598,
0.554716917532587,0.585799659854517,0.617442496641886,0.649635684891216,
0.682369973021026,0.715636560899517,0.749427064281274,0.783733483046726,
0.818548172737015,0.853863818957268,0.889673414287001,0.925970237390496,
0.962747834064767,0.968596860837255),.UNSPECIFIED.);
#119=B_SPLINE_CURVE_WITH_KNOTS('',3,(#11079,#11080,#11081,#11082,#11083,
#11084,#11085,#11086,#11087,#11088,#11089,#11090,#11091,#11092,#11093,#11094,
#11095,#11096,#11097,#11098,#11099,#11100,#11101,#11102,#11103,#11104,#11105,
#11106,#11107,#11108,#11109,#11110,#11111,#11112,#11113,#11114),
 .UNSPECIFIED.,.F.,.F.,(4,1,1,1,1,1,1,1,1,1,1,1,1,1,1,1,1,1,1,1,1,1,1,1,
1,1,1,1,1,1,1,1,1,4),(0.0769251295056628,0.089729458070379,0.107010202519751,
0.125279202981818,0.144485676556023,0.164585947114284,0.185541927786605,
0.207320021720932,0.229890303618282,0.25322589605712,0.277302484769885,
0.302097935434016,0.327591986176286,0.353765997578382,0.380602747055876,
0.408086257970056,0.436201656274753,0.464935049243602,0.4942734220884,0.524204549211598,
0.554716917532587,0.585799659854517,0.617442496641886,0.649635684891216,
0.682369973021026,0.715636560899517,0.749427064281274,0.783733483046726,
0.818548172737015,0.853863818957268,0.889673414287001,0.925970237390496,
0.962747834064767,0.968596860837255),.UNSPECIFIED.);
#120=B_SPLINE_CURVE_WITH_KNOTS('',3,(#11122,#11123,#11124,#11125,#11126,
#11127,#11128,#11129,#11130,#11131,#11132,#11133,#11134,#11135,#11136,#11137,
#11138,#11139,#11140,#11141,#11142,#11143,#11144,#11145,#11146,#11147,#11148,
#11149,#11150,#11151,#11152,#11153,#11154,#11155,#11156,#11157),
 .UNSPECIFIED.,.F.,.F.,(4,1,1,1,1,1,1,1,1,1,1,1,1,1,1,1,1,1,1,1,1,1,1,1,
1,1,1,1,1,1,1,1,1,4),(0.0769251295056628,0.089729458070379,0.107010202519751,
0.125279202981818,0.144485676556023,0.164585947114284,0.185541927786605,
0.207320021720932,0.229890303618282,0.25322589605712,0.277302484769885,
0.302097935434016,0.327591986176286,0.353765997578382,0.380602747055876,
0.408086257970056,0.436201656274753,0.464935049243602,0.4942734220884,0.524204549211598,
0.554716917532587,0.585799659854517,0.617442496641886,0.649635684891216,
0.682369973021026,0.715636560899517,0.749427064281274,0.783733483046726,
0.818548172737015,0.853863818957268,0.889673414287001,0.925970237390496,
0.962747834064767,0.968596860837255),.UNSPECIFIED.);
#121=B_SPLINE_CURVE_WITH_KNOTS('',3,(#11158,#11159,#11160,#11161,#11162,
#11163,#11164,#11165,#11166,#11167,#11168,#11169,#11170,#11171,#11172,#11173,
#11174,#11175,#11176,#11177,#11178,#11179,#11180,#11181,#11182,#11183,#11184,
#11185,#11186,#11187,#11188,#11189,#11190,#11191,#11192,#11193),
 .UNSPECIFIED.,.F.,.F.,(4,1,1,1,1,1,1,1,1,1,1,1,1,1,1,1,1,1,1,1,1,1,1,1,
1,1,1,1,1,1,1,1,1,4),(0.0769251295056628,0.089729458070379,0.107010202519751,
0.125279202981818,0.144485676556023,0.164585947114284,0.185541927786605,
0.207320021720932,0.229890303618282,0.25322589605712,0.277302484769885,
0.302097935434016,0.327591986176286,0.353765997578382,0.380602747055876,
0.408086257970056,0.436201656274753,0.464935049243602,0.4942734220884,0.524204549211598,
0.554716917532587,0.585799659854517,0.617442496641886,0.649635684891216,
0.682369973021026,0.715636560899517,0.749427064281274,0.783733483046726,
0.818548172737015,0.853863818957268,0.889673414287001,0.925970237390496,
0.962747834064767,0.968596860837255),.UNSPECIFIED.);
#122=B_SPLINE_CURVE_WITH_KNOTS('',3,(#11201,#11202,#11203,#11204,#11205,
#11206,#11207,#11208,#11209,#11210,#11211,#11212,#11213,#11214,#11215,#11216,
#11217,#11218,#11219,#11220,#11221,#11222,#11223,#11224,#11225,#11226,#11227,
#11228,#11229,#11230,#11231,#11232,#11233,#11234,#11235,#11236),
 .UNSPECIFIED.,.F.,.F.,(4,1,1,1,1,1,1,1,1,1,1,1,1,1,1,1,1,1,1,1,1,1,1,1,
1,1,1,1,1,1,1,1,1,4),(0.0769251295056628,0.089729458070379,0.107010202519751,
0.125279202981818,0.144485676556023,0.164585947114284,0.185541927786605,
0.207320021720932,0.229890303618282,0.25322589605712,0.277302484769885,
0.302097935434016,0.327591986176286,0.353765997578382,0.380602747055876,
0.408086257970056,0.436201656274753,0.464935049243602,0.4942734220884,0.524204549211598,
0.554716917532587,0.585799659854517,0.617442496641886,0.649635684891216,
0.682369973021026,0.715636560899517,0.749427064281274,0.783733483046726,
0.818548172737015,0.853863818957268,0.889673414287001,0.925970237390496,
0.962747834064767,0.968596860837255),.UNSPECIFIED.);
#123=B_SPLINE_CURVE_WITH_KNOTS('',3,(#11237,#11238,#11239,#11240,#11241,
#11242,#11243,#11244,#11245,#11246,#11247,#11248,#11249,#11250,#11251,#11252,
#11253,#11254,#11255,#11256,#11257,#11258,#11259,#11260,#11261,#11262,#11263,
#11264,#11265,#11266,#11267,#11268,#11269,#11270,#11271,#11272),
 .UNSPECIFIED.,.F.,.F.,(4,1,1,1,1,1,1,1,1,1,1,1,1,1,1,1,1,1,1,1,1,1,1,1,
1,1,1,1,1,1,1,1,1,4),(0.0769251295056628,0.089729458070379,0.107010202519751,
0.125279202981818,0.144485676556023,0.164585947114284,0.185541927786605,
0.207320021720932,0.229890303618282,0.25322589605712,0.277302484769885,
0.302097935434016,0.327591986176286,0.353765997578382,0.380602747055876,
0.408086257970056,0.436201656274753,0.464935049243602,0.4942734220884,0.524204549211598,
0.554716917532587,0.585799659854517,0.617442496641886,0.649635684891216,
0.682369973021026,0.715636560899517,0.749427064281274,0.783733483046726,
0.818548172737015,0.853863818957268,0.889673414287001,0.925970237390496,
0.962747834064767,0.968596860837255),.UNSPECIFIED.);
#124=B_SPLINE_CURVE_WITH_KNOTS('',3,(#11280,#11281,#11282,#11283,#11284,
#11285,#11286,#11287,#11288,#11289,#11290,#11291,#11292,#11293,#11294,#11295,
#11296,#11297,#11298,#11299,#11300,#11301,#11302,#11303,#11304,#11305,#11306,
#11307,#11308,#11309,#11310,#11311,#11312,#11313,#11314,#11315),
 .UNSPECIFIED.,.F.,.F.,(4,1,1,1,1,1,1,1,1,1,1,1,1,1,1,1,1,1,1,1,1,1,1,1,
1,1,1,1,1,1,1,1,1,4),(0.0769251295056628,0.089729458070379,0.107010202519751,
0.125279202981818,0.144485676556023,0.164585947114284,0.185541927786605,
0.207320021720932,0.229890303618282,0.25322589605712,0.277302484769885,
0.302097935434016,0.327591986176286,0.353765997578382,0.380602747055876,
0.408086257970056,0.436201656274753,0.464935049243602,0.4942734220884,0.524204549211598,
0.554716917532587,0.585799659854517,0.617442496641886,0.649635684891216,
0.682369973021026,0.715636560899517,0.749427064281274,0.783733483046726,
0.818548172737015,0.853863818957268,0.889673414287001,0.925970237390496,
0.962747834064767,0.968596860837255),.UNSPECIFIED.);
#125=B_SPLINE_CURVE_WITH_KNOTS('',3,(#11316,#11317,#11318,#11319,#11320,
#11321,#11322,#11323,#11324,#11325,#11326,#11327,#11328,#11329,#11330,#11331,
#11332,#11333,#11334,#11335,#11336,#11337,#11338,#11339,#11340,#11341,#11342,
#11343,#11344,#11345,#11346,#11347,#11348,#11349,#11350,#11351),
 .UNSPECIFIED.,.F.,.F.,(4,1,1,1,1,1,1,1,1,1,1,1,1,1,1,1,1,1,1,1,1,1,1,1,
1,1,1,1,1,1,1,1,1,4),(0.0769251295056628,0.089729458070379,0.107010202519751,
0.125279202981818,0.144485676556023,0.164585947114284,0.185541927786605,
0.207320021720932,0.229890303618282,0.25322589605712,0.277302484769885,
0.302097935434016,0.327591986176286,0.353765997578382,0.380602747055876,
0.408086257970056,0.436201656274753,0.464935049243602,0.4942734220884,0.524204549211598,
0.554716917532587,0.585799659854517,0.617442496641886,0.649635684891216,
0.682369973021026,0.715636560899517,0.749427064281274,0.783733483046726,
0.818548172737015,0.853863818957268,0.889673414287001,0.925970237390496,
0.962747834064767,0.968596860837255),.UNSPECIFIED.);
#126=B_SPLINE_CURVE_WITH_KNOTS('',3,(#11359,#11360,#11361,#11362,#11363,
#11364,#11365,#11366,#11367,#11368,#11369,#11370,#11371,#11372,#11373,#11374,
#11375,#11376,#11377,#11378,#11379,#11380,#11381,#11382,#11383,#11384,#11385,
#11386,#11387,#11388,#11389,#11390,#11391,#11392,#11393,#11394),
 .UNSPECIFIED.,.F.,.F.,(4,1,1,1,1,1,1,1,1,1,1,1,1,1,1,1,1,1,1,1,1,1,1,1,
1,1,1,1,1,1,1,1,1,4),(0.0769251295056628,0.089729458070379,0.107010202519751,
0.125279202981818,0.144485676556023,0.164585947114284,0.185541927786605,
0.207320021720932,0.229890303618282,0.25322589605712,0.277302484769885,
0.302097935434016,0.327591986176286,0.353765997578382,0.380602747055876,
0.408086257970056,0.436201656274753,0.464935049243602,0.4942734220884,0.524204549211598,
0.554716917532587,0.585799659854517,0.617442496641886,0.649635684891216,
0.682369973021026,0.715636560899517,0.749427064281274,0.783733483046726,
0.818548172737015,0.853863818957268,0.889673414287001,0.925970237390496,
0.962747834064767,0.968596860837255),.UNSPECIFIED.);
#127=B_SPLINE_CURVE_WITH_KNOTS('',3,(#11395,#11396,#11397,#11398,#11399,
#11400,#11401,#11402,#11403,#11404,#11405,#11406,#11407,#11408,#11409,#11410,
#11411,#11412,#11413,#11414,#11415,#11416,#11417,#11418,#11419,#11420,#11421,
#11422,#11423,#11424,#11425,#11426,#11427,#11428,#11429,#11430),
 .UNSPECIFIED.,.F.,.F.,(4,1,1,1,1,1,1,1,1,1,1,1,1,1,1,1,1,1,1,1,1,1,1,1,
1,1,1,1,1,1,1,1,1,4),(0.0769251295056628,0.089729458070379,0.107010202519751,
0.125279202981818,0.144485676556023,0.164585947114284,0.185541927786605,
0.207320021720932,0.229890303618282,0.25322589605712,0.277302484769885,
0.302097935434016,0.327591986176286,0.353765997578382,0.380602747055876,
0.408086257970056,0.436201656274753,0.464935049243602,0.4942734220884,0.524204549211598,
0.554716917532587,0.585799659854517,0.617442496641886,0.649635684891216,
0.682369973021026,0.715636560899517,0.749427064281274,0.783733483046726,
0.818548172737015,0.853863818957268,0.889673414287001,0.925970237390496,
0.962747834064767,0.968596860837255),.UNSPECIFIED.);
#128=B_SPLINE_CURVE_WITH_KNOTS('',3,(#11438,#11439,#11440,#11441,#11442,
#11443,#11444,#11445,#11446,#11447,#11448,#11449,#11450,#11451,#11452,#11453,
#11454,#11455,#11456,#11457,#11458,#11459,#11460,#11461,#11462,#11463,#11464,
#11465,#11466,#11467,#11468,#11469,#11470,#11471,#11472,#11473),
 .UNSPECIFIED.,.F.,.F.,(4,1,1,1,1,1,1,1,1,1,1,1,1,1,1,1,1,1,1,1,1,1,1,1,
1,1,1,1,1,1,1,1,1,4),(0.0769251295056628,0.089729458070379,0.107010202519751,
0.125279202981818,0.144485676556023,0.164585947114284,0.185541927786605,
0.207320021720932,0.229890303618282,0.25322589605712,0.277302484769885,
0.302097935434016,0.327591986176286,0.353765997578382,0.380602747055876,
0.408086257970056,0.436201656274753,0.464935049243602,0.4942734220884,0.524204549211598,
0.554716917532587,0.585799659854517,0.617442496641886,0.649635684891216,
0.682369973021026,0.715636560899517,0.749427064281274,0.783733483046726,
0.818548172737015,0.853863818957268,0.889673414287001,0.925970237390496,
0.962747834064767,0.968596860837255),.UNSPECIFIED.);
#129=B_SPLINE_CURVE_WITH_KNOTS('',3,(#11474,#11475,#11476,#11477,#11478,
#11479,#11480,#11481,#11482,#11483,#11484,#11485,#11486,#11487,#11488,#11489,
#11490,#11491,#11492,#11493,#11494,#11495,#11496,#11497,#11498,#11499,#11500,
#11501,#11502,#11503,#11504,#11505,#11506,#11507,#11508,#11509),
 .UNSPECIFIED.,.F.,.F.,(4,1,1,1,1,1,1,1,1,1,1,1,1,1,1,1,1,1,1,1,1,1,1,1,
1,1,1,1,1,1,1,1,1,4),(0.0769251295056628,0.089729458070379,0.107010202519751,
0.125279202981818,0.144485676556023,0.164585947114284,0.185541927786605,
0.207320021720932,0.229890303618282,0.25322589605712,0.277302484769885,
0.302097935434016,0.327591986176286,0.353765997578382,0.380602747055876,
0.408086257970056,0.436201656274753,0.464935049243602,0.4942734220884,0.524204549211598,
0.554716917532587,0.585799659854517,0.617442496641886,0.649635684891216,
0.682369973021026,0.715636560899517,0.749427064281274,0.783733483046726,
0.818548172737015,0.853863818957268,0.889673414287001,0.925970237390496,
0.962747834064767,0.968596860837255),.UNSPECIFIED.);
#130=B_SPLINE_CURVE_WITH_KNOTS('',3,(#11517,#11518,#11519,#11520,#11521,
#11522,#11523,#11524,#11525,#11526,#11527,#11528,#11529,#11530,#11531,#11532,
#11533,#11534,#11535,#11536,#11537,#11538,#11539,#11540,#11541,#11542,#11543,
#11544,#11545,#11546,#11547,#11548,#11549,#11550,#11551,#11552),
 .UNSPECIFIED.,.F.,.F.,(4,1,1,1,1,1,1,1,1,1,1,1,1,1,1,1,1,1,1,1,1,1,1,1,
1,1,1,1,1,1,1,1,1,4),(0.0769251295056628,0.089729458070379,0.107010202519751,
0.125279202981818,0.144485676556023,0.164585947114284,0.185541927786605,
0.207320021720932,0.229890303618282,0.25322589605712,0.277302484769885,
0.302097935434016,0.327591986176286,0.353765997578382,0.380602747055876,
0.408086257970056,0.436201656274753,0.464935049243602,0.4942734220884,0.524204549211598,
0.554716917532587,0.585799659854517,0.617442496641886,0.649635684891216,
0.682369973021026,0.715636560899517,0.749427064281274,0.783733483046726,
0.818548172737015,0.853863818957268,0.889673414287001,0.925970237390496,
0.962747834064767,0.968596860837255),.UNSPECIFIED.);
#131=B_SPLINE_CURVE_WITH_KNOTS('',3,(#11553,#11554,#11555,#11556,#11557,
#11558,#11559,#11560,#11561,#11562,#11563,#11564,#11565,#11566,#11567,#11568,
#11569,#11570,#11571,#11572,#11573,#11574,#11575,#11576,#11577,#11578,#11579,
#11580,#11581,#11582,#11583,#11584,#11585,#11586,#11587,#11588),
 .UNSPECIFIED.,.F.,.F.,(4,1,1,1,1,1,1,1,1,1,1,1,1,1,1,1,1,1,1,1,1,1,1,1,
1,1,1,1,1,1,1,1,1,4),(0.0769251295056628,0.089729458070379,0.107010202519751,
0.125279202981818,0.144485676556023,0.164585947114284,0.185541927786605,
0.207320021720932,0.229890303618282,0.25322589605712,0.277302484769885,
0.302097935434016,0.327591986176286,0.353765997578382,0.380602747055876,
0.408086257970056,0.436201656274753,0.464935049243602,0.4942734220884,0.524204549211598,
0.554716917532587,0.585799659854517,0.617442496641886,0.649635684891216,
0.682369973021026,0.715636560899517,0.749427064281274,0.783733483046726,
0.818548172737015,0.853863818957268,0.889673414287001,0.925970237390496,
0.962747834064767,0.968596860837255),.UNSPECIFIED.);
#132=B_SPLINE_CURVE_WITH_KNOTS('',3,(#11596,#11597,#11598,#11599,#11600,
#11601,#11602,#11603,#11604,#11605,#11606,#11607,#11608,#11609,#11610,#11611,
#11612,#11613,#11614,#11615,#11616,#11617,#11618,#11619,#11620,#11621,#11622,
#11623,#11624,#11625,#11626,#11627,#11628,#11629,#11630,#11631),
 .UNSPECIFIED.,.F.,.F.,(4,1,1,1,1,1,1,1,1,1,1,1,1,1,1,1,1,1,1,1,1,1,1,1,
1,1,1,1,1,1,1,1,1,4),(0.0769251295056628,0.089729458070379,0.107010202519751,
0.125279202981818,0.144485676556023,0.164585947114284,0.185541927786605,
0.207320021720932,0.229890303618282,0.25322589605712,0.277302484769885,
0.302097935434016,0.327591986176286,0.353765997578382,0.380602747055876,
0.408086257970056,0.436201656274753,0.464935049243602,0.4942734220884,0.524204549211598,
0.554716917532587,0.585799659854517,0.617442496641886,0.649635684891216,
0.682369973021026,0.715636560899517,0.749427064281274,0.783733483046726,
0.818548172737015,0.853863818957268,0.889673414287001,0.925970237390496,
0.962747834064767,0.968596860837255),.UNSPECIFIED.);
#133=B_SPLINE_CURVE_WITH_KNOTS('',3,(#11632,#11633,#11634,#11635,#11636,
#11637,#11638,#11639,#11640,#11641,#11642,#11643,#11644,#11645,#11646,#11647,
#11648,#11649,#11650,#11651,#11652,#11653,#11654,#11655,#11656,#11657,#11658,
#11659,#11660,#11661,#11662,#11663,#11664,#11665,#11666,#11667),
 .UNSPECIFIED.,.F.,.F.,(4,1,1,1,1,1,1,1,1,1,1,1,1,1,1,1,1,1,1,1,1,1,1,1,
1,1,1,1,1,1,1,1,1,4),(0.0769251295056628,0.089729458070379,0.107010202519751,
0.125279202981818,0.144485676556023,0.164585947114284,0.185541927786605,
0.207320021720932,0.229890303618282,0.25322589605712,0.277302484769885,
0.302097935434016,0.327591986176286,0.353765997578382,0.380602747055876,
0.408086257970056,0.436201656274753,0.464935049243602,0.4942734220884,0.524204549211598,
0.554716917532587,0.585799659854517,0.617442496641886,0.649635684891216,
0.682369973021026,0.715636560899517,0.749427064281274,0.783733483046726,
0.818548172737015,0.853863818957268,0.889673414287001,0.925970237390496,
0.962747834064767,0.968596860837255),.UNSPECIFIED.);
#134=LINE('',#7759,#470);
#135=LINE('',#7763,#471);
#136=LINE('',#7765,#472);
#137=LINE('',#7767,#473);
#138=LINE('',#7769,#474);
#139=LINE('',#7773,#475);
#140=LINE('',#7777,#476);
#141=LINE('',#7780,#477);
#142=LINE('',#7782,#478);
#143=LINE('',#7784,#479);
#144=LINE('',#7788,#480);
#145=LINE('',#7792,#481);
#146=LINE('',#7794,#482);
#147=LINE('',#7796,#483);
#148=LINE('',#7801,#484);
#149=LINE('',#7802,#485);
#150=LINE('',#7807,#486);
#151=LINE('',#7810,#487);
#152=LINE('',#7812,#488);
#153=LINE('',#7814,#489);
#154=LINE('',#7824,#490);
#155=LINE('',#7830,#491);
#156=LINE('',#7832,#492);
#157=LINE('',#7844,#493);
#158=LINE('',#7846,#494);
#159=LINE('',#7848,#495);
#160=LINE('',#7852,#496);
#161=LINE('',#7853,#497);
#162=LINE('',#7855,#498);
#163=LINE('',#7857,#499);
#164=LINE('',#7859,#500);
#165=LINE('',#7860,#501);
#166=LINE('',#7862,#502);
#167=LINE('',#7864,#503);
#168=LINE('',#7866,#504);
#169=LINE('',#7867,#505);
#170=LINE('',#7898,#506);
#171=LINE('',#7901,#507);
#172=LINE('',#7903,#508);
#173=LINE('',#7905,#509);
#174=LINE('',#7907,#510);
#175=LINE('',#7909,#511);
#176=LINE('',#7911,#512);
#177=LINE('',#7913,#513);
#178=LINE('',#7915,#514);
#179=LINE('',#7917,#515);
#180=LINE('',#7919,#516);
#181=LINE('',#7920,#517);
#182=LINE('',#7936,#518);
#183=LINE('',#7938,#519);
#184=LINE('',#7940,#520);
#185=LINE('',#7944,#521);
#186=LINE('',#7947,#522);
#187=LINE('',#7949,#523);
#188=LINE('',#7972,#524);
#189=LINE('',#7973,#525);
#190=LINE('',#7975,#526);
#191=LINE('',#7979,#527);
#192=LINE('',#7981,#528);
#193=LINE('',#7985,#529);
#194=LINE('',#7987,#530);
#195=LINE('',#7991,#531);
#196=LINE('',#8000,#532);
#197=LINE('',#8001,#533);
#198=LINE('',#8003,#534);
#199=LINE('',#8005,#535);
#200=LINE('',#8007,#536);
#201=LINE('',#8010,#537);
#202=LINE('',#8012,#538);
#203=LINE('',#8014,#539);
#204=LINE('',#8016,#540);
#205=LINE('',#8018,#541);
#206=LINE('',#8020,#542);
#207=LINE('',#8022,#543);
#208=LINE('',#8024,#544);
#209=LINE('',#8026,#545);
#210=LINE('',#8028,#546);
#211=LINE('',#8029,#547);
#212=LINE('',#8042,#548);
#213=LINE('',#8044,#549);
#214=LINE('',#8048,#550);
#215=LINE('',#8053,#551);
#216=LINE('',#8057,#552);
#217=LINE('',#8060,#553);
#218=LINE('',#8062,#554);
#219=LINE('',#8064,#555);
#220=LINE('',#8214,#556);
#221=LINE('',#8217,#557);
#222=LINE('',#8219,#558);
#223=LINE('',#8221,#559);
#224=LINE('',#8223,#560);
#225=LINE('',#8225,#561);
#226=LINE('',#8227,#562);
#227=LINE('',#8229,#563);
#228=LINE('',#8231,#564);
#229=LINE('',#8233,#565);
#230=LINE('',#8235,#566);
#231=LINE('',#8236,#567);
#232=LINE('',#8250,#568);
#233=LINE('',#8256,#569);
#234=LINE('',#8258,#570);
#235=LINE('',#8260,#571);
#236=LINE('',#8266,#572);
#237=LINE('',#8272,#573);
#238=LINE('',#8275,#574);
#239=LINE('',#8277,#575);
#240=LINE('',#8285,#576);
#241=LINE('',#8286,#577);
#242=LINE('',#8288,#578);
#243=LINE('',#8290,#579);
#244=LINE('',#8292,#580);
#245=LINE('',#8295,#581);
#246=LINE('',#8297,#582);
#247=LINE('',#8299,#583);
#248=LINE('',#8301,#584);
#249=LINE('',#8303,#585);
#250=LINE('',#8305,#586);
#251=LINE('',#8307,#587);
#252=LINE('',#8309,#588);
#253=LINE('',#8311,#589);
#254=LINE('',#8313,#590);
#255=LINE('',#8314,#591);
#256=LINE('',#8319,#592);
#257=LINE('',#8320,#593);
#258=LINE('',#8327,#594);
#259=LINE('',#8332,#595);
#260=LINE('',#8339,#596);
#261=LINE('',#8343,#597);
#262=LINE('',#8348,#598);
#263=LINE('',#8352,#599);
#264=LINE('',#8357,#600);
#265=LINE('',#8361,#601);
#266=LINE('',#8366,#602);
#267=LINE('',#8370,#603);
#268=LINE('',#8375,#604);
#269=LINE('',#8379,#605);
#270=LINE('',#8384,#606);
#271=LINE('',#8388,#607);
#272=LINE('',#8393,#608);
#273=LINE('',#8397,#609);
#274=LINE('',#8399,#610);
#275=LINE('',#8404,#611);
#276=LINE('',#8411,#612);
#277=LINE('',#8415,#613);
#278=LINE('',#8417,#614);
#279=LINE('',#8422,#615);
#280=LINE('',#8426,#616);
#281=LINE('',#8431,#617);
#282=LINE('',#8435,#618);
#283=LINE('',#8440,#619);
#284=LINE('',#8447,#620);
#285=LINE('',#8451,#621);
#286=LINE('',#8456,#622);
#287=LINE('',#8460,#623);
#288=LINE('',#8465,#624);
#289=LINE('',#8469,#625);
#290=LINE('',#8471,#626);
#291=LINE('',#8476,#627);
#292=LINE('',#8483,#628);
#293=LINE('',#8487,#629);
#294=LINE('',#8492,#630);
#295=LINE('',#8496,#631);
#296=LINE('',#10084,#632);
#297=LINE('',#10088,#633);
#298=LINE('',#11680,#634);
#299=LINE('',#11682,#635);
#300=LINE('',#11683,#636);
#301=LINE('',#11692,#637);
#302=LINE('',#11703,#638);
#303=LINE('',#11705,#639);
#304=LINE('',#11706,#640);
#305=LINE('',#11715,#641);
#306=LINE('',#11726,#642);
#307=LINE('',#11728,#643);
#308=LINE('',#11729,#644);
#309=LINE('',#11738,#645);
#310=LINE('',#11749,#646);
#311=LINE('',#11751,#647);
#312=LINE('',#11752,#648);
#313=LINE('',#11761,#649);
#314=LINE('',#11772,#650);
#315=LINE('',#11774,#651);
#316=LINE('',#11775,#652);
#317=LINE('',#11784,#653);
#318=LINE('',#11795,#654);
#319=LINE('',#11797,#655);
#320=LINE('',#11798,#656);
#321=LINE('',#11807,#657);
#322=LINE('',#11818,#658);
#323=LINE('',#11820,#659);
#324=LINE('',#11821,#660);
#325=LINE('',#11830,#661);
#326=LINE('',#11841,#662);
#327=LINE('',#11843,#663);
#328=LINE('',#11844,#664);
#329=LINE('',#11853,#665);
#330=LINE('',#11864,#666);
#331=LINE('',#11866,#667);
#332=LINE('',#11867,#668);
#333=LINE('',#11876,#669);
#334=LINE('',#11887,#670);
#335=LINE('',#11889,#671);
#336=LINE('',#11890,#672);
#337=LINE('',#11899,#673);
#338=LINE('',#11910,#674);
#339=LINE('',#11912,#675);
#340=LINE('',#11913,#676);
#341=LINE('',#11922,#677);
#342=LINE('',#11933,#678);
#343=LINE('',#11935,#679);
#344=LINE('',#11936,#680);
#345=LINE('',#11945,#681);
#346=LINE('',#11956,#682);
#347=LINE('',#11958,#683);
#348=LINE('',#11959,#684);
#349=LINE('',#11968,#685);
#350=LINE('',#11979,#686);
#351=LINE('',#11981,#687);
#352=LINE('',#11982,#688);
#353=LINE('',#11991,#689);
#354=LINE('',#12002,#690);
#355=LINE('',#12004,#691);
#356=LINE('',#12005,#692);
#357=LINE('',#12014,#693);
#358=LINE('',#12025,#694);
#359=LINE('',#12027,#695);
#360=LINE('',#12028,#696);
#361=LINE('',#12037,#697);
#362=LINE('',#12048,#698);
#363=LINE('',#12050,#699);
#364=LINE('',#12051,#700);
#365=LINE('',#12060,#701);
#366=LINE('',#12071,#702);
#367=LINE('',#12073,#703);
#368=LINE('',#12074,#704);
#369=LINE('',#12083,#705);
#370=LINE('',#12094,#706);
#371=LINE('',#12096,#707);
#372=LINE('',#12097,#708);
#373=LINE('',#12106,#709);
#374=LINE('',#12117,#710);
#375=LINE('',#12119,#711);
#376=LINE('',#12120,#712);
#377=LINE('',#12129,#713);
#378=LINE('',#12135,#714);
#379=LINE('',#12138,#715);
#380=LINE('',#12140,#716);
#381=LINE('',#12142,#717);
#382=LINE('',#12144,#718);
#383=LINE('',#12146,#719);
#384=LINE('',#12148,#720);
#385=LINE('',#12150,#721);
#386=LINE('',#12152,#722);
#387=LINE('',#12154,#723);
#388=LINE('',#12156,#724);
#389=LINE('',#12158,#725);
#390=LINE('',#12160,#726);
#391=LINE('',#12162,#727);
#392=LINE('',#12164,#728);
#393=LINE('',#12166,#729);
#394=LINE('',#12168,#730);
#395=LINE('',#12170,#731);
#396=LINE('',#12172,#732);
#397=LINE('',#12174,#733);
#398=LINE('',#12176,#734);
#399=LINE('',#12178,#735);
#400=LINE('',#12180,#736);
#401=LINE('',#12182,#737);
#402=LINE('',#12184,#738);
#403=LINE('',#12186,#739);
#404=LINE('',#12188,#740);
#405=LINE('',#12190,#741);
#406=LINE('',#12192,#742);
#407=LINE('',#12194,#743);
#408=LINE('',#12196,#744);
#409=LINE('',#12199,#745);
#410=LINE('',#12201,#746);
#411=LINE('',#12203,#747);
#412=LINE('',#12205,#748);
#413=LINE('',#12207,#749);
#414=LINE('',#12209,#750);
#415=LINE('',#12211,#751);
#416=LINE('',#12213,#752);
#417=LINE('',#12215,#753);
#418=LINE('',#12217,#754);
#419=LINE('',#12218,#755);
#420=LINE('',#12220,#756);
#421=LINE('',#12221,#757);
#422=LINE('',#12225,#758);
#423=LINE('',#12227,#759);
#424=LINE('',#12229,#760);
#425=LINE('',#12231,#761);
#426=LINE('',#12233,#762);
#427=LINE('',#12235,#763);
#428=LINE('',#12237,#764);
#429=LINE('',#12239,#765);
#430=LINE('',#12241,#766);
#431=LINE('',#12243,#767);
#432=LINE('',#12254,#768);
#433=LINE('',#12260,#769);
#434=LINE('',#12262,#770);
#435=LINE('',#12264,#771);
#436=LINE('',#12270,#772);
#437=LINE('',#12276,#773);
#438=LINE('',#12279,#774);
#439=LINE('',#12281,#775);
#440=LINE('',#12289,#776);
#441=LINE('',#12290,#777);
#442=LINE('',#12292,#778);
#443=LINE('',#12294,#779);
#444=LINE('',#12296,#780);
#445=LINE('',#12299,#781);
#446=LINE('',#12301,#782);
#447=LINE('',#12303,#783);
#448=LINE('',#12305,#784);
#449=LINE('',#12307,#785);
#450=LINE('',#12309,#786);
#451=LINE('',#12311,#787);
#452=LINE('',#12313,#788);
#453=LINE('',#12315,#789);
#454=LINE('',#12317,#790);
#455=LINE('',#12318,#791);
#456=LINE('',#12323,#792);
#457=LINE('',#12324,#793);
#458=LINE('',#12340,#794);
#459=LINE('',#12343,#795);
#460=LINE('',#12345,#796);
#461=LINE('',#12347,#797);
#462=LINE('',#12359,#798);
#463=LINE('',#12362,#799);
#464=LINE('',#12363,#800);
#465=LINE('',#12365,#801);
#466=LINE('',#12367,#802);
#467=LINE('',#12369,#803);
#468=LINE('',#12371,#804);
#469=LINE('',#12373,#805);
#470=VECTOR('',#6245,1.);
#471=VECTOR('',#6248,1.);
#472=VECTOR('',#6251,1.);
#473=VECTOR('',#6252,1.);
#474=VECTOR('',#6253,1.);
#475=VECTOR('',#6258,1.);
#476=VECTOR('',#6263,1.);
#477=VECTOR('',#6264,1.);
#478=VECTOR('',#6265,1.);
#479=VECTOR('',#6266,1.);
#480=VECTOR('',#6271,1.);
#481=VECTOR('',#6276,1.);
#482=VECTOR('',#6277,1.);
#483=VECTOR('',#6278,1.);
#484=VECTOR('',#6287,1.);
#485=VECTOR('',#6288,1.);
#486=VECTOR('',#6297,1.);
#487=VECTOR('',#6298,1.);
#488=VECTOR('',#6299,1.);
#489=VECTOR('',#6300,1.);
#490=VECTOR('',#6311,1.);
#491=VECTOR('',#6316,1.);
#492=VECTOR('',#6317,1.);
#493=VECTOR('',#6330,1.);
#494=VECTOR('',#6331,1.);
#495=VECTOR('',#6332,1.);
#496=VECTOR('',#6337,1.);
#497=VECTOR('',#6338,1.);
#498=VECTOR('',#6339,1.);
#499=VECTOR('',#6340,1.);
#500=VECTOR('',#6343,1.);
#501=VECTOR('',#6344,1.);
#502=VECTOR('',#6345,1.);
#503=VECTOR('',#6346,1.);
#504=VECTOR('',#6349,1.);
#505=VECTOR('',#6350,1.);
#506=VECTOR('',#6395,1.);
#507=VECTOR('',#6396,1.);
#508=VECTOR('',#6397,1.);
#509=VECTOR('',#6398,1.);
#510=VECTOR('',#6401,1.);
#511=VECTOR('',#6402,1.);
#512=VECTOR('',#6403,1.);
#513=VECTOR('',#6406,1.);
#514=VECTOR('',#6407,1.);
#515=VECTOR('',#6408,1.);
#516=VECTOR('',#6411,1.);
#517=VECTOR('',#6412,1.);
#518=VECTOR('',#6431,1.);
#519=VECTOR('',#6432,1.);
#520=VECTOR('',#6433,1.);
#521=VECTOR('',#6438,1.);
#522=VECTOR('',#6439,1.);
#523=VECTOR('',#6440,1.);
#524=VECTOR('',#6463,1.);
#525=VECTOR('',#6464,1.);
#526=VECTOR('',#6467,1.);
#527=VECTOR('',#6470,1.);
#528=VECTOR('',#6473,1.);
#529=VECTOR('',#6476,1.);
#530=VECTOR('',#6479,1.);
#531=VECTOR('',#6482,1.);
#532=VECTOR('',#6497,1.);
#533=VECTOR('',#6498,1.);
#534=VECTOR('',#6501,1.);
#535=VECTOR('',#6504,1.);
#536=VECTOR('',#6507,1.);
#537=VECTOR('',#6508,1.);
#538=VECTOR('',#6509,1.);
#539=VECTOR('',#6510,1.);
#540=VECTOR('',#6513,1.);
#541=VECTOR('',#6514,1.);
#542=VECTOR('',#6515,1.);
#543=VECTOR('',#6518,1.);
#544=VECTOR('',#6519,1.);
#545=VECTOR('',#6520,1.);
#546=VECTOR('',#6523,1.);
#547=VECTOR('',#6524,1.);
#548=VECTOR('',#6545,1.);
#549=VECTOR('',#6548,1.);
#550=VECTOR('',#6551,1.);
#551=VECTOR('',#6558,1.);
#552=VECTOR('',#6565,1.);
#553=VECTOR('',#6566,1.);
#554=VECTOR('',#6567,1.);
#555=VECTOR('',#6568,1.);
#556=VECTOR('',#6711,1.);
#557=VECTOR('',#6712,1.);
#558=VECTOR('',#6713,1.);
#559=VECTOR('',#6714,1.);
#560=VECTOR('',#6717,1.);
#561=VECTOR('',#6718,1.);
#562=VECTOR('',#6719,1.);
#563=VECTOR('',#6722,1.);
#564=VECTOR('',#6723,1.);
#565=VECTOR('',#6724,1.);
#566=VECTOR('',#6727,1.);
#567=VECTOR('',#6728,1.);
#568=VECTOR('',#6747,1.);
#569=VECTOR('',#6752,1.);
#570=VECTOR('',#6753,1.);
#571=VECTOR('',#6754,1.);
#572=VECTOR('',#6761,1.);
#573=VECTOR('',#6766,1.);
#574=VECTOR('',#6767,1.);
#575=VECTOR('',#6768,1.);
#576=VECTOR('',#6777,1.);
#577=VECTOR('',#6778,1.);
#578=VECTOR('',#6781,1.);
#579=VECTOR('',#6784,1.);
#580=VECTOR('',#6787,1.);
#581=VECTOR('',#6788,1.);
#582=VECTOR('',#6789,1.);
#583=VECTOR('',#6790,1.);
#584=VECTOR('',#6793,1.);
#585=VECTOR('',#6794,1.);
#586=VECTOR('',#6795,1.);
#587=VECTOR('',#6798,1.);
#588=VECTOR('',#6799,1.);
#589=VECTOR('',#6800,1.);
#590=VECTOR('',#6803,1.);
#591=VECTOR('',#6804,1.);
#592=VECTOR('',#6813,1.);
#593=VECTOR('',#6814,1.);
#594=VECTOR('',#6827,1.);
#595=VECTOR('',#6830,1.);
#596=VECTOR('',#6837,1.);
#597=VECTOR('',#6840,1.);
#598=VECTOR('',#6845,1.);
#599=VECTOR('',#6848,1.);
#600=VECTOR('',#6853,1.);
#601=VECTOR('',#6856,1.);
#602=VECTOR('',#6861,1.);
#603=VECTOR('',#6864,1.);
#604=VECTOR('',#6869,1.);
#605=VECTOR('',#6872,1.);
#606=VECTOR('',#6877,1.);
#607=VECTOR('',#6880,1.);
#608=VECTOR('',#6885,1.);
#609=VECTOR('',#6888,1.);
#610=VECTOR('',#6891,1.);
#611=VECTOR('',#6894,1.);
#612=VECTOR('',#6901,1.);
#613=VECTOR('',#6904,1.);
#614=VECTOR('',#6907,1.);
#615=VECTOR('',#6910,1.);
#616=VECTOR('',#6915,1.);
#617=VECTOR('',#6918,1.);
#618=VECTOR('',#6923,1.);
#619=VECTOR('',#6926,1.);
#620=VECTOR('',#6933,1.);
#621=VECTOR('',#6936,1.);
#622=VECTOR('',#6941,1.);
#623=VECTOR('',#6944,1.);
#624=VECTOR('',#6949,1.);
#625=VECTOR('',#6952,1.);
#626=VECTOR('',#6955,1.);
#627=VECTOR('',#6958,1.);
#628=VECTOR('',#6965,1.);
#629=VECTOR('',#6968,1.);
#630=VECTOR('',#6973,1.);
#631=VECTOR('',#6976,1.);
#632=VECTOR('',#7105,1.);
#633=VECTOR('',#7108,1.);
#634=VECTOR('',#7233,1.);
#635=VECTOR('',#7236,1.);
#636=VECTOR('',#7237,1.);
#637=VECTOR('',#7238,1.);
#638=VECTOR('',#7243,1.);
#639=VECTOR('',#7246,1.);
#640=VECTOR('',#7247,1.);
#641=VECTOR('',#7248,1.);
#642=VECTOR('',#7253,1.);
#643=VECTOR('',#7256,1.);
#644=VECTOR('',#7257,1.);
#645=VECTOR('',#7258,1.);
#646=VECTOR('',#7263,1.);
#647=VECTOR('',#7266,1.);
#648=VECTOR('',#7267,1.);
#649=VECTOR('',#7268,1.);
#650=VECTOR('',#7273,1.);
#651=VECTOR('',#7276,1.);
#652=VECTOR('',#7277,1.);
#653=VECTOR('',#7278,1.);
#654=VECTOR('',#7283,1.);
#655=VECTOR('',#7286,1.);
#656=VECTOR('',#7287,1.);
#657=VECTOR('',#7288,1.);
#658=VECTOR('',#7293,1.);
#659=VECTOR('',#7296,1.);
#660=VECTOR('',#7297,1.);
#661=VECTOR('',#7298,1.);
#662=VECTOR('',#7303,1.);
#663=VECTOR('',#7306,1.);
#664=VECTOR('',#7307,1.);
#665=VECTOR('',#7308,1.);
#666=VECTOR('',#7313,1.);
#667=VECTOR('',#7316,1.);
#668=VECTOR('',#7317,1.);
#669=VECTOR('',#7318,1.);
#670=VECTOR('',#7323,1.);
#671=VECTOR('',#7326,1.);
#672=VECTOR('',#7327,1.);
#673=VECTOR('',#7328,1.);
#674=VECTOR('',#7333,1.);
#675=VECTOR('',#7336,1.);
#676=VECTOR('',#7337,1.);
#677=VECTOR('',#7338,1.);
#678=VECTOR('',#7343,1.);
#679=VECTOR('',#7346,1.);
#680=VECTOR('',#7347,1.);
#681=VECTOR('',#7348,1.);
#682=VECTOR('',#7353,1.);
#683=VECTOR('',#7356,1.);
#684=VECTOR('',#7357,1.);
#685=VECTOR('',#7358,1.);
#686=VECTOR('',#7363,1.);
#687=VECTOR('',#7366,1.);
#688=VECTOR('',#7367,1.);
#689=VECTOR('',#7368,1.);
#690=VECTOR('',#7373,1.);
#691=VECTOR('',#7376,1.);
#692=VECTOR('',#7377,1.);
#693=VECTOR('',#7378,1.);
#694=VECTOR('',#7383,1.);
#695=VECTOR('',#7386,1.);
#696=VECTOR('',#7387,1.);
#697=VECTOR('',#7388,1.);
#698=VECTOR('',#7393,1.);
#699=VECTOR('',#7396,1.);
#700=VECTOR('',#7397,1.);
#701=VECTOR('',#7398,1.);
#702=VECTOR('',#7403,1.);
#703=VECTOR('',#7406,1.);
#704=VECTOR('',#7407,1.);
#705=VECTOR('',#7408,1.);
#706=VECTOR('',#7413,1.);
#707=VECTOR('',#7416,1.);
#708=VECTOR('',#7417,1.);
#709=VECTOR('',#7418,1.);
#710=VECTOR('',#7423,1.);
#711=VECTOR('',#7426,1.);
#712=VECTOR('',#7427,1.);
#713=VECTOR('',#7428,1.);
#714=VECTOR('',#7439,1.);
#715=VECTOR('',#7440,1.);
#716=VECTOR('',#7441,1.);
#717=VECTOR('',#7442,1.);
#718=VECTOR('',#7443,1.);
#719=VECTOR('',#7444,1.);
#720=VECTOR('',#7445,1.);
#721=VECTOR('',#7446,1.);
#722=VECTOR('',#7447,1.);
#723=VECTOR('',#7448,1.);
#724=VECTOR('',#7449,1.);
#725=VECTOR('',#7450,1.);
#726=VECTOR('',#7451,1.);
#727=VECTOR('',#7452,1.);
#728=VECTOR('',#7455,1.);
#729=VECTOR('',#7456,1.);
#730=VECTOR('',#7457,1.);
#731=VECTOR('',#7460,1.);
#732=VECTOR('',#7461,1.);
#733=VECTOR('',#7462,1.);
#734=VECTOR('',#7463,1.);
#735=VECTOR('',#7464,1.);
#736=VECTOR('',#7465,1.);
#737=VECTOR('',#7466,1.);
#738=VECTOR('',#7467,1.);
#739=VECTOR('',#7468,1.);
#740=VECTOR('',#7469,1.);
#741=VECTOR('',#7470,1.);
#742=VECTOR('',#7471,1.);
#743=VECTOR('',#7472,1.);
#744=VECTOR('',#7475,1.);
#745=VECTOR('',#7476,1.);
#746=VECTOR('',#7477,1.);
#747=VECTOR('',#7478,1.);
#748=VECTOR('',#7481,1.);
#749=VECTOR('',#7482,1.);
#750=VECTOR('',#7483,1.);
#751=VECTOR('',#7486,1.);
#752=VECTOR('',#7487,1.);
#753=VECTOR('',#7488,1.);
#754=VECTOR('',#7491,1.);
#755=VECTOR('',#7492,1.);
#756=VECTOR('',#7495,1.);
#757=VECTOR('',#7496,1.);
#758=VECTOR('',#7503,1.);
#759=VECTOR('',#7506,1.);
#760=VECTOR('',#7509,1.);
#761=VECTOR('',#7512,1.);
#762=VECTOR('',#7515,1.);
#763=VECTOR('',#7518,1.);
#764=VECTOR('',#7521,1.);
#765=VECTOR('',#7524,1.);
#766=VECTOR('',#7527,1.);
#767=VECTOR('',#7530,1.);
#768=VECTOR('',#7543,1.);
#769=VECTOR('',#7548,1.);
#770=VECTOR('',#7549,1.);
#771=VECTOR('',#7550,1.);
#772=VECTOR('',#7557,1.);
#773=VECTOR('',#7562,1.);
#774=VECTOR('',#7563,1.);
#775=VECTOR('',#7564,1.);
#776=VECTOR('',#7573,1.);
#777=VECTOR('',#7574,1.);
#778=VECTOR('',#7577,1.);
#779=VECTOR('',#7580,1.);
#780=VECTOR('',#7583,1.);
#781=VECTOR('',#7584,1.);
#782=VECTOR('',#7585,1.);
#783=VECTOR('',#7586,1.);
#784=VECTOR('',#7589,1.);
#785=VECTOR('',#7590,1.);
#786=VECTOR('',#7591,1.);
#787=VECTOR('',#7594,1.);
#788=VECTOR('',#7595,1.);
#789=VECTOR('',#7596,1.);
#790=VECTOR('',#7599,1.);
#791=VECTOR('',#7600,1.);
#792=VECTOR('',#7609,1.);
#793=VECTOR('',#7610,1.);
#794=VECTOR('',#7635,1.);
#795=VECTOR('',#7636,1.);
#796=VECTOR('',#7637,1.);
#797=VECTOR('',#7638,1.);
#798=VECTOR('',#7651,1.);
#799=VECTOR('',#7652,1.);
#800=VECTOR('',#7653,1.);
#801=VECTOR('',#7656,1.);
#802=VECTOR('',#7657,1.);
#803=VECTOR('',#7660,1.);
#804=VECTOR('',#7661,1.);
#805=VECTOR('',#7664,1.);
#806=DRAUGHTING_PRE_DEFINED_COLOUR('black');
#807=CONTEXT_DEPENDENT_SHAPE_REPRESENTATION(#853,#12450);
#808=CONTEXT_DEPENDENT_SHAPE_REPRESENTATION(#854,#12452);
#809=CONTEXT_DEPENDENT_SHAPE_REPRESENTATION(#855,#12454);
#810=CONTEXT_DEPENDENT_SHAPE_REPRESENTATION(#856,#12456);
#811=CONTEXT_DEPENDENT_SHAPE_REPRESENTATION(#857,#12458);
#812=CONTEXT_DEPENDENT_SHAPE_REPRESENTATION(#858,#12460);
#813=CONTEXT_DEPENDENT_SHAPE_REPRESENTATION(#859,#12462);
#814=CONTEXT_DEPENDENT_SHAPE_REPRESENTATION(#860,#12464);
#815=CONTEXT_DEPENDENT_SHAPE_REPRESENTATION(#861,#12465);
#816=CONTEXT_DEPENDENT_SHAPE_REPRESENTATION(#862,#12467);
#817=CONTEXT_DEPENDENT_SHAPE_REPRESENTATION(#863,#12469);
#818=CONTEXT_DEPENDENT_SHAPE_REPRESENTATION(#864,#12471);
#819=CONTEXT_DEPENDENT_SHAPE_REPRESENTATION(#865,#12473);
#820=CONTEXT_DEPENDENT_SHAPE_REPRESENTATION(#866,#12474);
#821=CONTEXT_DEPENDENT_SHAPE_REPRESENTATION(#867,#12475);
#822=CONTEXT_DEPENDENT_SHAPE_REPRESENTATION(#868,#12477);
#823=CONTEXT_DEPENDENT_SHAPE_REPRESENTATION(#869,#12479);
#824=CONTEXT_DEPENDENT_SHAPE_REPRESENTATION(#870,#12481);
#825=CONTEXT_DEPENDENT_SHAPE_REPRESENTATION(#871,#12483);
#826=CONTEXT_DEPENDENT_SHAPE_REPRESENTATION(#872,#12484);
#827=CONTEXT_DEPENDENT_SHAPE_REPRESENTATION(#873,#12485);
#828=CONTEXT_DEPENDENT_SHAPE_REPRESENTATION(#874,#12486);
#829=CONTEXT_DEPENDENT_SHAPE_REPRESENTATION(#875,#12488);
#830=NEXT_ASSEMBLY_USAGE_OCCURRENCE('NAUO1','Part 1','Part 1',#12489,#12490,
'');
#831=NEXT_ASSEMBLY_USAGE_OCCURRENCE('NAUO2','Part 1','Part 1',#12489,#12491,
'');
#832=NEXT_ASSEMBLY_USAGE_OCCURRENCE('NAUO3','Part 1','Part 1',#12489,#12492,
'');
#833=NEXT_ASSEMBLY_USAGE_OCCURRENCE('NAUO4','Part 1','Part 1',#12489,#12493,
'');
#834=NEXT_ASSEMBLY_USAGE_OCCURRENCE('NAUO5','Part 1','Part 1',#12489,#12494,
'');
#835=NEXT_ASSEMBLY_USAGE_OCCURRENCE('NAUO6','Part 1','Part 1',#12489,#12495,
'');
#836=NEXT_ASSEMBLY_USAGE_OCCURRENCE('NAUO7','Part 2','Part 2',#12489,#12496,
'');
#837=NEXT_ASSEMBLY_USAGE_OCCURRENCE('NAUO8','Part 1','Part 1',#12489,#12497,
'');
#838=NEXT_ASSEMBLY_USAGE_OCCURRENCE('NAUO9','Part 1','Part 1',#12489,#12492,
'');
#839=NEXT_ASSEMBLY_USAGE_OCCURRENCE('NAUO10','Part 3','Part 3',#12489,#12498,
'');
#840=NEXT_ASSEMBLY_USAGE_OCCURRENCE('NAUO11','Part 1','Part 1',#12489,#12499,
'');
#841=NEXT_ASSEMBLY_USAGE_OCCURRENCE('NAUO12','Part 1','Part 1',#12489,#12500,
'');
#842=NEXT_ASSEMBLY_USAGE_OCCURRENCE('NAUO13','Part 1','Part 1',#12489,#12501,
'');
#843=NEXT_ASSEMBLY_USAGE_OCCURRENCE('NAUO14','Part 1','Part 1',#12489,#12499,
'');
#844=NEXT_ASSEMBLY_USAGE_OCCURRENCE('NAUO15','Part 1','Part 1',#12489,#12497,
'');
#845=NEXT_ASSEMBLY_USAGE_OCCURRENCE('NAUO16','Part 1','Part 1',#12489,#12502,
'');
#846=NEXT_ASSEMBLY_USAGE_OCCURRENCE('NAUO17','Spur gear (20 teeth)',
'Spur gear (20 teeth)',#12489,#12503,'');
#847=NEXT_ASSEMBLY_USAGE_OCCURRENCE('NAUO18','Part 1','Part 1',#12489,#12504,
'');
#848=NEXT_ASSEMBLY_USAGE_OCCURRENCE('NAUO19','Part 1','Part 1',#12489,#12505,
'');
#849=NEXT_ASSEMBLY_USAGE_OCCURRENCE('NAUO20','Part 3','Part 3',#12489,#12498,
'');
#850=NEXT_ASSEMBLY_USAGE_OCCURRENCE('NAUO21','Part 2','Part 2',#12489,#12496,
'');
#851=NEXT_ASSEMBLY_USAGE_OCCURRENCE('NAUO22','Spur gear (20 teeth)',
'Spur gear (20 teeth)',#12489,#12503,'');
#852=NEXT_ASSEMBLY_USAGE_OCCURRENCE('NAUO23','Part 1','Part 1',#12489,#12506,
'');
#853=(
REPRESENTATION_RELATIONSHIP(' ',' ',#5576,#5575)
REPRESENTATION_RELATIONSHIP_WITH_TRANSFORMATION(#876)
SHAPE_REPRESENTATION_RELATIONSHIP()
);
#854=(
REPRESENTATION_RELATIONSHIP(' ',' ',#5577,#5575)
REPRESENTATION_RELATIONSHIP_WITH_TRANSFORMATION(#877)
SHAPE_REPRESENTATION_RELATIONSHIP()
);
#855=(
REPRESENTATION_RELATIONSHIP(' ',' ',#5578,#5575)
REPRESENTATION_RELATIONSHIP_WITH_TRANSFORMATION(#878)
SHAPE_REPRESENTATION_RELATIONSHIP()
);
#856=(
REPRESENTATION_RELATIONSHIP(' ',' ',#5579,#5575)
REPRESENTATION_RELATIONSHIP_WITH_TRANSFORMATION(#879)
SHAPE_REPRESENTATION_RELATIONSHIP()
);
#857=(
REPRESENTATION_RELATIONSHIP(' ',' ',#5580,#5575)
REPRESENTATION_RELATIONSHIP_WITH_TRANSFORMATION(#880)
SHAPE_REPRESENTATION_RELATIONSHIP()
);
#858=(
REPRESENTATION_RELATIONSHIP(' ',' ',#5581,#5575)
REPRESENTATION_RELATIONSHIP_WITH_TRANSFORMATION(#881)
SHAPE_REPRESENTATION_RELATIONSHIP()
);
#859=(
REPRESENTATION_RELATIONSHIP(' ',' ',#5582,#5575)
REPRESENTATION_RELATIONSHIP_WITH_TRANSFORMATION(#882)
SHAPE_REPRESENTATION_RELATIONSHIP()
);
#860=(
REPRESENTATION_RELATIONSHIP(' ',' ',#5583,#5575)
REPRESENTATION_RELATIONSHIP_WITH_TRANSFORMATION(#883)
SHAPE_REPRESENTATION_RELATIONSHIP()
);
#861=(
REPRESENTATION_RELATIONSHIP(' ',' ',#5578,#5575)
REPRESENTATION_RELATIONSHIP_WITH_TRANSFORMATION(#884)
SHAPE_REPRESENTATION_RELATIONSHIP()
);
#862=(
REPRESENTATION_RELATIONSHIP(' ',' ',#5584,#5575)
REPRESENTATION_RELATIONSHIP_WITH_TRANSFORMATION(#885)
SHAPE_REPRESENTATION_RELATIONSHIP()
);
#863=(
REPRESENTATION_RELATIONSHIP(' ',' ',#5585,#5575)
REPRESENTATION_RELATIONSHIP_WITH_TRANSFORMATION(#886)
SHAPE_REPRESENTATION_RELATIONSHIP()
);
#864=(
REPRESENTATION_RELATIONSHIP(' ',' ',#5586,#5575)
REPRESENTATION_RELATIONSHIP_WITH_TRANSFORMATION(#887)
SHAPE_REPRESENTATION_RELATIONSHIP()
);
#865=(
REPRESENTATION_RELATIONSHIP(' ',' ',#5587,#5575)
REPRESENTATION_RELATIONSHIP_WITH_TRANSFORMATION(#888)
SHAPE_REPRESENTATION_RELATIONSHIP()
);
#866=(
REPRESENTATION_RELATIONSHIP(' ',' ',#5585,#5575)
REPRESENTATION_RELATIONSHIP_WITH_TRANSFORMATION(#889)
SHAPE_REPRESENTATION_RELATIONSHIP()
);
#867=(
REPRESENTATION_RELATIONSHIP(' ',' ',#5583,#5575)
REPRESENTATION_RELATIONSHIP_WITH_TRANSFORMATION(#890)
SHAPE_REPRESENTATION_RELATIONSHIP()
);
#868=(
REPRESENTATION_RELATIONSHIP(' ',' ',#5588,#5575)
REPRESENTATION_RELATIONSHIP_WITH_TRANSFORMATION(#891)
SHAPE_REPRESENTATION_RELATIONSHIP()
);
#869=(
REPRESENTATION_RELATIONSHIP(' ',' ',#5589,#5575)
REPRESENTATION_RELATIONSHIP_WITH_TRANSFORMATION(#892)
SHAPE_REPRESENTATION_RELATIONSHIP()
);
#870=(
REPRESENTATION_RELATIONSHIP(' ',' ',#5590,#5575)
REPRESENTATION_RELATIONSHIP_WITH_TRANSFORMATION(#893)
SHAPE_REPRESENTATION_RELATIONSHIP()
);
#871=(
REPRESENTATION_RELATIONSHIP(' ',' ',#5591,#5575)
REPRESENTATION_RELATIONSHIP_WITH_TRANSFORMATION(#894)
SHAPE_REPRESENTATION_RELATIONSHIP()
);
#872=(
REPRESENTATION_RELATIONSHIP(' ',' ',#5584,#5575)
REPRESENTATION_RELATIONSHIP_WITH_TRANSFORMATION(#895)
SHAPE_REPRESENTATION_RELATIONSHIP()
);
#873=(
REPRESENTATION_RELATIONSHIP(' ',' ',#5582,#5575)
REPRESENTATION_RELATIONSHIP_WITH_TRANSFORMATION(#896)
SHAPE_REPRESENTATION_RELATIONSHIP()
);
#874=(
REPRESENTATION_RELATIONSHIP(' ',' ',#5589,#5575)
REPRESENTATION_RELATIONSHIP_WITH_TRANSFORMATION(#897)
SHAPE_REPRESENTATION_RELATIONSHIP()
);
#875=(
REPRESENTATION_RELATIONSHIP(' ',' ',#5592,#5575)
REPRESENTATION_RELATIONSHIP_WITH_TRANSFORMATION(#898)
SHAPE_REPRESENTATION_RELATIONSHIP()
);
#876=ITEM_DEFINED_TRANSFORMATION(' ',' ',#5593,#5618);
#877=ITEM_DEFINED_TRANSFORMATION(' ',' ',#5593,#5637);
#878=ITEM_DEFINED_TRANSFORMATION(' ',' ',#5593,#5676);
#879=ITEM_DEFINED_TRANSFORMATION(' ',' ',#5593,#5683);
#880=ITEM_DEFINED_TRANSFORMATION(' ',' ',#5593,#5729);
#881=ITEM_DEFINED_TRANSFORMATION(' ',' ',#5593,#5738);
#882=ITEM_DEFINED_TRANSFORMATION(' ',' ',#5593,#5745);
#883=ITEM_DEFINED_TRANSFORMATION(' ',' ',#5593,#5754);
#884=ITEM_DEFINED_TRANSFORMATION(' ',' ',#5593,#5755);
#885=ITEM_DEFINED_TRANSFORMATION(' ',' ',#5593,#5764);
#886=ITEM_DEFINED_TRANSFORMATION(' ',' ',#5593,#5782);
#887=ITEM_DEFINED_TRANSFORMATION(' ',' ',#5593,#5809);
#888=ITEM_DEFINED_TRANSFORMATION(' ',' ',#5593,#5816);
#889=ITEM_DEFINED_TRANSFORMATION(' ',' ',#5593,#5817);
#890=ITEM_DEFINED_TRANSFORMATION(' ',' ',#5593,#5818);
#891=ITEM_DEFINED_TRANSFORMATION(' ',' ',#5593,#5848);
#892=ITEM_DEFINED_TRANSFORMATION(' ',' ',#5593,#6094);
#893=ITEM_DEFINED_TRANSFORMATION(' ',' ',#5593,#6116);
#894=ITEM_DEFINED_TRANSFORMATION(' ',' ',#5593,#6146);
#895=ITEM_DEFINED_TRANSFORMATION(' ',' ',#5593,#6147);
#896=ITEM_DEFINED_TRANSFORMATION(' ',' ',#5593,#6148);
#897=ITEM_DEFINED_TRANSFORMATION(' ',' ',#5593,#6149);
#898=ITEM_DEFINED_TRANSFORMATION(' ',' ',#5593,#6188);
#899=SHAPE_REPRESENTATION_RELATIONSHIP('','',#5576,#916);
#900=SHAPE_REPRESENTATION_RELATIONSHIP('','',#5577,#917);
#901=SHAPE_REPRESENTATION_RELATIONSHIP('','',#5578,#918);
#902=SHAPE_REPRESENTATION_RELATIONSHIP('','',#5579,#919);
#903=SHAPE_REPRESENTATION_RELATIONSHIP('','',#5580,#920);
#904=SHAPE_REPRESENTATION_RELATIONSHIP('','',#5581,#921);
#905=SHAPE_REPRESENTATION_RELATIONSHIP('','',#5582,#922);
#906=SHAPE_REPRESENTATION_RELATIONSHIP('','',#5583,#923);
#907=SHAPE_REPRESENTATION_RELATIONSHIP('','',#5584,#924);
#908=SHAPE_REPRESENTATION_RELATIONSHIP('','',#5585,#925);
#909=SHAPE_REPRESENTATION_RELATIONSHIP('','',#5586,#926);
#910=SHAPE_REPRESENTATION_RELATIONSHIP('','',#5587,#927);
#911=SHAPE_REPRESENTATION_RELATIONSHIP('','',#5588,#928);
#912=SHAPE_REPRESENTATION_RELATIONSHIP('','',#5589,#929);
#913=SHAPE_REPRESENTATION_RELATIONSHIP('','',#5590,#930);
#914=SHAPE_REPRESENTATION_RELATIONSHIP('','',#5591,#931);
#915=SHAPE_REPRESENTATION_RELATIONSHIP('','',#5592,#932);
#916=ADVANCED_BREP_SHAPE_REPRESENTATION('',(#5540),#12410);
#917=ADVANCED_BREP_SHAPE_REPRESENTATION('',(#5541),#12411);
#918=ADVANCED_BREP_SHAPE_REPRESENTATION('',(#5542),#12412);
#919=ADVANCED_BREP_SHAPE_REPRESENTATION('',(#5543),#12413);
#920=ADVANCED_BREP_SHAPE_REPRESENTATION('',(#5544),#12414);
#921=ADVANCED_BREP_SHAPE_REPRESENTATION('',(#5545),#12415);
#922=ADVANCED_BREP_SHAPE_REPRESENTATION('',(#5546),#12416);
#923=ADVANCED_BREP_SHAPE_REPRESENTATION('',(#5547),#12417);
#924=ADVANCED_BREP_SHAPE_REPRESENTATION('',(#5548),#12418);
#925=ADVANCED_BREP_SHAPE_REPRESENTATION('',(#5549),#12419);
#926=ADVANCED_BREP_SHAPE_REPRESENTATION('',(#5550),#12420);
#927=ADVANCED_BREP_SHAPE_REPRESENTATION('',(#5551),#12421);
#928=ADVANCED_BREP_SHAPE_REPRESENTATION('',(#5552),#12422);
#929=ADVANCED_BREP_SHAPE_REPRESENTATION('',(#5553),#12423);
#930=ADVANCED_BREP_SHAPE_REPRESENTATION('',(#5554),#12424);
#931=ADVANCED_BREP_SHAPE_REPRESENTATION('',(#5555),#12425);
#932=ADVANCED_BREP_SHAPE_REPRESENTATION('',(#5556),#12426);
#933=CYLINDRICAL_SURFACE('',#5600,0.0025);
#934=CYLINDRICAL_SURFACE('',#5601,0.008);
#935=CYLINDRICAL_SURFACE('',#5608,0.0055);
#936=CYLINDRICAL_SURFACE('',#5610,0.0065);
#937=CYLINDRICAL_SURFACE('',#5613,0.0055);
#938=CYLINDRICAL_SURFACE('',#5615,0.0065);
#939=CYLINDRICAL_SURFACE('',#5619,0.008);
#940=CYLINDRICAL_SURFACE('',#5623,0.008);
#941=CYLINDRICAL_SURFACE('',#5627,0.006);
#942=CYLINDRICAL_SURFACE('',#5631,0.006);
#943=CYLINDRICAL_SURFACE('',#5666,0.0015);
#944=CYLINDRICAL_SURFACE('',#5667,0.0015);
#945=CYLINDRICAL_SURFACE('',#5668,0.0015);
#946=CYLINDRICAL_SURFACE('',#5669,0.0015);
#947=CYLINDRICAL_SURFACE('',#5670,0.005);
#948=CYLINDRICAL_SURFACE('',#5671,0.0016);
#949=CYLINDRICAL_SURFACE('',#5672,0.0016);
#950=CYLINDRICAL_SURFACE('',#5673,0.0016);
#951=CYLINDRICAL_SURFACE('',#5674,0.0253492424049175);
#952=CYLINDRICAL_SURFACE('',#5675,0.02535);
#953=CYLINDRICAL_SURFACE('',#5701,0.00805);
#954=CYLINDRICAL_SURFACE('',#5703,0.00805);
#955=CYLINDRICAL_SURFACE('',#5705,0.00805);
#956=CYLINDRICAL_SURFACE('',#5707,0.00805);
#957=CYLINDRICAL_SURFACE('',#5715,0.0135);
#958=CYLINDRICAL_SURFACE('',#5724,0.002);
#959=CYLINDRICAL_SURFACE('',#5725,0.00275);
#960=CYLINDRICAL_SURFACE('',#5726,0.002);
#961=CYLINDRICAL_SURFACE('',#5727,0.002);
#962=CYLINDRICAL_SURFACE('',#5728,0.002);
#963=CYLINDRICAL_SURFACE('',#5732,0.0024);
#964=CYLINDRICAL_SURFACE('',#5740,0.0025);
#965=CYLINDRICAL_SURFACE('',#5746,0.008);
#966=CYLINDRICAL_SURFACE('',#5753,0.0025);
#967=CYLINDRICAL_SURFACE('',#5756,0.008);
#968=CYLINDRICAL_SURFACE('',#5763,0.0025);
#969=CYLINDRICAL_SURFACE('',#5765,0.015);
#970=CYLINDRICAL_SURFACE('',#5773,0.01375);
#971=CYLINDRICAL_SURFACE('',#5776,0.005);
#972=CYLINDRICAL_SURFACE('',#5779,0.0016);
#973=CYLINDRICAL_SURFACE('',#5783,0.005);
#974=CYLINDRICAL_SURFACE('',#5786,0.0025);
#975=CYLINDRICAL_SURFACE('',#5801,0.011);
#976=CYLINDRICAL_SURFACE('',#5803,0.00125);
#977=CYLINDRICAL_SURFACE('',#5804,0.00125);
#978=CYLINDRICAL_SURFACE('',#5805,0.00125);
#979=CYLINDRICAL_SURFACE('',#5806,0.00125);
#980=CYLINDRICAL_SURFACE('',#5807,0.00125);
#981=CYLINDRICAL_SURFACE('',#5808,0.00125);
#982=CYLINDRICAL_SURFACE('',#5833,0.0135);
#983=CYLINDRICAL_SURFACE('',#5842,0.002);
#984=CYLINDRICAL_SURFACE('',#5843,0.0025);
#985=CYLINDRICAL_SURFACE('',#5845,0.002);
#986=CYLINDRICAL_SURFACE('',#5846,0.002);
#987=CYLINDRICAL_SURFACE('',#5847,0.002);
#988=CYLINDRICAL_SURFACE('',#5849,0.0066);
#989=CYLINDRICAL_SURFACE('',#5852,0.0066);
#990=CYLINDRICAL_SURFACE('',#5855,0.0066);
#991=CYLINDRICAL_SURFACE('',#5858,0.0066);
#992=CYLINDRICAL_SURFACE('',#5861,0.0066);
#993=CYLINDRICAL_SURFACE('',#5864,0.0066);
#994=CYLINDRICAL_SURFACE('',#5867,0.0066);
#995=CYLINDRICAL_SURFACE('',#5870,0.0066);
#996=CYLINDRICAL_SURFACE('',#5873,0.0066);
#997=CYLINDRICAL_SURFACE('',#5876,0.0066);
#998=CYLINDRICAL_SURFACE('',#5879,0.0066);
#999=CYLINDRICAL_SURFACE('',#5882,0.0066);
#1000=CYLINDRICAL_SURFACE('',#5885,0.0066);
#1001=CYLINDRICAL_SURFACE('',#5888,0.0066);
#1002=CYLINDRICAL_SURFACE('',#5891,0.0066);
#1003=CYLINDRICAL_SURFACE('',#5894,0.0066);
#1004=CYLINDRICAL_SURFACE('',#5897,0.0066);
#1005=CYLINDRICAL_SURFACE('',#5900,0.0066);
#1006=CYLINDRICAL_SURFACE('',#5903,0.0066);
#1007=CYLINDRICAL_SURFACE('',#5969,0.0066);
#1008=CYLINDRICAL_SURFACE('',#6033,0.00525000000000057);
#1009=CYLINDRICAL_SURFACE('',#6034,0.000114995937771974);
#1010=CYLINDRICAL_SURFACE('',#6035,0.000114995937771974);
#1011=CYLINDRICAL_SURFACE('',#6036,0.00525000000000057);
#1012=CYLINDRICAL_SURFACE('',#6037,0.000114995937771974);
#1013=CYLINDRICAL_SURFACE('',#6038,0.000114995937771974);
#1014=CYLINDRICAL_SURFACE('',#6039,0.00525000000000057);
#1015=CYLINDRICAL_SURFACE('',#6040,0.000114995937771974);
#1016=CYLINDRICAL_SURFACE('',#6041,0.000114995937771974);
#1017=CYLINDRICAL_SURFACE('',#6042,0.00525000000000057);
#1018=CYLINDRICAL_SURFACE('',#6043,0.000114995937771974);
#1019=CYLINDRICAL_SURFACE('',#6044,0.000114995937771974);
#1020=CYLINDRICAL_SURFACE('',#6045,0.00525000000000057);
#1021=CYLINDRICAL_SURFACE('',#6046,0.000114995937771974);
#1022=CYLINDRICAL_SURFACE('',#6047,0.000114995937771974);
#1023=CYLINDRICAL_SURFACE('',#6048,0.00525000000000057);
#1024=CYLINDRICAL_SURFACE('',#6049,0.000114995937771974);
#1025=CYLINDRICAL_SURFACE('',#6050,0.000114995937771974);
#1026=CYLINDRICAL_SURFACE('',#6051,0.00525000000000057);
#1027=CYLINDRICAL_SURFACE('',#6052,0.000114995937771974);
#1028=CYLINDRICAL_SURFACE('',#6053,0.000114995937771974);
#1029=CYLINDRICAL_SURFACE('',#6054,0.00525000000000057);
#1030=CYLINDRICAL_SURFACE('',#6055,0.000114995937771974);
#1031=CYLINDRICAL_SURFACE('',#6056,0.000114995937771974);
#1032=CYLINDRICAL_SURFACE('',#6057,0.00525000000000057);
#1033=CYLINDRICAL_SURFACE('',#6058,0.000114995937771974);
#1034=CYLINDRICAL_SURFACE('',#6059,0.000114995937771974);
#1035=CYLINDRICAL_SURFACE('',#6060,0.00525000000000057);
#1036=CYLINDRICAL_SURFACE('',#6061,0.000114995937771974);
#1037=CYLINDRICAL_SURFACE('',#6062,0.000114995937771974);
#1038=CYLINDRICAL_SURFACE('',#6063,0.00525000000000057);
#1039=CYLINDRICAL_SURFACE('',#6064,0.000114995937771974);
#1040=CYLINDRICAL_SURFACE('',#6065,0.000114995937771974);
#1041=CYLINDRICAL_SURFACE('',#6066,0.00525000000000057);
#1042=CYLINDRICAL_SURFACE('',#6067,0.000114995937771974);
#1043=CYLINDRICAL_SURFACE('',#6068,0.000114995937771974);
#1044=CYLINDRICAL_SURFACE('',#6069,0.00525000000000057);
#1045=CYLINDRICAL_SURFACE('',#6070,0.000114995937771974);
#1046=CYLINDRICAL_SURFACE('',#6071,0.000114995937771974);
#1047=CYLINDRICAL_SURFACE('',#6072,0.00525000000000057);
#1048=CYLINDRICAL_SURFACE('',#6073,0.000114995937771974);
#1049=CYLINDRICAL_SURFACE('',#6074,0.000114995937771974);
#1050=CYLINDRICAL_SURFACE('',#6075,0.00525000000000057);
#1051=CYLINDRICAL_SURFACE('',#6076,0.000114995937771974);
#1052=CYLINDRICAL_SURFACE('',#6077,0.000114995937771974);
#1053=CYLINDRICAL_SURFACE('',#6078,0.00525000000000057);
#1054=CYLINDRICAL_SURFACE('',#6079,0.000114995937771974);
#1055=CYLINDRICAL_SURFACE('',#6080,0.000114995937771974);
#1056=CYLINDRICAL_SURFACE('',#6081,0.00525000000000057);
#1057=CYLINDRICAL_SURFACE('',#6082,0.000114995937771974);
#1058=CYLINDRICAL_SURFACE('',#6083,0.000114995937771974);
#1059=CYLINDRICAL_SURFACE('',#6084,0.00525000000000057);
#1060=CYLINDRICAL_SURFACE('',#6085,0.000114995937771974);
#1061=CYLINDRICAL_SURFACE('',#6086,0.000114995937771974);
#1062=CYLINDRICAL_SURFACE('',#6087,0.00525000000000057);
#1063=CYLINDRICAL_SURFACE('',#6088,0.000114995937771974);
#1064=CYLINDRICAL_SURFACE('',#6089,0.000114995937771974);
#1065=CYLINDRICAL_SURFACE('',#6090,0.00525000000000057);
#1066=CYLINDRICAL_SURFACE('',#6091,0.000114995937771974);
#1067=CYLINDRICAL_SURFACE('',#6092,0.000114995937771974);
#1068=CYLINDRICAL_SURFACE('',#6093,0.0025);
#1069=CYLINDRICAL_SURFACE('',#6131,0.0135);
#1070=CYLINDRICAL_SURFACE('',#6140,0.002);
#1071=CYLINDRICAL_SURFACE('',#6141,0.00255);
#1072=CYLINDRICAL_SURFACE('',#6143,0.002);
#1073=CYLINDRICAL_SURFACE('',#6144,0.002);
#1074=CYLINDRICAL_SURFACE('',#6145,0.002);
#1075=CYLINDRICAL_SURFACE('',#6164,0.00145);
#1076=CYLINDRICAL_SURFACE('',#6167,0.00145);
#1077=CYLINDRICAL_SURFACE('',#6170,0.00145);
#1078=CYLINDRICAL_SURFACE('',#6173,0.00145);
#1079=CYLINDRICAL_SURFACE('',#6176,0.00145);
#1080=CYLINDRICAL_SURFACE('',#6179,0.00145);
#1081=CYLINDRICAL_SURFACE('',#6182,0.00144979735272814);
#1082=CYLINDRICAL_SURFACE('',#6185,0.00144979735272814);
#1083=ORIENTED_EDGE('',*,*,#2525,.F.);
#1084=ORIENTED_EDGE('',*,*,#2526,.T.);
#1085=ORIENTED_EDGE('',*,*,#2527,.T.);
#1086=ORIENTED_EDGE('',*,*,#2528,.T.);
#1087=ORIENTED_EDGE('',*,*,#2525,.T.);
#1088=ORIENTED_EDGE('',*,*,#2527,.F.);
#1089=ORIENTED_EDGE('',*,*,#2529,.F.);
#1090=ORIENTED_EDGE('',*,*,#2530,.T.);
#1091=ORIENTED_EDGE('',*,*,#2531,.F.);
#1092=ORIENTED_EDGE('',*,*,#2529,.T.);
#1093=ORIENTED_EDGE('',*,*,#2532,.F.);
#1094=ORIENTED_EDGE('',*,*,#2530,.F.);
#1095=ORIENTED_EDGE('',*,*,#2533,.T.);
#1096=ORIENTED_EDGE('',*,*,#2528,.F.);
#1097=ORIENTED_EDGE('',*,*,#2534,.F.);
#1098=ORIENTED_EDGE('',*,*,#2532,.T.);
#1099=ORIENTED_EDGE('',*,*,#2533,.F.);
#1100=ORIENTED_EDGE('',*,*,#2534,.T.);
#1101=ORIENTED_EDGE('',*,*,#2535,.T.);
#1102=ORIENTED_EDGE('',*,*,#2526,.F.);
#1103=ORIENTED_EDGE('',*,*,#2536,.F.);
#1104=ORIENTED_EDGE('',*,*,#2531,.T.);
#1105=ORIENTED_EDGE('',*,*,#2535,.F.);
#1106=ORIENTED_EDGE('',*,*,#2536,.T.);
#1107=ORIENTED_EDGE('',*,*,#2537,.T.);
#1108=ORIENTED_EDGE('',*,*,#2538,.F.);
#1109=ORIENTED_EDGE('',*,*,#2539,.F.);
#1110=ORIENTED_EDGE('',*,*,#2540,.T.);
#1111=ORIENTED_EDGE('',*,*,#2541,.F.);
#1112=ORIENTED_EDGE('',*,*,#2542,.F.);
#1113=ORIENTED_EDGE('',*,*,#2543,.T.);
#1114=ORIENTED_EDGE('',*,*,#2538,.T.);
#1115=ORIENTED_EDGE('',*,*,#2544,.T.);
#1116=ORIENTED_EDGE('',*,*,#2545,.F.);
#1117=ORIENTED_EDGE('',*,*,#2546,.F.);
#1118=ORIENTED_EDGE('',*,*,#2542,.T.);
#1119=ORIENTED_EDGE('',*,*,#2547,.T.);
#1120=ORIENTED_EDGE('',*,*,#2548,.F.);
#1121=ORIENTED_EDGE('',*,*,#2549,.F.);
#1122=ORIENTED_EDGE('',*,*,#2550,.T.);
#1123=ORIENTED_EDGE('',*,*,#2551,.F.);
#1124=ORIENTED_EDGE('',*,*,#2552,.F.);
#1125=ORIENTED_EDGE('',*,*,#2553,.T.);
#1126=ORIENTED_EDGE('',*,*,#2548,.T.);
#1127=ORIENTED_EDGE('',*,*,#2554,.F.);
#1128=ORIENTED_EDGE('',*,*,#2555,.F.);
#1129=ORIENTED_EDGE('',*,*,#2556,.T.);
#1130=ORIENTED_EDGE('',*,*,#2552,.T.);
#1131=ORIENTED_EDGE('',*,*,#2557,.F.);
#1132=ORIENTED_EDGE('',*,*,#2550,.F.);
#1133=ORIENTED_EDGE('',*,*,#2558,.T.);
#1134=ORIENTED_EDGE('',*,*,#2555,.T.);
#1135=ORIENTED_EDGE('',*,*,#2559,.F.);
#1136=ORIENTED_EDGE('',*,*,#2540,.F.);
#1137=ORIENTED_EDGE('',*,*,#2560,.T.);
#1138=ORIENTED_EDGE('',*,*,#2545,.T.);
#1139=ORIENTED_EDGE('',*,*,#2549,.T.);
#1140=ORIENTED_EDGE('',*,*,#2553,.F.);
#1141=ORIENTED_EDGE('',*,*,#2556,.F.);
#1142=ORIENTED_EDGE('',*,*,#2558,.F.);
#1143=ORIENTED_EDGE('',*,*,#2539,.T.);
#1144=ORIENTED_EDGE('',*,*,#2543,.F.);
#1145=ORIENTED_EDGE('',*,*,#2546,.T.);
#1146=ORIENTED_EDGE('',*,*,#2560,.F.);
#1147=ORIENTED_EDGE('',*,*,#2547,.F.);
#1148=ORIENTED_EDGE('',*,*,#2557,.T.);
#1149=ORIENTED_EDGE('',*,*,#2554,.T.);
#1150=ORIENTED_EDGE('',*,*,#2551,.T.);
#1151=ORIENTED_EDGE('',*,*,#2537,.F.);
#1152=ORIENTED_EDGE('',*,*,#2559,.T.);
#1153=ORIENTED_EDGE('',*,*,#2544,.F.);
#1154=ORIENTED_EDGE('',*,*,#2541,.T.);
#1155=ORIENTED_EDGE('',*,*,#2561,.F.);
#1156=ORIENTED_EDGE('',*,*,#2562,.F.);
#1157=ORIENTED_EDGE('',*,*,#2563,.T.);
#1158=ORIENTED_EDGE('',*,*,#2564,.T.);
#1159=ORIENTED_EDGE('',*,*,#2565,.F.);
#1160=ORIENTED_EDGE('',*,*,#2566,.F.);
#1161=ORIENTED_EDGE('',*,*,#2567,.F.);
#1162=ORIENTED_EDGE('',*,*,#2568,.F.);
#1163=ORIENTED_EDGE('',*,*,#2569,.T.);
#1164=ORIENTED_EDGE('',*,*,#2570,.T.);
#1165=ORIENTED_EDGE('',*,*,#2564,.F.);
#1166=ORIENTED_EDGE('',*,*,#2571,.T.);
#1167=ORIENTED_EDGE('',*,*,#2572,.F.);
#1168=ORIENTED_EDGE('',*,*,#2573,.T.);
#1169=ORIENTED_EDGE('',*,*,#2574,.T.);
#1170=ORIENTED_EDGE('',*,*,#2575,.T.);
#1171=ORIENTED_EDGE('',*,*,#2576,.T.);
#1172=ORIENTED_EDGE('',*,*,#2577,.T.);
#1173=ORIENTED_EDGE('',*,*,#2578,.F.);
#1174=ORIENTED_EDGE('',*,*,#2579,.F.);
#1175=ORIENTED_EDGE('',*,*,#2580,.F.);
#1176=ORIENTED_EDGE('',*,*,#2581,.T.);
#1177=ORIENTED_EDGE('',*,*,#2582,.F.);
#1178=ORIENTED_EDGE('',*,*,#2562,.T.);
#1179=ORIENTED_EDGE('',*,*,#2583,.F.);
#1180=ORIENTED_EDGE('',*,*,#2581,.F.);
#1181=ORIENTED_EDGE('',*,*,#2584,.T.);
#1182=ORIENTED_EDGE('',*,*,#2585,.T.);
#1183=ORIENTED_EDGE('',*,*,#2586,.F.);
#1184=ORIENTED_EDGE('',*,*,#2572,.T.);
#1185=ORIENTED_EDGE('',*,*,#2579,.T.);
#1186=ORIENTED_EDGE('',*,*,#2587,.T.);
#1187=ORIENTED_EDGE('',*,*,#2569,.F.);
#1188=ORIENTED_EDGE('',*,*,#2588,.T.);
#1189=ORIENTED_EDGE('',*,*,#2589,.F.);
#1190=ORIENTED_EDGE('',*,*,#2590,.F.);
#1191=ORIENTED_EDGE('',*,*,#2591,.F.);
#1192=ORIENTED_EDGE('',*,*,#2585,.F.);
#1193=ORIENTED_EDGE('',*,*,#2592,.T.);
#1194=ORIENTED_EDGE('',*,*,#2589,.T.);
#1195=ORIENTED_EDGE('',*,*,#2593,.F.);
#1196=ORIENTED_EDGE('',*,*,#2594,.F.);
#1197=ORIENTED_EDGE('',*,*,#2595,.F.);
#1198=ORIENTED_EDGE('',*,*,#2596,.F.);
#1199=ORIENTED_EDGE('',*,*,#2584,.F.);
#1200=ORIENTED_EDGE('',*,*,#2580,.T.);
#1201=ORIENTED_EDGE('',*,*,#2590,.T.);
#1202=ORIENTED_EDGE('',*,*,#2592,.F.);
#1203=ORIENTED_EDGE('',*,*,#2597,.T.);
#1204=ORIENTED_EDGE('',*,*,#2598,.T.);
#1205=ORIENTED_EDGE('',*,*,#2599,.T.);
#1206=ORIENTED_EDGE('',*,*,#2600,.T.);
#1207=ORIENTED_EDGE('',*,*,#2586,.T.);
#1208=ORIENTED_EDGE('',*,*,#2591,.T.);
#1209=ORIENTED_EDGE('',*,*,#2588,.F.);
#1210=ORIENTED_EDGE('',*,*,#2573,.F.);
#1211=ORIENTED_EDGE('',*,*,#2600,.F.);
#1212=ORIENTED_EDGE('',*,*,#2596,.T.);
#1213=ORIENTED_EDGE('',*,*,#2599,.F.);
#1214=ORIENTED_EDGE('',*,*,#2595,.T.);
#1215=ORIENTED_EDGE('',*,*,#2598,.F.);
#1216=ORIENTED_EDGE('',*,*,#2594,.T.);
#1217=ORIENTED_EDGE('',*,*,#2597,.F.);
#1218=ORIENTED_EDGE('',*,*,#2593,.T.);
#1219=ORIENTED_EDGE('',*,*,#2577,.F.);
#1220=ORIENTED_EDGE('',*,*,#2568,.T.);
#1221=ORIENTED_EDGE('',*,*,#2576,.F.);
#1222=ORIENTED_EDGE('',*,*,#2567,.T.);
#1223=ORIENTED_EDGE('',*,*,#2575,.F.);
#1224=ORIENTED_EDGE('',*,*,#2566,.T.);
#1225=ORIENTED_EDGE('',*,*,#2574,.F.);
#1226=ORIENTED_EDGE('',*,*,#2565,.T.);
#1227=ORIENTED_EDGE('',*,*,#2571,.F.);
#1228=ORIENTED_EDGE('',*,*,#2563,.F.);
#1229=ORIENTED_EDGE('',*,*,#2582,.T.);
#1230=ORIENTED_EDGE('',*,*,#2583,.T.);
#1231=ORIENTED_EDGE('',*,*,#2570,.F.);
#1232=ORIENTED_EDGE('',*,*,#2587,.F.);
#1233=ORIENTED_EDGE('',*,*,#2578,.T.);
#1234=ORIENTED_EDGE('',*,*,#2561,.T.);
#1235=ORIENTED_EDGE('',*,*,#2601,.F.);
#1236=ORIENTED_EDGE('',*,*,#2602,.F.);
#1237=ORIENTED_EDGE('',*,*,#2603,.T.);
#1238=ORIENTED_EDGE('',*,*,#2604,.T.);
#1239=ORIENTED_EDGE('',*,*,#2605,.T.);
#1240=ORIENTED_EDGE('',*,*,#2606,.F.);
#1241=ORIENTED_EDGE('',*,*,#2607,.F.);
#1242=ORIENTED_EDGE('',*,*,#2602,.T.);
#1243=ORIENTED_EDGE('',*,*,#2608,.T.);
#1244=ORIENTED_EDGE('',*,*,#2609,.F.);
#1245=ORIENTED_EDGE('',*,*,#2610,.F.);
#1246=ORIENTED_EDGE('',*,*,#2606,.T.);
#1247=ORIENTED_EDGE('',*,*,#2611,.F.);
#1248=ORIENTED_EDGE('',*,*,#2604,.F.);
#1249=ORIENTED_EDGE('',*,*,#2612,.T.);
#1250=ORIENTED_EDGE('',*,*,#2609,.T.);
#1251=ORIENTED_EDGE('',*,*,#2603,.F.);
#1252=ORIENTED_EDGE('',*,*,#2607,.T.);
#1253=ORIENTED_EDGE('',*,*,#2610,.T.);
#1254=ORIENTED_EDGE('',*,*,#2612,.F.);
#1255=ORIENTED_EDGE('',*,*,#2601,.T.);
#1256=ORIENTED_EDGE('',*,*,#2611,.T.);
#1257=ORIENTED_EDGE('',*,*,#2608,.F.);
#1258=ORIENTED_EDGE('',*,*,#2605,.F.);
#1259=ORIENTED_EDGE('',*,*,#2613,.F.);
#1260=ORIENTED_EDGE('',*,*,#2614,.T.);
#1261=ORIENTED_EDGE('',*,*,#2615,.F.);
#1262=ORIENTED_EDGE('',*,*,#2616,.F.);
#1263=ORIENTED_EDGE('',*,*,#2617,.T.);
#1264=ORIENTED_EDGE('',*,*,#2618,.T.);
#1265=ORIENTED_EDGE('',*,*,#2619,.F.);
#1266=ORIENTED_EDGE('',*,*,#2620,.F.);
#1267=ORIENTED_EDGE('',*,*,#2621,.T.);
#1268=ORIENTED_EDGE('',*,*,#2622,.T.);
#1269=ORIENTED_EDGE('',*,*,#2623,.T.);
#1270=ORIENTED_EDGE('',*,*,#2624,.F.);
#1271=ORIENTED_EDGE('',*,*,#2625,.F.);
#1272=ORIENTED_EDGE('',*,*,#2626,.F.);
#1273=ORIENTED_EDGE('',*,*,#2627,.T.);
#1274=ORIENTED_EDGE('',*,*,#2628,.F.);
#1275=ORIENTED_EDGE('',*,*,#2629,.F.);
#1276=ORIENTED_EDGE('',*,*,#2630,.F.);
#1277=ORIENTED_EDGE('',*,*,#2631,.F.);
#1278=ORIENTED_EDGE('',*,*,#2632,.F.);
#1279=ORIENTED_EDGE('',*,*,#2633,.T.);
#1280=ORIENTED_EDGE('',*,*,#2634,.F.);
#1281=ORIENTED_EDGE('',*,*,#2635,.T.);
#1282=ORIENTED_EDGE('',*,*,#2626,.T.);
#1283=ORIENTED_EDGE('',*,*,#2636,.T.);
#1284=ORIENTED_EDGE('',*,*,#2628,.T.);
#1285=ORIENTED_EDGE('',*,*,#2637,.T.);
#1286=ORIENTED_EDGE('',*,*,#2638,.F.);
#1287=ORIENTED_EDGE('',*,*,#2639,.F.);
#1288=ORIENTED_EDGE('',*,*,#2640,.F.);
#1289=ORIENTED_EDGE('',*,*,#2641,.F.);
#1290=ORIENTED_EDGE('',*,*,#2642,.F.);
#1291=ORIENTED_EDGE('',*,*,#2630,.T.);
#1292=ORIENTED_EDGE('',*,*,#2643,.F.);
#1293=ORIENTED_EDGE('',*,*,#2644,.F.);
#1294=ORIENTED_EDGE('',*,*,#2645,.T.);
#1295=ORIENTED_EDGE('',*,*,#2632,.T.);
#1296=ORIENTED_EDGE('',*,*,#2646,.F.);
#1297=ORIENTED_EDGE('',*,*,#2634,.T.);
#1298=ORIENTED_EDGE('',*,*,#2647,.F.);
#1299=ORIENTED_EDGE('',*,*,#2644,.T.);
#1300=ORIENTED_EDGE('',*,*,#2648,.T.);
#1301=ORIENTED_EDGE('',*,*,#2641,.T.);
#1302=ORIENTED_EDGE('',*,*,#2649,.T.);
#1303=ORIENTED_EDGE('',*,*,#2638,.T.);
#1304=ORIENTED_EDGE('',*,*,#2650,.F.);
#1305=ORIENTED_EDGE('',*,*,#2617,.F.);
#1306=ORIENTED_EDGE('',*,*,#2651,.T.);
#1307=ORIENTED_EDGE('',*,*,#2625,.T.);
#1308=ORIENTED_EDGE('',*,*,#2652,.F.);
#1309=ORIENTED_EDGE('',*,*,#2651,.F.);
#1310=ORIENTED_EDGE('',*,*,#2620,.T.);
#1311=ORIENTED_EDGE('',*,*,#2653,.F.);
#1312=ORIENTED_EDGE('',*,*,#2622,.F.);
#1313=ORIENTED_EDGE('',*,*,#2618,.F.);
#1314=ORIENTED_EDGE('',*,*,#2652,.T.);
#1315=ORIENTED_EDGE('',*,*,#2624,.T.);
#1316=ORIENTED_EDGE('',*,*,#2654,.T.);
#1317=ORIENTED_EDGE('',*,*,#2655,.F.);
#1318=ORIENTED_EDGE('',*,*,#2656,.F.);
#1319=ORIENTED_EDGE('',*,*,#2657,.T.);
#1320=ORIENTED_EDGE('',*,*,#2658,.T.);
#1321=ORIENTED_EDGE('',*,*,#2659,.T.);
#1322=ORIENTED_EDGE('',*,*,#2660,.F.);
#1323=ORIENTED_EDGE('',*,*,#2661,.F.);
#1324=ORIENTED_EDGE('',*,*,#2656,.T.);
#1325=ORIENTED_EDGE('',*,*,#2662,.T.);
#1326=ORIENTED_EDGE('',*,*,#2663,.F.);
#1327=ORIENTED_EDGE('',*,*,#2664,.F.);
#1328=ORIENTED_EDGE('',*,*,#2660,.T.);
#1329=ORIENTED_EDGE('',*,*,#2665,.F.);
#1330=ORIENTED_EDGE('',*,*,#2658,.F.);
#1331=ORIENTED_EDGE('',*,*,#2666,.T.);
#1332=ORIENTED_EDGE('',*,*,#2663,.T.);
#1333=ORIENTED_EDGE('',*,*,#2657,.F.);
#1334=ORIENTED_EDGE('',*,*,#2661,.T.);
#1335=ORIENTED_EDGE('',*,*,#2664,.T.);
#1336=ORIENTED_EDGE('',*,*,#2666,.F.);
#1337=ORIENTED_EDGE('',*,*,#2653,.T.);
#1338=ORIENTED_EDGE('',*,*,#2619,.T.);
#1339=ORIENTED_EDGE('',*,*,#2654,.F.);
#1340=ORIENTED_EDGE('',*,*,#2623,.F.);
#1341=ORIENTED_EDGE('',*,*,#2659,.F.);
#1342=ORIENTED_EDGE('',*,*,#2655,.T.);
#1343=ORIENTED_EDGE('',*,*,#2665,.T.);
#1344=ORIENTED_EDGE('',*,*,#2662,.F.);
#1345=ORIENTED_EDGE('',*,*,#2616,.T.);
#1346=ORIENTED_EDGE('',*,*,#2645,.F.);
#1347=ORIENTED_EDGE('',*,*,#2647,.T.);
#1348=ORIENTED_EDGE('',*,*,#2636,.F.);
#1349=ORIENTED_EDGE('',*,*,#2633,.F.);
#1350=ORIENTED_EDGE('',*,*,#2650,.T.);
#1351=ORIENTED_EDGE('',*,*,#2615,.T.);
#1352=ORIENTED_EDGE('',*,*,#2614,.F.);
#1353=ORIENTED_EDGE('',*,*,#2631,.T.);
#1354=ORIENTED_EDGE('',*,*,#2642,.T.);
#1355=ORIENTED_EDGE('',*,*,#2648,.F.);
#1356=ORIENTED_EDGE('',*,*,#2643,.T.);
#1357=ORIENTED_EDGE('',*,*,#2621,.F.);
#1358=ORIENTED_EDGE('',*,*,#2629,.T.);
#1359=ORIENTED_EDGE('',*,*,#2639,.T.);
#1360=ORIENTED_EDGE('',*,*,#2649,.F.);
#1361=ORIENTED_EDGE('',*,*,#2640,.T.);
#1362=ORIENTED_EDGE('',*,*,#2613,.T.);
#1363=ORIENTED_EDGE('',*,*,#2635,.F.);
#1364=ORIENTED_EDGE('',*,*,#2646,.T.);
#1365=ORIENTED_EDGE('',*,*,#2637,.F.);
#1366=ORIENTED_EDGE('',*,*,#2627,.F.);
#1367=ORIENTED_EDGE('',*,*,#2667,.T.);
#1368=ORIENTED_EDGE('',*,*,#2668,.T.);
#1369=ORIENTED_EDGE('',*,*,#2667,.F.);
#1370=ORIENTED_EDGE('',*,*,#2669,.F.);
#1371=ORIENTED_EDGE('',*,*,#2670,.F.);
#1372=ORIENTED_EDGE('',*,*,#2671,.T.);
#1373=ORIENTED_EDGE('',*,*,#2672,.T.);
#1374=ORIENTED_EDGE('',*,*,#2672,.F.);
#1375=ORIENTED_EDGE('',*,*,#2668,.F.);
#1376=ORIENTED_EDGE('',*,*,#2671,.F.);
#1377=ORIENTED_EDGE('',*,*,#2673,.T.);
#1378=ORIENTED_EDGE('',*,*,#2669,.T.);
#1379=ORIENTED_EDGE('',*,*,#2670,.T.);
#1380=ORIENTED_EDGE('',*,*,#2673,.F.);
#1381=ORIENTED_EDGE('',*,*,#2674,.F.);
#1382=ORIENTED_EDGE('',*,*,#2675,.F.);
#1383=ORIENTED_EDGE('',*,*,#2676,.T.);
#1384=ORIENTED_EDGE('',*,*,#2677,.T.);
#1385=ORIENTED_EDGE('',*,*,#2678,.T.);
#1386=ORIENTED_EDGE('',*,*,#2677,.F.);
#1387=ORIENTED_EDGE('',*,*,#2679,.F.);
#1388=ORIENTED_EDGE('',*,*,#2675,.T.);
#1389=ORIENTED_EDGE('',*,*,#2676,.F.);
#1390=ORIENTED_EDGE('',*,*,#2679,.T.);
#1391=ORIENTED_EDGE('',*,*,#2674,.T.);
#1392=ORIENTED_EDGE('',*,*,#2678,.F.);
#1393=ORIENTED_EDGE('',*,*,#2680,.F.);
#1394=ORIENTED_EDGE('',*,*,#2681,.T.);
#1395=ORIENTED_EDGE('',*,*,#2682,.T.);
#1396=ORIENTED_EDGE('',*,*,#2680,.T.);
#1397=ORIENTED_EDGE('',*,*,#2683,.F.);
#1398=ORIENTED_EDGE('',*,*,#2681,.F.);
#1399=ORIENTED_EDGE('',*,*,#2682,.F.);
#1400=ORIENTED_EDGE('',*,*,#2683,.T.);
#1401=ORIENTED_EDGE('',*,*,#2684,.F.);
#1402=ORIENTED_EDGE('',*,*,#2685,.T.);
#1403=ORIENTED_EDGE('',*,*,#2686,.T.);
#1404=ORIENTED_EDGE('',*,*,#2684,.T.);
#1405=ORIENTED_EDGE('',*,*,#2687,.F.);
#1406=ORIENTED_EDGE('',*,*,#2685,.F.);
#1407=ORIENTED_EDGE('',*,*,#2686,.F.);
#1408=ORIENTED_EDGE('',*,*,#2687,.T.);
#1409=ORIENTED_EDGE('',*,*,#2688,.T.);
#1410=ORIENTED_EDGE('',*,*,#2689,.F.);
#1411=ORIENTED_EDGE('',*,*,#2690,.F.);
#1412=ORIENTED_EDGE('',*,*,#2688,.F.);
#1413=ORIENTED_EDGE('',*,*,#2691,.F.);
#1414=ORIENTED_EDGE('',*,*,#2692,.F.);
#1415=ORIENTED_EDGE('',*,*,#2689,.T.);
#1416=ORIENTED_EDGE('',*,*,#2693,.F.);
#1417=ORIENTED_EDGE('',*,*,#2690,.T.);
#1418=ORIENTED_EDGE('',*,*,#2693,.T.);
#1419=ORIENTED_EDGE('',*,*,#2694,.F.);
#1420=ORIENTED_EDGE('',*,*,#2692,.T.);
#1421=ORIENTED_EDGE('',*,*,#2694,.T.);
#1422=ORIENTED_EDGE('',*,*,#2695,.F.);
#1423=ORIENTED_EDGE('',*,*,#2691,.T.);
#1424=ORIENTED_EDGE('',*,*,#2695,.T.);
#1425=ORIENTED_EDGE('',*,*,#2696,.F.);
#1426=ORIENTED_EDGE('',*,*,#2697,.T.);
#1427=ORIENTED_EDGE('',*,*,#2698,.F.);
#1428=ORIENTED_EDGE('',*,*,#2699,.F.);
#1429=ORIENTED_EDGE('',*,*,#2700,.F.);
#1430=ORIENTED_EDGE('',*,*,#2701,.T.);
#1431=ORIENTED_EDGE('',*,*,#2702,.F.);
#1432=ORIENTED_EDGE('',*,*,#2703,.F.);
#1433=ORIENTED_EDGE('',*,*,#2704,.T.);
#1434=ORIENTED_EDGE('',*,*,#2705,.T.);
#1435=ORIENTED_EDGE('',*,*,#2697,.F.);
#1436=ORIENTED_EDGE('',*,*,#2706,.T.);
#1437=ORIENTED_EDGE('',*,*,#2707,.F.);
#1438=ORIENTED_EDGE('',*,*,#2708,.F.);
#1439=ORIENTED_EDGE('',*,*,#2709,.T.);
#1440=ORIENTED_EDGE('',*,*,#2710,.F.);
#1441=ORIENTED_EDGE('',*,*,#2711,.F.);
#1442=ORIENTED_EDGE('',*,*,#2700,.T.);
#1443=ORIENTED_EDGE('',*,*,#2712,.F.);
#1444=ORIENTED_EDGE('',*,*,#2713,.T.);
#1445=ORIENTED_EDGE('',*,*,#2706,.F.);
#1446=ORIENTED_EDGE('',*,*,#2712,.T.);
#1447=ORIENTED_EDGE('',*,*,#2701,.F.);
#1448=ORIENTED_EDGE('',*,*,#2696,.T.);
#1449=ORIENTED_EDGE('',*,*,#2711,.T.);
#1450=ORIENTED_EDGE('',*,*,#2705,.F.);
#1451=ORIENTED_EDGE('',*,*,#2710,.T.);
#1452=ORIENTED_EDGE('',*,*,#2704,.F.);
#1453=ORIENTED_EDGE('',*,*,#2709,.F.);
#1454=ORIENTED_EDGE('',*,*,#2707,.T.);
#1455=ORIENTED_EDGE('',*,*,#2713,.F.);
#1456=ORIENTED_EDGE('',*,*,#2708,.T.);
#1457=ORIENTED_EDGE('',*,*,#2702,.T.);
#1458=ORIENTED_EDGE('',*,*,#2699,.T.);
#1459=ORIENTED_EDGE('',*,*,#2703,.T.);
#1460=ORIENTED_EDGE('',*,*,#2698,.T.);
#1461=ORIENTED_EDGE('',*,*,#2714,.F.);
#1462=ORIENTED_EDGE('',*,*,#2715,.F.);
#1463=ORIENTED_EDGE('',*,*,#2716,.T.);
#1464=ORIENTED_EDGE('',*,*,#2717,.T.);
#1465=ORIENTED_EDGE('',*,*,#2718,.T.);
#1466=ORIENTED_EDGE('',*,*,#2719,.F.);
#1467=ORIENTED_EDGE('',*,*,#2720,.F.);
#1468=ORIENTED_EDGE('',*,*,#2715,.T.);
#1469=ORIENTED_EDGE('',*,*,#2721,.T.);
#1470=ORIENTED_EDGE('',*,*,#2722,.F.);
#1471=ORIENTED_EDGE('',*,*,#2723,.F.);
#1472=ORIENTED_EDGE('',*,*,#2719,.T.);
#1473=ORIENTED_EDGE('',*,*,#2724,.F.);
#1474=ORIENTED_EDGE('',*,*,#2717,.F.);
#1475=ORIENTED_EDGE('',*,*,#2725,.T.);
#1476=ORIENTED_EDGE('',*,*,#2722,.T.);
#1477=ORIENTED_EDGE('',*,*,#2716,.F.);
#1478=ORIENTED_EDGE('',*,*,#2720,.T.);
#1479=ORIENTED_EDGE('',*,*,#2723,.T.);
#1480=ORIENTED_EDGE('',*,*,#2725,.F.);
#1481=ORIENTED_EDGE('',*,*,#2714,.T.);
#1482=ORIENTED_EDGE('',*,*,#2724,.T.);
#1483=ORIENTED_EDGE('',*,*,#2721,.F.);
#1484=ORIENTED_EDGE('',*,*,#2718,.F.);
#1485=ORIENTED_EDGE('',*,*,#2726,.F.);
#1486=ORIENTED_EDGE('',*,*,#2727,.T.);
#1487=ORIENTED_EDGE('',*,*,#2728,.F.);
#1488=ORIENTED_EDGE('',*,*,#2729,.F.);
#1489=ORIENTED_EDGE('',*,*,#2730,.F.);
#1490=ORIENTED_EDGE('',*,*,#2731,.T.);
#1491=ORIENTED_EDGE('',*,*,#2732,.T.);
#1492=ORIENTED_EDGE('',*,*,#2733,.F.);
#1493=ORIENTED_EDGE('',*,*,#2734,.F.);
#1494=ORIENTED_EDGE('',*,*,#2735,.T.);
#1495=ORIENTED_EDGE('',*,*,#2736,.T.);
#1496=ORIENTED_EDGE('',*,*,#2737,.T.);
#1497=ORIENTED_EDGE('',*,*,#2738,.T.);
#1498=ORIENTED_EDGE('',*,*,#2739,.T.);
#1499=ORIENTED_EDGE('',*,*,#2740,.T.);
#1500=ORIENTED_EDGE('',*,*,#2741,.T.);
#1501=ORIENTED_EDGE('',*,*,#2742,.F.);
#1502=ORIENTED_EDGE('',*,*,#2743,.F.);
#1503=ORIENTED_EDGE('',*,*,#2744,.F.);
#1504=ORIENTED_EDGE('',*,*,#2745,.F.);
#1505=ORIENTED_EDGE('',*,*,#2731,.F.);
#1506=ORIENTED_EDGE('',*,*,#2746,.T.);
#1507=ORIENTED_EDGE('',*,*,#2743,.T.);
#1508=ORIENTED_EDGE('',*,*,#2747,.F.);
#1509=ORIENTED_EDGE('',*,*,#2746,.F.);
#1510=ORIENTED_EDGE('',*,*,#2734,.T.);
#1511=ORIENTED_EDGE('',*,*,#2748,.F.);
#1512=ORIENTED_EDGE('',*,*,#2740,.F.);
#1513=ORIENTED_EDGE('',*,*,#2732,.F.);
#1514=ORIENTED_EDGE('',*,*,#2747,.T.);
#1515=ORIENTED_EDGE('',*,*,#2742,.T.);
#1516=ORIENTED_EDGE('',*,*,#2749,.T.);
#1517=ORIENTED_EDGE('',*,*,#2750,.F.);
#1518=ORIENTED_EDGE('',*,*,#2751,.F.);
#1519=ORIENTED_EDGE('',*,*,#2752,.T.);
#1520=ORIENTED_EDGE('',*,*,#2753,.T.);
#1521=ORIENTED_EDGE('',*,*,#2754,.T.);
#1522=ORIENTED_EDGE('',*,*,#2755,.F.);
#1523=ORIENTED_EDGE('',*,*,#2756,.F.);
#1524=ORIENTED_EDGE('',*,*,#2751,.T.);
#1525=ORIENTED_EDGE('',*,*,#2757,.T.);
#1526=ORIENTED_EDGE('',*,*,#2758,.F.);
#1527=ORIENTED_EDGE('',*,*,#2759,.F.);
#1528=ORIENTED_EDGE('',*,*,#2755,.T.);
#1529=ORIENTED_EDGE('',*,*,#2760,.F.);
#1530=ORIENTED_EDGE('',*,*,#2753,.F.);
#1531=ORIENTED_EDGE('',*,*,#2761,.T.);
#1532=ORIENTED_EDGE('',*,*,#2758,.T.);
#1533=ORIENTED_EDGE('',*,*,#2752,.F.);
#1534=ORIENTED_EDGE('',*,*,#2756,.T.);
#1535=ORIENTED_EDGE('',*,*,#2759,.T.);
#1536=ORIENTED_EDGE('',*,*,#2761,.F.);
#1537=ORIENTED_EDGE('',*,*,#2748,.T.);
#1538=ORIENTED_EDGE('',*,*,#2733,.T.);
#1539=ORIENTED_EDGE('',*,*,#2749,.F.);
#1540=ORIENTED_EDGE('',*,*,#2741,.F.);
#1541=ORIENTED_EDGE('',*,*,#2754,.F.);
#1542=ORIENTED_EDGE('',*,*,#2750,.T.);
#1543=ORIENTED_EDGE('',*,*,#2760,.T.);
#1544=ORIENTED_EDGE('',*,*,#2757,.F.);
#1545=ORIENTED_EDGE('',*,*,#2730,.T.);
#1546=ORIENTED_EDGE('',*,*,#2739,.F.);
#1547=ORIENTED_EDGE('',*,*,#2762,.T.);
#1548=ORIENTED_EDGE('',*,*,#2728,.T.);
#1549=ORIENTED_EDGE('',*,*,#2763,.F.);
#1550=ORIENTED_EDGE('',*,*,#2738,.F.);
#1551=ORIENTED_EDGE('',*,*,#2763,.T.);
#1552=ORIENTED_EDGE('',*,*,#2729,.T.);
#1553=ORIENTED_EDGE('',*,*,#2762,.F.);
#1554=ORIENTED_EDGE('',*,*,#2737,.F.);
#1555=ORIENTED_EDGE('',*,*,#2727,.F.);
#1556=ORIENTED_EDGE('',*,*,#2744,.T.);
#1557=ORIENTED_EDGE('',*,*,#2735,.F.);
#1558=ORIENTED_EDGE('',*,*,#2745,.T.);
#1559=ORIENTED_EDGE('',*,*,#2726,.T.);
#1560=ORIENTED_EDGE('',*,*,#2736,.F.);
#1561=ORIENTED_EDGE('',*,*,#2764,.F.);
#1562=ORIENTED_EDGE('',*,*,#2765,.F.);
#1563=ORIENTED_EDGE('',*,*,#2766,.T.);
#1564=ORIENTED_EDGE('',*,*,#2767,.T.);
#1565=ORIENTED_EDGE('',*,*,#2768,.F.);
#1566=ORIENTED_EDGE('',*,*,#2769,.T.);
#1567=ORIENTED_EDGE('',*,*,#2770,.T.);
#1568=ORIENTED_EDGE('',*,*,#2771,.F.);
#1569=ORIENTED_EDGE('',*,*,#2772,.F.);
#1570=ORIENTED_EDGE('',*,*,#2773,.T.);
#1571=ORIENTED_EDGE('',*,*,#2774,.T.);
#1572=ORIENTED_EDGE('',*,*,#2775,.F.);
#1573=ORIENTED_EDGE('',*,*,#2776,.F.);
#1574=ORIENTED_EDGE('',*,*,#2777,.T.);
#1575=ORIENTED_EDGE('',*,*,#2778,.T.);
#1576=ORIENTED_EDGE('',*,*,#2779,.F.);
#1577=ORIENTED_EDGE('',*,*,#2780,.F.);
#1578=ORIENTED_EDGE('',*,*,#2781,.T.);
#1579=ORIENTED_EDGE('',*,*,#2782,.T.);
#1580=ORIENTED_EDGE('',*,*,#2783,.F.);
#1581=ORIENTED_EDGE('',*,*,#2784,.F.);
#1582=ORIENTED_EDGE('',*,*,#2785,.T.);
#1583=ORIENTED_EDGE('',*,*,#2786,.T.);
#1584=ORIENTED_EDGE('',*,*,#2787,.F.);
#1585=ORIENTED_EDGE('',*,*,#2788,.F.);
#1586=ORIENTED_EDGE('',*,*,#2789,.T.);
#1587=ORIENTED_EDGE('',*,*,#2790,.T.);
#1588=ORIENTED_EDGE('',*,*,#2791,.F.);
#1589=ORIENTED_EDGE('',*,*,#2792,.F.);
#1590=ORIENTED_EDGE('',*,*,#2793,.T.);
#1591=ORIENTED_EDGE('',*,*,#2794,.T.);
#1592=ORIENTED_EDGE('',*,*,#2795,.F.);
#1593=ORIENTED_EDGE('',*,*,#2796,.F.);
#1594=ORIENTED_EDGE('',*,*,#2797,.F.);
#1595=ORIENTED_EDGE('',*,*,#2798,.T.);
#1596=ORIENTED_EDGE('',*,*,#2799,.T.);
#1597=ORIENTED_EDGE('',*,*,#2800,.F.);
#1598=ORIENTED_EDGE('',*,*,#2801,.T.);
#1599=ORIENTED_EDGE('',*,*,#2802,.T.);
#1600=ORIENTED_EDGE('',*,*,#2803,.F.);
#1601=ORIENTED_EDGE('',*,*,#2804,.F.);
#1602=ORIENTED_EDGE('',*,*,#2805,.F.);
#1603=ORIENTED_EDGE('',*,*,#2806,.T.);
#1604=ORIENTED_EDGE('',*,*,#2807,.T.);
#1605=ORIENTED_EDGE('',*,*,#2808,.F.);
#1606=ORIENTED_EDGE('',*,*,#2809,.F.);
#1607=ORIENTED_EDGE('',*,*,#2810,.T.);
#1608=ORIENTED_EDGE('',*,*,#2811,.T.);
#1609=ORIENTED_EDGE('',*,*,#2812,.F.);
#1610=ORIENTED_EDGE('',*,*,#2813,.F.);
#1611=ORIENTED_EDGE('',*,*,#2814,.T.);
#1612=ORIENTED_EDGE('',*,*,#2815,.T.);
#1613=ORIENTED_EDGE('',*,*,#2816,.F.);
#1614=ORIENTED_EDGE('',*,*,#2817,.T.);
#1615=ORIENTED_EDGE('',*,*,#2818,.T.);
#1616=ORIENTED_EDGE('',*,*,#2819,.F.);
#1617=ORIENTED_EDGE('',*,*,#2820,.F.);
#1618=ORIENTED_EDGE('',*,*,#2821,.T.);
#1619=ORIENTED_EDGE('',*,*,#2822,.T.);
#1620=ORIENTED_EDGE('',*,*,#2823,.F.);
#1621=ORIENTED_EDGE('',*,*,#2824,.F.);
#1622=ORIENTED_EDGE('',*,*,#2825,.T.);
#1623=ORIENTED_EDGE('',*,*,#2826,.T.);
#1624=ORIENTED_EDGE('',*,*,#2827,.F.);
#1625=ORIENTED_EDGE('',*,*,#2828,.F.);
#1626=ORIENTED_EDGE('',*,*,#2829,.F.);
#1627=ORIENTED_EDGE('',*,*,#2830,.T.);
#1628=ORIENTED_EDGE('',*,*,#2831,.T.);
#1629=ORIENTED_EDGE('',*,*,#2832,.F.);
#1630=ORIENTED_EDGE('',*,*,#2833,.T.);
#1631=ORIENTED_EDGE('',*,*,#2834,.T.);
#1632=ORIENTED_EDGE('',*,*,#2835,.F.);
#1633=ORIENTED_EDGE('',*,*,#2836,.F.);
#1634=ORIENTED_EDGE('',*,*,#2837,.T.);
#1635=ORIENTED_EDGE('',*,*,#2838,.T.);
#1636=ORIENTED_EDGE('',*,*,#2839,.F.);
#1637=ORIENTED_EDGE('',*,*,#2840,.T.);
#1638=ORIENTED_EDGE('',*,*,#2841,.F.);
#1639=ORIENTED_EDGE('',*,*,#2842,.T.);
#1640=ORIENTED_EDGE('',*,*,#2768,.T.);
#1641=ORIENTED_EDGE('',*,*,#2843,.F.);
#1642=ORIENTED_EDGE('',*,*,#2844,.F.);
#1643=ORIENTED_EDGE('',*,*,#2845,.T.);
#1644=ORIENTED_EDGE('',*,*,#2846,.F.);
#1645=ORIENTED_EDGE('',*,*,#2847,.T.);
#1646=ORIENTED_EDGE('',*,*,#2772,.T.);
#1647=ORIENTED_EDGE('',*,*,#2848,.F.);
#1648=ORIENTED_EDGE('',*,*,#2849,.F.);
#1649=ORIENTED_EDGE('',*,*,#2850,.T.);
#1650=ORIENTED_EDGE('',*,*,#2851,.F.);
#1651=ORIENTED_EDGE('',*,*,#2852,.T.);
#1652=ORIENTED_EDGE('',*,*,#2776,.T.);
#1653=ORIENTED_EDGE('',*,*,#2853,.F.);
#1654=ORIENTED_EDGE('',*,*,#2854,.F.);
#1655=ORIENTED_EDGE('',*,*,#2855,.T.);
#1656=ORIENTED_EDGE('',*,*,#2856,.F.);
#1657=ORIENTED_EDGE('',*,*,#2857,.T.);
#1658=ORIENTED_EDGE('',*,*,#2780,.T.);
#1659=ORIENTED_EDGE('',*,*,#2858,.F.);
#1660=ORIENTED_EDGE('',*,*,#2859,.F.);
#1661=ORIENTED_EDGE('',*,*,#2860,.T.);
#1662=ORIENTED_EDGE('',*,*,#2861,.F.);
#1663=ORIENTED_EDGE('',*,*,#2862,.T.);
#1664=ORIENTED_EDGE('',*,*,#2784,.T.);
#1665=ORIENTED_EDGE('',*,*,#2863,.F.);
#1666=ORIENTED_EDGE('',*,*,#2864,.F.);
#1667=ORIENTED_EDGE('',*,*,#2865,.T.);
#1668=ORIENTED_EDGE('',*,*,#2866,.F.);
#1669=ORIENTED_EDGE('',*,*,#2867,.T.);
#1670=ORIENTED_EDGE('',*,*,#2788,.T.);
#1671=ORIENTED_EDGE('',*,*,#2868,.F.);
#1672=ORIENTED_EDGE('',*,*,#2869,.F.);
#1673=ORIENTED_EDGE('',*,*,#2870,.T.);
#1674=ORIENTED_EDGE('',*,*,#2871,.F.);
#1675=ORIENTED_EDGE('',*,*,#2872,.T.);
#1676=ORIENTED_EDGE('',*,*,#2792,.T.);
#1677=ORIENTED_EDGE('',*,*,#2873,.F.);
#1678=ORIENTED_EDGE('',*,*,#2874,.F.);
#1679=ORIENTED_EDGE('',*,*,#2875,.T.);
#1680=ORIENTED_EDGE('',*,*,#2876,.F.);
#1681=ORIENTED_EDGE('',*,*,#2877,.T.);
#1682=ORIENTED_EDGE('',*,*,#2832,.T.);
#1683=ORIENTED_EDGE('',*,*,#2878,.F.);
#1684=ORIENTED_EDGE('',*,*,#2879,.F.);
#1685=ORIENTED_EDGE('',*,*,#2880,.T.);
#1686=ORIENTED_EDGE('',*,*,#2881,.F.);
#1687=ORIENTED_EDGE('',*,*,#2882,.T.);
#1688=ORIENTED_EDGE('',*,*,#2829,.T.);
#1689=ORIENTED_EDGE('',*,*,#2883,.F.);
#1690=ORIENTED_EDGE('',*,*,#2884,.F.);
#1691=ORIENTED_EDGE('',*,*,#2885,.T.);
#1692=ORIENTED_EDGE('',*,*,#2886,.F.);
#1693=ORIENTED_EDGE('',*,*,#2887,.T.);
#1694=ORIENTED_EDGE('',*,*,#2836,.T.);
#1695=ORIENTED_EDGE('',*,*,#2888,.F.);
#1696=ORIENTED_EDGE('',*,*,#2889,.F.);
#1697=ORIENTED_EDGE('',*,*,#2890,.T.);
#1698=ORIENTED_EDGE('',*,*,#2891,.F.);
#1699=ORIENTED_EDGE('',*,*,#2892,.T.);
#1700=ORIENTED_EDGE('',*,*,#2893,.T.);
#1701=ORIENTED_EDGE('',*,*,#2894,.F.);
#1702=ORIENTED_EDGE('',*,*,#2895,.F.);
#1703=ORIENTED_EDGE('',*,*,#2896,.T.);
#1704=ORIENTED_EDGE('',*,*,#2897,.F.);
#1705=ORIENTED_EDGE('',*,*,#2898,.T.);
#1706=ORIENTED_EDGE('',*,*,#2813,.T.);
#1707=ORIENTED_EDGE('',*,*,#2899,.F.);
#1708=ORIENTED_EDGE('',*,*,#2900,.F.);
#1709=ORIENTED_EDGE('',*,*,#2901,.T.);
#1710=ORIENTED_EDGE('',*,*,#2902,.F.);
#1711=ORIENTED_EDGE('',*,*,#2903,.T.);
#1712=ORIENTED_EDGE('',*,*,#2816,.T.);
#1713=ORIENTED_EDGE('',*,*,#2904,.F.);
#1714=ORIENTED_EDGE('',*,*,#2905,.F.);
#1715=ORIENTED_EDGE('',*,*,#2906,.T.);
#1716=ORIENTED_EDGE('',*,*,#2907,.F.);
#1717=ORIENTED_EDGE('',*,*,#2908,.T.);
#1718=ORIENTED_EDGE('',*,*,#2820,.T.);
#1719=ORIENTED_EDGE('',*,*,#2909,.F.);
#1720=ORIENTED_EDGE('',*,*,#2910,.F.);
#1721=ORIENTED_EDGE('',*,*,#2911,.T.);
#1722=ORIENTED_EDGE('',*,*,#2912,.F.);
#1723=ORIENTED_EDGE('',*,*,#2913,.T.);
#1724=ORIENTED_EDGE('',*,*,#2824,.T.);
#1725=ORIENTED_EDGE('',*,*,#2914,.F.);
#1726=ORIENTED_EDGE('',*,*,#2915,.F.);
#1727=ORIENTED_EDGE('',*,*,#2916,.T.);
#1728=ORIENTED_EDGE('',*,*,#2917,.F.);
#1729=ORIENTED_EDGE('',*,*,#2918,.T.);
#1730=ORIENTED_EDGE('',*,*,#2809,.T.);
#1731=ORIENTED_EDGE('',*,*,#2919,.F.);
#1732=ORIENTED_EDGE('',*,*,#2920,.F.);
#1733=ORIENTED_EDGE('',*,*,#2921,.T.);
#1734=ORIENTED_EDGE('',*,*,#2922,.F.);
#1735=ORIENTED_EDGE('',*,*,#2923,.T.);
#1736=ORIENTED_EDGE('',*,*,#2805,.T.);
#1737=ORIENTED_EDGE('',*,*,#2924,.F.);
#1738=ORIENTED_EDGE('',*,*,#2925,.F.);
#1739=ORIENTED_EDGE('',*,*,#2926,.T.);
#1740=ORIENTED_EDGE('',*,*,#2927,.F.);
#1741=ORIENTED_EDGE('',*,*,#2928,.T.);
#1742=ORIENTED_EDGE('',*,*,#2797,.T.);
#1743=ORIENTED_EDGE('',*,*,#2929,.F.);
#1744=ORIENTED_EDGE('',*,*,#2930,.F.);
#1745=ORIENTED_EDGE('',*,*,#2931,.T.);
#1746=ORIENTED_EDGE('',*,*,#2932,.F.);
#1747=ORIENTED_EDGE('',*,*,#2933,.T.);
#1748=ORIENTED_EDGE('',*,*,#2800,.T.);
#1749=ORIENTED_EDGE('',*,*,#2934,.F.);
#1750=ORIENTED_EDGE('',*,*,#2935,.F.);
#1751=ORIENTED_EDGE('',*,*,#2936,.T.);
#1752=ORIENTED_EDGE('',*,*,#2937,.F.);
#1753=ORIENTED_EDGE('',*,*,#2938,.T.);
#1754=ORIENTED_EDGE('',*,*,#2765,.T.);
#1755=ORIENTED_EDGE('',*,*,#2939,.F.);
#1756=ORIENTED_EDGE('',*,*,#2940,.F.);
#1757=ORIENTED_EDGE('',*,*,#2941,.T.);
#1758=ORIENTED_EDGE('',*,*,#2893,.F.);
#1759=ORIENTED_EDGE('',*,*,#2942,.T.);
#1760=ORIENTED_EDGE('',*,*,#2943,.T.);
#1761=ORIENTED_EDGE('',*,*,#2944,.F.);
#1762=ORIENTED_EDGE('',*,*,#2945,.F.);
#1763=ORIENTED_EDGE('',*,*,#2946,.F.);
#1764=ORIENTED_EDGE('',*,*,#2947,.T.);
#1765=ORIENTED_EDGE('',*,*,#2767,.F.);
#1766=ORIENTED_EDGE('',*,*,#2948,.F.);
#1767=ORIENTED_EDGE('',*,*,#2949,.F.);
#1768=ORIENTED_EDGE('',*,*,#2950,.F.);
#1769=ORIENTED_EDGE('',*,*,#2951,.F.);
#1770=ORIENTED_EDGE('',*,*,#2952,.T.);
#1771=ORIENTED_EDGE('',*,*,#2802,.F.);
#1772=ORIENTED_EDGE('',*,*,#2953,.F.);
#1773=ORIENTED_EDGE('',*,*,#2954,.F.);
#1774=ORIENTED_EDGE('',*,*,#2955,.F.);
#1775=ORIENTED_EDGE('',*,*,#2956,.F.);
#1776=ORIENTED_EDGE('',*,*,#2957,.T.);
#1777=ORIENTED_EDGE('',*,*,#2799,.F.);
#1778=ORIENTED_EDGE('',*,*,#2958,.F.);
#1779=ORIENTED_EDGE('',*,*,#2959,.F.);
#1780=ORIENTED_EDGE('',*,*,#2960,.F.);
#1781=ORIENTED_EDGE('',*,*,#2961,.F.);
#1782=ORIENTED_EDGE('',*,*,#2962,.T.);
#1783=ORIENTED_EDGE('',*,*,#2807,.F.);
#1784=ORIENTED_EDGE('',*,*,#2963,.F.);
#1785=ORIENTED_EDGE('',*,*,#2964,.F.);
#1786=ORIENTED_EDGE('',*,*,#2965,.F.);
#1787=ORIENTED_EDGE('',*,*,#2966,.F.);
#1788=ORIENTED_EDGE('',*,*,#2967,.T.);
#1789=ORIENTED_EDGE('',*,*,#2811,.F.);
#1790=ORIENTED_EDGE('',*,*,#2968,.F.);
#1791=ORIENTED_EDGE('',*,*,#2969,.F.);
#1792=ORIENTED_EDGE('',*,*,#2970,.F.);
#1793=ORIENTED_EDGE('',*,*,#2971,.F.);
#1794=ORIENTED_EDGE('',*,*,#2972,.T.);
#1795=ORIENTED_EDGE('',*,*,#2826,.F.);
#1796=ORIENTED_EDGE('',*,*,#2973,.F.);
#1797=ORIENTED_EDGE('',*,*,#2974,.F.);
#1798=ORIENTED_EDGE('',*,*,#2975,.F.);
#1799=ORIENTED_EDGE('',*,*,#2976,.F.);
#1800=ORIENTED_EDGE('',*,*,#2977,.T.);
#1801=ORIENTED_EDGE('',*,*,#2822,.F.);
#1802=ORIENTED_EDGE('',*,*,#2978,.F.);
#1803=ORIENTED_EDGE('',*,*,#2979,.F.);
#1804=ORIENTED_EDGE('',*,*,#2980,.F.);
#1805=ORIENTED_EDGE('',*,*,#2981,.F.);
#1806=ORIENTED_EDGE('',*,*,#2982,.T.);
#1807=ORIENTED_EDGE('',*,*,#2818,.F.);
#1808=ORIENTED_EDGE('',*,*,#2983,.F.);
#1809=ORIENTED_EDGE('',*,*,#2984,.F.);
#1810=ORIENTED_EDGE('',*,*,#2985,.F.);
#1811=ORIENTED_EDGE('',*,*,#2986,.F.);
#1812=ORIENTED_EDGE('',*,*,#2987,.T.);
#1813=ORIENTED_EDGE('',*,*,#2815,.F.);
#1814=ORIENTED_EDGE('',*,*,#2988,.F.);
#1815=ORIENTED_EDGE('',*,*,#2989,.F.);
#1816=ORIENTED_EDGE('',*,*,#2990,.F.);
#1817=ORIENTED_EDGE('',*,*,#2991,.F.);
#1818=ORIENTED_EDGE('',*,*,#2992,.T.);
#1819=ORIENTED_EDGE('',*,*,#2943,.F.);
#1820=ORIENTED_EDGE('',*,*,#2993,.F.);
#1821=ORIENTED_EDGE('',*,*,#2994,.F.);
#1822=ORIENTED_EDGE('',*,*,#2995,.F.);
#1823=ORIENTED_EDGE('',*,*,#2996,.F.);
#1824=ORIENTED_EDGE('',*,*,#2997,.T.);
#1825=ORIENTED_EDGE('',*,*,#2838,.F.);
#1826=ORIENTED_EDGE('',*,*,#2998,.F.);
#1827=ORIENTED_EDGE('',*,*,#2999,.F.);
#1828=ORIENTED_EDGE('',*,*,#3000,.F.);
#1829=ORIENTED_EDGE('',*,*,#3001,.F.);
#1830=ORIENTED_EDGE('',*,*,#3002,.T.);
#1831=ORIENTED_EDGE('',*,*,#2831,.F.);
#1832=ORIENTED_EDGE('',*,*,#3003,.F.);
#1833=ORIENTED_EDGE('',*,*,#3004,.F.);
#1834=ORIENTED_EDGE('',*,*,#3005,.F.);
#1835=ORIENTED_EDGE('',*,*,#3006,.F.);
#1836=ORIENTED_EDGE('',*,*,#3007,.T.);
#1837=ORIENTED_EDGE('',*,*,#2834,.F.);
#1838=ORIENTED_EDGE('',*,*,#3008,.F.);
#1839=ORIENTED_EDGE('',*,*,#3009,.F.);
#1840=ORIENTED_EDGE('',*,*,#3010,.F.);
#1841=ORIENTED_EDGE('',*,*,#3011,.F.);
#1842=ORIENTED_EDGE('',*,*,#3012,.T.);
#1843=ORIENTED_EDGE('',*,*,#2794,.F.);
#1844=ORIENTED_EDGE('',*,*,#3013,.F.);
#1845=ORIENTED_EDGE('',*,*,#3014,.F.);
#1846=ORIENTED_EDGE('',*,*,#3015,.F.);
#1847=ORIENTED_EDGE('',*,*,#3016,.F.);
#1848=ORIENTED_EDGE('',*,*,#3017,.T.);
#1849=ORIENTED_EDGE('',*,*,#2790,.F.);
#1850=ORIENTED_EDGE('',*,*,#3018,.F.);
#1851=ORIENTED_EDGE('',*,*,#3019,.F.);
#1852=ORIENTED_EDGE('',*,*,#3020,.F.);
#1853=ORIENTED_EDGE('',*,*,#3021,.F.);
#1854=ORIENTED_EDGE('',*,*,#3022,.T.);
#1855=ORIENTED_EDGE('',*,*,#2786,.F.);
#1856=ORIENTED_EDGE('',*,*,#3023,.F.);
#1857=ORIENTED_EDGE('',*,*,#3024,.F.);
#1858=ORIENTED_EDGE('',*,*,#3025,.F.);
#1859=ORIENTED_EDGE('',*,*,#3026,.F.);
#1860=ORIENTED_EDGE('',*,*,#3027,.T.);
#1861=ORIENTED_EDGE('',*,*,#2782,.F.);
#1862=ORIENTED_EDGE('',*,*,#3028,.F.);
#1863=ORIENTED_EDGE('',*,*,#3029,.F.);
#1864=ORIENTED_EDGE('',*,*,#3030,.F.);
#1865=ORIENTED_EDGE('',*,*,#3031,.F.);
#1866=ORIENTED_EDGE('',*,*,#3032,.T.);
#1867=ORIENTED_EDGE('',*,*,#2778,.F.);
#1868=ORIENTED_EDGE('',*,*,#3033,.F.);
#1869=ORIENTED_EDGE('',*,*,#3034,.F.);
#1870=ORIENTED_EDGE('',*,*,#3035,.F.);
#1871=ORIENTED_EDGE('',*,*,#3036,.F.);
#1872=ORIENTED_EDGE('',*,*,#3037,.T.);
#1873=ORIENTED_EDGE('',*,*,#2774,.F.);
#1874=ORIENTED_EDGE('',*,*,#3038,.F.);
#1875=ORIENTED_EDGE('',*,*,#3039,.F.);
#1876=ORIENTED_EDGE('',*,*,#3040,.F.);
#1877=ORIENTED_EDGE('',*,*,#3041,.F.);
#1878=ORIENTED_EDGE('',*,*,#3042,.T.);
#1879=ORIENTED_EDGE('',*,*,#2770,.F.);
#1880=ORIENTED_EDGE('',*,*,#3043,.F.);
#1881=ORIENTED_EDGE('',*,*,#3044,.F.);
#1882=ORIENTED_EDGE('',*,*,#3045,.F.);
#1883=ORIENTED_EDGE('',*,*,#2988,.T.);
#1884=ORIENTED_EDGE('',*,*,#2814,.F.);
#1885=ORIENTED_EDGE('',*,*,#2898,.F.);
#1886=ORIENTED_EDGE('',*,*,#3046,.F.);
#1887=ORIENTED_EDGE('',*,*,#2990,.T.);
#1888=ORIENTED_EDGE('',*,*,#3047,.F.);
#1889=ORIENTED_EDGE('',*,*,#2896,.F.);
#1890=ORIENTED_EDGE('',*,*,#3048,.F.);
#1891=ORIENTED_EDGE('',*,*,#2894,.T.);
#1892=ORIENTED_EDGE('',*,*,#2944,.T.);
#1893=ORIENTED_EDGE('',*,*,#2992,.F.);
#1894=ORIENTED_EDGE('',*,*,#3049,.F.);
#1895=ORIENTED_EDGE('',*,*,#2895,.T.);
#1896=ORIENTED_EDGE('',*,*,#3049,.T.);
#1897=ORIENTED_EDGE('',*,*,#2991,.T.);
#1898=ORIENTED_EDGE('',*,*,#3048,.T.);
#1899=ORIENTED_EDGE('',*,*,#2897,.T.);
#1900=ORIENTED_EDGE('',*,*,#3047,.T.);
#1901=ORIENTED_EDGE('',*,*,#2989,.T.);
#1902=ORIENTED_EDGE('',*,*,#3046,.T.);
#1903=ORIENTED_EDGE('',*,*,#2993,.T.);
#1904=ORIENTED_EDGE('',*,*,#2942,.F.);
#1905=ORIENTED_EDGE('',*,*,#2892,.F.);
#1906=ORIENTED_EDGE('',*,*,#3050,.F.);
#1907=ORIENTED_EDGE('',*,*,#2995,.T.);
#1908=ORIENTED_EDGE('',*,*,#3051,.F.);
#1909=ORIENTED_EDGE('',*,*,#2890,.F.);
#1910=ORIENTED_EDGE('',*,*,#3052,.F.);
#1911=ORIENTED_EDGE('',*,*,#2888,.T.);
#1912=ORIENTED_EDGE('',*,*,#2839,.T.);
#1913=ORIENTED_EDGE('',*,*,#2997,.F.);
#1914=ORIENTED_EDGE('',*,*,#3053,.F.);
#1915=ORIENTED_EDGE('',*,*,#2889,.T.);
#1916=ORIENTED_EDGE('',*,*,#3053,.T.);
#1917=ORIENTED_EDGE('',*,*,#2996,.T.);
#1918=ORIENTED_EDGE('',*,*,#3052,.T.);
#1919=ORIENTED_EDGE('',*,*,#2891,.T.);
#1920=ORIENTED_EDGE('',*,*,#3051,.T.);
#1921=ORIENTED_EDGE('',*,*,#2994,.T.);
#1922=ORIENTED_EDGE('',*,*,#3050,.T.);
#1923=ORIENTED_EDGE('',*,*,#3003,.T.);
#1924=ORIENTED_EDGE('',*,*,#2830,.F.);
#1925=ORIENTED_EDGE('',*,*,#2882,.F.);
#1926=ORIENTED_EDGE('',*,*,#3054,.F.);
#1927=ORIENTED_EDGE('',*,*,#3005,.T.);
#1928=ORIENTED_EDGE('',*,*,#3055,.F.);
#1929=ORIENTED_EDGE('',*,*,#2880,.F.);
#1930=ORIENTED_EDGE('',*,*,#3056,.F.);
#1931=ORIENTED_EDGE('',*,*,#2878,.T.);
#1932=ORIENTED_EDGE('',*,*,#2835,.T.);
#1933=ORIENTED_EDGE('',*,*,#3007,.F.);
#1934=ORIENTED_EDGE('',*,*,#3057,.F.);
#1935=ORIENTED_EDGE('',*,*,#2879,.T.);
#1936=ORIENTED_EDGE('',*,*,#3057,.T.);
#1937=ORIENTED_EDGE('',*,*,#3006,.T.);
#1938=ORIENTED_EDGE('',*,*,#3056,.T.);
#1939=ORIENTED_EDGE('',*,*,#2881,.T.);
#1940=ORIENTED_EDGE('',*,*,#3055,.T.);
#1941=ORIENTED_EDGE('',*,*,#3004,.T.);
#1942=ORIENTED_EDGE('',*,*,#3054,.T.);
#1943=ORIENTED_EDGE('',*,*,#2998,.T.);
#1944=ORIENTED_EDGE('',*,*,#2837,.F.);
#1945=ORIENTED_EDGE('',*,*,#2887,.F.);
#1946=ORIENTED_EDGE('',*,*,#3058,.F.);
#1947=ORIENTED_EDGE('',*,*,#3000,.T.);
#1948=ORIENTED_EDGE('',*,*,#3059,.F.);
#1949=ORIENTED_EDGE('',*,*,#2885,.F.);
#1950=ORIENTED_EDGE('',*,*,#3060,.F.);
#1951=ORIENTED_EDGE('',*,*,#2883,.T.);
#1952=ORIENTED_EDGE('',*,*,#2828,.T.);
#1953=ORIENTED_EDGE('',*,*,#3002,.F.);
#1954=ORIENTED_EDGE('',*,*,#3061,.F.);
#1955=ORIENTED_EDGE('',*,*,#2884,.T.);
#1956=ORIENTED_EDGE('',*,*,#3061,.T.);
#1957=ORIENTED_EDGE('',*,*,#3001,.T.);
#1958=ORIENTED_EDGE('',*,*,#3060,.T.);
#1959=ORIENTED_EDGE('',*,*,#2886,.T.);
#1960=ORIENTED_EDGE('',*,*,#3059,.T.);
#1961=ORIENTED_EDGE('',*,*,#2999,.T.);
#1962=ORIENTED_EDGE('',*,*,#3058,.T.);
#1963=ORIENTED_EDGE('',*,*,#2968,.T.);
#1964=ORIENTED_EDGE('',*,*,#2810,.F.);
#1965=ORIENTED_EDGE('',*,*,#2918,.F.);
#1966=ORIENTED_EDGE('',*,*,#3062,.F.);
#1967=ORIENTED_EDGE('',*,*,#2970,.T.);
#1968=ORIENTED_EDGE('',*,*,#3063,.F.);
#1969=ORIENTED_EDGE('',*,*,#2916,.F.);
#1970=ORIENTED_EDGE('',*,*,#3064,.F.);
#1971=ORIENTED_EDGE('',*,*,#2914,.T.);
#1972=ORIENTED_EDGE('',*,*,#2827,.T.);
#1973=ORIENTED_EDGE('',*,*,#2972,.F.);
#1974=ORIENTED_EDGE('',*,*,#3065,.F.);
#1975=ORIENTED_EDGE('',*,*,#2915,.T.);
#1976=ORIENTED_EDGE('',*,*,#3065,.T.);
#1977=ORIENTED_EDGE('',*,*,#2971,.T.);
#1978=ORIENTED_EDGE('',*,*,#3064,.T.);
#1979=ORIENTED_EDGE('',*,*,#2917,.T.);
#1980=ORIENTED_EDGE('',*,*,#3063,.T.);
#1981=ORIENTED_EDGE('',*,*,#2969,.T.);
#1982=ORIENTED_EDGE('',*,*,#3062,.T.);
#1983=ORIENTED_EDGE('',*,*,#2973,.T.);
#1984=ORIENTED_EDGE('',*,*,#2825,.F.);
#1985=ORIENTED_EDGE('',*,*,#2913,.F.);
#1986=ORIENTED_EDGE('',*,*,#3066,.F.);
#1987=ORIENTED_EDGE('',*,*,#2975,.T.);
#1988=ORIENTED_EDGE('',*,*,#3067,.F.);
#1989=ORIENTED_EDGE('',*,*,#2911,.F.);
#1990=ORIENTED_EDGE('',*,*,#3068,.F.);
#1991=ORIENTED_EDGE('',*,*,#2909,.T.);
#1992=ORIENTED_EDGE('',*,*,#2823,.T.);
#1993=ORIENTED_EDGE('',*,*,#2977,.F.);
#1994=ORIENTED_EDGE('',*,*,#3069,.F.);
#1995=ORIENTED_EDGE('',*,*,#2910,.T.);
#1996=ORIENTED_EDGE('',*,*,#3069,.T.);
#1997=ORIENTED_EDGE('',*,*,#2976,.T.);
#1998=ORIENTED_EDGE('',*,*,#3068,.T.);
#1999=ORIENTED_EDGE('',*,*,#2912,.T.);
#2000=ORIENTED_EDGE('',*,*,#3067,.T.);
#2001=ORIENTED_EDGE('',*,*,#2974,.T.);
#2002=ORIENTED_EDGE('',*,*,#3066,.T.);
#2003=ORIENTED_EDGE('',*,*,#2978,.T.);
#2004=ORIENTED_EDGE('',*,*,#2821,.F.);
#2005=ORIENTED_EDGE('',*,*,#2908,.F.);
#2006=ORIENTED_EDGE('',*,*,#3070,.F.);
#2007=ORIENTED_EDGE('',*,*,#2980,.T.);
#2008=ORIENTED_EDGE('',*,*,#3071,.F.);
#2009=ORIENTED_EDGE('',*,*,#2906,.F.);
#2010=ORIENTED_EDGE('',*,*,#3072,.F.);
#2011=ORIENTED_EDGE('',*,*,#2904,.T.);
#2012=ORIENTED_EDGE('',*,*,#2819,.T.);
#2013=ORIENTED_EDGE('',*,*,#2982,.F.);
#2014=ORIENTED_EDGE('',*,*,#3073,.F.);
#2015=ORIENTED_EDGE('',*,*,#2905,.T.);
#2016=ORIENTED_EDGE('',*,*,#3073,.T.);
#2017=ORIENTED_EDGE('',*,*,#2981,.T.);
#2018=ORIENTED_EDGE('',*,*,#3072,.T.);
#2019=ORIENTED_EDGE('',*,*,#2907,.T.);
#2020=ORIENTED_EDGE('',*,*,#3071,.T.);
#2021=ORIENTED_EDGE('',*,*,#2979,.T.);
#2022=ORIENTED_EDGE('',*,*,#3070,.T.);
#2023=ORIENTED_EDGE('',*,*,#2983,.T.);
#2024=ORIENTED_EDGE('',*,*,#2817,.F.);
#2025=ORIENTED_EDGE('',*,*,#2903,.F.);
#2026=ORIENTED_EDGE('',*,*,#3074,.F.);
#2027=ORIENTED_EDGE('',*,*,#2985,.T.);
#2028=ORIENTED_EDGE('',*,*,#3075,.F.);
#2029=ORIENTED_EDGE('',*,*,#2901,.F.);
#2030=ORIENTED_EDGE('',*,*,#3076,.F.);
#2031=ORIENTED_EDGE('',*,*,#2899,.T.);
#2032=ORIENTED_EDGE('',*,*,#2812,.T.);
#2033=ORIENTED_EDGE('',*,*,#2987,.F.);
#2034=ORIENTED_EDGE('',*,*,#3077,.F.);
#2035=ORIENTED_EDGE('',*,*,#2900,.T.);
#2036=ORIENTED_EDGE('',*,*,#3077,.T.);
#2037=ORIENTED_EDGE('',*,*,#2986,.T.);
#2038=ORIENTED_EDGE('',*,*,#3076,.T.);
#2039=ORIENTED_EDGE('',*,*,#2902,.T.);
#2040=ORIENTED_EDGE('',*,*,#3075,.T.);
#2041=ORIENTED_EDGE('',*,*,#2984,.T.);
#2042=ORIENTED_EDGE('',*,*,#3074,.T.);
#2043=ORIENTED_EDGE('',*,*,#2963,.T.);
#2044=ORIENTED_EDGE('',*,*,#2806,.F.);
#2045=ORIENTED_EDGE('',*,*,#2923,.F.);
#2046=ORIENTED_EDGE('',*,*,#3078,.F.);
#2047=ORIENTED_EDGE('',*,*,#2965,.T.);
#2048=ORIENTED_EDGE('',*,*,#3079,.F.);
#2049=ORIENTED_EDGE('',*,*,#2921,.F.);
#2050=ORIENTED_EDGE('',*,*,#3080,.F.);
#2051=ORIENTED_EDGE('',*,*,#2919,.T.);
#2052=ORIENTED_EDGE('',*,*,#2808,.T.);
#2053=ORIENTED_EDGE('',*,*,#2967,.F.);
#2054=ORIENTED_EDGE('',*,*,#3081,.F.);
#2055=ORIENTED_EDGE('',*,*,#2920,.T.);
#2056=ORIENTED_EDGE('',*,*,#3081,.T.);
#2057=ORIENTED_EDGE('',*,*,#2966,.T.);
#2058=ORIENTED_EDGE('',*,*,#3080,.T.);
#2059=ORIENTED_EDGE('',*,*,#2922,.T.);
#2060=ORIENTED_EDGE('',*,*,#3079,.T.);
#2061=ORIENTED_EDGE('',*,*,#2964,.T.);
#2062=ORIENTED_EDGE('',*,*,#3078,.T.);
#2063=ORIENTED_EDGE('',*,*,#2958,.T.);
#2064=ORIENTED_EDGE('',*,*,#2798,.F.);
#2065=ORIENTED_EDGE('',*,*,#2928,.F.);
#2066=ORIENTED_EDGE('',*,*,#3082,.F.);
#2067=ORIENTED_EDGE('',*,*,#2960,.T.);
#2068=ORIENTED_EDGE('',*,*,#3083,.F.);
#2069=ORIENTED_EDGE('',*,*,#2926,.F.);
#2070=ORIENTED_EDGE('',*,*,#3084,.F.);
#2071=ORIENTED_EDGE('',*,*,#2924,.T.);
#2072=ORIENTED_EDGE('',*,*,#2804,.T.);
#2073=ORIENTED_EDGE('',*,*,#2962,.F.);
#2074=ORIENTED_EDGE('',*,*,#3085,.F.);
#2075=ORIENTED_EDGE('',*,*,#2925,.T.);
#2076=ORIENTED_EDGE('',*,*,#3085,.T.);
#2077=ORIENTED_EDGE('',*,*,#2961,.T.);
#2078=ORIENTED_EDGE('',*,*,#3084,.T.);
#2079=ORIENTED_EDGE('',*,*,#2927,.T.);
#2080=ORIENTED_EDGE('',*,*,#3083,.T.);
#2081=ORIENTED_EDGE('',*,*,#2959,.T.);
#2082=ORIENTED_EDGE('',*,*,#3082,.T.);
#2083=ORIENTED_EDGE('',*,*,#2948,.T.);
#2084=ORIENTED_EDGE('',*,*,#2766,.F.);
#2085=ORIENTED_EDGE('',*,*,#2938,.F.);
#2086=ORIENTED_EDGE('',*,*,#3086,.F.);
#2087=ORIENTED_EDGE('',*,*,#2950,.T.);
#2088=ORIENTED_EDGE('',*,*,#3087,.F.);
#2089=ORIENTED_EDGE('',*,*,#2936,.F.);
#2090=ORIENTED_EDGE('',*,*,#3088,.F.);
#2091=ORIENTED_EDGE('',*,*,#2934,.T.);
#2092=ORIENTED_EDGE('',*,*,#2803,.T.);
#2093=ORIENTED_EDGE('',*,*,#2952,.F.);
#2094=ORIENTED_EDGE('',*,*,#3089,.F.);
#2095=ORIENTED_EDGE('',*,*,#2935,.T.);
#2096=ORIENTED_EDGE('',*,*,#3089,.T.);
#2097=ORIENTED_EDGE('',*,*,#2951,.T.);
#2098=ORIENTED_EDGE('',*,*,#3088,.T.);
#2099=ORIENTED_EDGE('',*,*,#2937,.T.);
#2100=ORIENTED_EDGE('',*,*,#3087,.T.);
#2101=ORIENTED_EDGE('',*,*,#2949,.T.);
#2102=ORIENTED_EDGE('',*,*,#3086,.T.);
#2103=ORIENTED_EDGE('',*,*,#2953,.T.);
#2104=ORIENTED_EDGE('',*,*,#2801,.F.);
#2105=ORIENTED_EDGE('',*,*,#2933,.F.);
#2106=ORIENTED_EDGE('',*,*,#3090,.F.);
#2107=ORIENTED_EDGE('',*,*,#2955,.T.);
#2108=ORIENTED_EDGE('',*,*,#3091,.F.);
#2109=ORIENTED_EDGE('',*,*,#2931,.F.);
#2110=ORIENTED_EDGE('',*,*,#3092,.F.);
#2111=ORIENTED_EDGE('',*,*,#2929,.T.);
#2112=ORIENTED_EDGE('',*,*,#2796,.T.);
#2113=ORIENTED_EDGE('',*,*,#2957,.F.);
#2114=ORIENTED_EDGE('',*,*,#3093,.F.);
#2115=ORIENTED_EDGE('',*,*,#2930,.T.);
#2116=ORIENTED_EDGE('',*,*,#3093,.T.);
#2117=ORIENTED_EDGE('',*,*,#2956,.T.);
#2118=ORIENTED_EDGE('',*,*,#3092,.T.);
#2119=ORIENTED_EDGE('',*,*,#2932,.T.);
#2120=ORIENTED_EDGE('',*,*,#3091,.T.);
#2121=ORIENTED_EDGE('',*,*,#2954,.T.);
#2122=ORIENTED_EDGE('',*,*,#3090,.T.);
#2123=ORIENTED_EDGE('',*,*,#3008,.T.);
#2124=ORIENTED_EDGE('',*,*,#2833,.F.);
#2125=ORIENTED_EDGE('',*,*,#2877,.F.);
#2126=ORIENTED_EDGE('',*,*,#3094,.F.);
#2127=ORIENTED_EDGE('',*,*,#3010,.T.);
#2128=ORIENTED_EDGE('',*,*,#3095,.F.);
#2129=ORIENTED_EDGE('',*,*,#2875,.F.);
#2130=ORIENTED_EDGE('',*,*,#3096,.F.);
#2131=ORIENTED_EDGE('',*,*,#2873,.T.);
#2132=ORIENTED_EDGE('',*,*,#2795,.T.);
#2133=ORIENTED_EDGE('',*,*,#3012,.F.);
#2134=ORIENTED_EDGE('',*,*,#3097,.F.);
#2135=ORIENTED_EDGE('',*,*,#2874,.T.);
#2136=ORIENTED_EDGE('',*,*,#3097,.T.);
#2137=ORIENTED_EDGE('',*,*,#3011,.T.);
#2138=ORIENTED_EDGE('',*,*,#3096,.T.);
#2139=ORIENTED_EDGE('',*,*,#2876,.T.);
#2140=ORIENTED_EDGE('',*,*,#3095,.T.);
#2141=ORIENTED_EDGE('',*,*,#3009,.T.);
#2142=ORIENTED_EDGE('',*,*,#3094,.T.);
#2143=ORIENTED_EDGE('',*,*,#3013,.T.);
#2144=ORIENTED_EDGE('',*,*,#2793,.F.);
#2145=ORIENTED_EDGE('',*,*,#2872,.F.);
#2146=ORIENTED_EDGE('',*,*,#3098,.F.);
#2147=ORIENTED_EDGE('',*,*,#3015,.T.);
#2148=ORIENTED_EDGE('',*,*,#3099,.F.);
#2149=ORIENTED_EDGE('',*,*,#2870,.F.);
#2150=ORIENTED_EDGE('',*,*,#3100,.F.);
#2151=ORIENTED_EDGE('',*,*,#2868,.T.);
#2152=ORIENTED_EDGE('',*,*,#2791,.T.);
#2153=ORIENTED_EDGE('',*,*,#3017,.F.);
#2154=ORIENTED_EDGE('',*,*,#3101,.F.);
#2155=ORIENTED_EDGE('',*,*,#2869,.T.);
#2156=ORIENTED_EDGE('',*,*,#3101,.T.);
#2157=ORIENTED_EDGE('',*,*,#3016,.T.);
#2158=ORIENTED_EDGE('',*,*,#3100,.T.);
#2159=ORIENTED_EDGE('',*,*,#2871,.T.);
#2160=ORIENTED_EDGE('',*,*,#3099,.T.);
#2161=ORIENTED_EDGE('',*,*,#3014,.T.);
#2162=ORIENTED_EDGE('',*,*,#3098,.T.);
#2163=ORIENTED_EDGE('',*,*,#3018,.T.);
#2164=ORIENTED_EDGE('',*,*,#2789,.F.);
#2165=ORIENTED_EDGE('',*,*,#2867,.F.);
#2166=ORIENTED_EDGE('',*,*,#3102,.F.);
#2167=ORIENTED_EDGE('',*,*,#3020,.T.);
#2168=ORIENTED_EDGE('',*,*,#3103,.F.);
#2169=ORIENTED_EDGE('',*,*,#2865,.F.);
#2170=ORIENTED_EDGE('',*,*,#3104,.F.);
#2171=ORIENTED_EDGE('',*,*,#2863,.T.);
#2172=ORIENTED_EDGE('',*,*,#2787,.T.);
#2173=ORIENTED_EDGE('',*,*,#3022,.F.);
#2174=ORIENTED_EDGE('',*,*,#3105,.F.);
#2175=ORIENTED_EDGE('',*,*,#2864,.T.);
#2176=ORIENTED_EDGE('',*,*,#3105,.T.);
#2177=ORIENTED_EDGE('',*,*,#3021,.T.);
#2178=ORIENTED_EDGE('',*,*,#3104,.T.);
#2179=ORIENTED_EDGE('',*,*,#2866,.T.);
#2180=ORIENTED_EDGE('',*,*,#3103,.T.);
#2181=ORIENTED_EDGE('',*,*,#3019,.T.);
#2182=ORIENTED_EDGE('',*,*,#3102,.T.);
#2183=ORIENTED_EDGE('',*,*,#3023,.T.);
#2184=ORIENTED_EDGE('',*,*,#2785,.F.);
#2185=ORIENTED_EDGE('',*,*,#2862,.F.);
#2186=ORIENTED_EDGE('',*,*,#3106,.F.);
#2187=ORIENTED_EDGE('',*,*,#3025,.T.);
#2188=ORIENTED_EDGE('',*,*,#3107,.F.);
#2189=ORIENTED_EDGE('',*,*,#2860,.F.);
#2190=ORIENTED_EDGE('',*,*,#3108,.F.);
#2191=ORIENTED_EDGE('',*,*,#2858,.T.);
#2192=ORIENTED_EDGE('',*,*,#2783,.T.);
#2193=ORIENTED_EDGE('',*,*,#3027,.F.);
#2194=ORIENTED_EDGE('',*,*,#3109,.F.);
#2195=ORIENTED_EDGE('',*,*,#2859,.T.);
#2196=ORIENTED_EDGE('',*,*,#3109,.T.);
#2197=ORIENTED_EDGE('',*,*,#3026,.T.);
#2198=ORIENTED_EDGE('',*,*,#3108,.T.);
#2199=ORIENTED_EDGE('',*,*,#2861,.T.);
#2200=ORIENTED_EDGE('',*,*,#3107,.T.);
#2201=ORIENTED_EDGE('',*,*,#3024,.T.);
#2202=ORIENTED_EDGE('',*,*,#3106,.T.);
#2203=ORIENTED_EDGE('',*,*,#3028,.T.);
#2204=ORIENTED_EDGE('',*,*,#2781,.F.);
#2205=ORIENTED_EDGE('',*,*,#2857,.F.);
#2206=ORIENTED_EDGE('',*,*,#3110,.F.);
#2207=ORIENTED_EDGE('',*,*,#3030,.T.);
#2208=ORIENTED_EDGE('',*,*,#3111,.F.);
#2209=ORIENTED_EDGE('',*,*,#2855,.F.);
#2210=ORIENTED_EDGE('',*,*,#3112,.F.);
#2211=ORIENTED_EDGE('',*,*,#2853,.T.);
#2212=ORIENTED_EDGE('',*,*,#2779,.T.);
#2213=ORIENTED_EDGE('',*,*,#3032,.F.);
#2214=ORIENTED_EDGE('',*,*,#3113,.F.);
#2215=ORIENTED_EDGE('',*,*,#2854,.T.);
#2216=ORIENTED_EDGE('',*,*,#3113,.T.);
#2217=ORIENTED_EDGE('',*,*,#3031,.T.);
#2218=ORIENTED_EDGE('',*,*,#3112,.T.);
#2219=ORIENTED_EDGE('',*,*,#2856,.T.);
#2220=ORIENTED_EDGE('',*,*,#3111,.T.);
#2221=ORIENTED_EDGE('',*,*,#3029,.T.);
#2222=ORIENTED_EDGE('',*,*,#3110,.T.);
#2223=ORIENTED_EDGE('',*,*,#3033,.T.);
#2224=ORIENTED_EDGE('',*,*,#2777,.F.);
#2225=ORIENTED_EDGE('',*,*,#2852,.F.);
#2226=ORIENTED_EDGE('',*,*,#3114,.F.);
#2227=ORIENTED_EDGE('',*,*,#3035,.T.);
#2228=ORIENTED_EDGE('',*,*,#3115,.F.);
#2229=ORIENTED_EDGE('',*,*,#2850,.F.);
#2230=ORIENTED_EDGE('',*,*,#3116,.F.);
#2231=ORIENTED_EDGE('',*,*,#2848,.T.);
#2232=ORIENTED_EDGE('',*,*,#2775,.T.);
#2233=ORIENTED_EDGE('',*,*,#3037,.F.);
#2234=ORIENTED_EDGE('',*,*,#3117,.F.);
#2235=ORIENTED_EDGE('',*,*,#2849,.T.);
#2236=ORIENTED_EDGE('',*,*,#3117,.T.);
#2237=ORIENTED_EDGE('',*,*,#3036,.T.);
#2238=ORIENTED_EDGE('',*,*,#3116,.T.);
#2239=ORIENTED_EDGE('',*,*,#2851,.T.);
#2240=ORIENTED_EDGE('',*,*,#3115,.T.);
#2241=ORIENTED_EDGE('',*,*,#3034,.T.);
#2242=ORIENTED_EDGE('',*,*,#3114,.T.);
#2243=ORIENTED_EDGE('',*,*,#3038,.T.);
#2244=ORIENTED_EDGE('',*,*,#2773,.F.);
#2245=ORIENTED_EDGE('',*,*,#2847,.F.);
#2246=ORIENTED_EDGE('',*,*,#3118,.F.);
#2247=ORIENTED_EDGE('',*,*,#3040,.T.);
#2248=ORIENTED_EDGE('',*,*,#3119,.F.);
#2249=ORIENTED_EDGE('',*,*,#2845,.F.);
#2250=ORIENTED_EDGE('',*,*,#3120,.F.);
#2251=ORIENTED_EDGE('',*,*,#2843,.T.);
#2252=ORIENTED_EDGE('',*,*,#2771,.T.);
#2253=ORIENTED_EDGE('',*,*,#3042,.F.);
#2254=ORIENTED_EDGE('',*,*,#3121,.F.);
#2255=ORIENTED_EDGE('',*,*,#2844,.T.);
#2256=ORIENTED_EDGE('',*,*,#3121,.T.);
#2257=ORIENTED_EDGE('',*,*,#3041,.T.);
#2258=ORIENTED_EDGE('',*,*,#3120,.T.);
#2259=ORIENTED_EDGE('',*,*,#2846,.T.);
#2260=ORIENTED_EDGE('',*,*,#3119,.T.);
#2261=ORIENTED_EDGE('',*,*,#3039,.T.);
#2262=ORIENTED_EDGE('',*,*,#3118,.T.);
#2263=ORIENTED_EDGE('',*,*,#3043,.T.);
#2264=ORIENTED_EDGE('',*,*,#2769,.F.);
#2265=ORIENTED_EDGE('',*,*,#2842,.F.);
#2266=ORIENTED_EDGE('',*,*,#3122,.F.);
#2267=ORIENTED_EDGE('',*,*,#3045,.T.);
#2268=ORIENTED_EDGE('',*,*,#3123,.F.);
#2269=ORIENTED_EDGE('',*,*,#2941,.F.);
#2270=ORIENTED_EDGE('',*,*,#3124,.F.);
#2271=ORIENTED_EDGE('',*,*,#2939,.T.);
#2272=ORIENTED_EDGE('',*,*,#2764,.T.);
#2273=ORIENTED_EDGE('',*,*,#2947,.F.);
#2274=ORIENTED_EDGE('',*,*,#3125,.F.);
#2275=ORIENTED_EDGE('',*,*,#2940,.T.);
#2276=ORIENTED_EDGE('',*,*,#3125,.T.);
#2277=ORIENTED_EDGE('',*,*,#2946,.T.);
#2278=ORIENTED_EDGE('',*,*,#3124,.T.);
#2279=ORIENTED_EDGE('',*,*,#2841,.T.);
#2280=ORIENTED_EDGE('',*,*,#3123,.T.);
#2281=ORIENTED_EDGE('',*,*,#3044,.T.);
#2282=ORIENTED_EDGE('',*,*,#3122,.T.);
#2283=ORIENTED_EDGE('',*,*,#2840,.F.);
#2284=ORIENTED_EDGE('',*,*,#2945,.T.);
#2285=ORIENTED_EDGE('',*,*,#3126,.T.);
#2286=ORIENTED_EDGE('',*,*,#3127,.T.);
#2287=ORIENTED_EDGE('',*,*,#3128,.T.);
#2288=ORIENTED_EDGE('',*,*,#3129,.T.);
#2289=ORIENTED_EDGE('',*,*,#3130,.F.);
#2290=ORIENTED_EDGE('',*,*,#3131,.F.);
#2291=ORIENTED_EDGE('',*,*,#3132,.T.);
#2292=ORIENTED_EDGE('',*,*,#3133,.T.);
#2293=ORIENTED_EDGE('',*,*,#3134,.T.);
#2294=ORIENTED_EDGE('',*,*,#3135,.F.);
#2295=ORIENTED_EDGE('',*,*,#3136,.F.);
#2296=ORIENTED_EDGE('',*,*,#3137,.F.);
#2297=ORIENTED_EDGE('',*,*,#3138,.F.);
#2298=ORIENTED_EDGE('',*,*,#3139,.T.);
#2299=ORIENTED_EDGE('',*,*,#3140,.T.);
#2300=ORIENTED_EDGE('',*,*,#3141,.F.);
#2301=ORIENTED_EDGE('',*,*,#3142,.F.);
#2302=ORIENTED_EDGE('',*,*,#3138,.T.);
#2303=ORIENTED_EDGE('',*,*,#3141,.T.);
#2304=ORIENTED_EDGE('',*,*,#3143,.T.);
#2305=ORIENTED_EDGE('',*,*,#3144,.T.);
#2306=ORIENTED_EDGE('',*,*,#3145,.T.);
#2307=ORIENTED_EDGE('',*,*,#3146,.F.);
#2308=ORIENTED_EDGE('',*,*,#3147,.F.);
#2309=ORIENTED_EDGE('',*,*,#3148,.F.);
#2310=ORIENTED_EDGE('',*,*,#3149,.T.);
#2311=ORIENTED_EDGE('',*,*,#3150,.T.);
#2312=ORIENTED_EDGE('',*,*,#3151,.F.);
#2313=ORIENTED_EDGE('',*,*,#3152,.F.);
#2314=ORIENTED_EDGE('',*,*,#3153,.F.);
#2315=ORIENTED_EDGE('',*,*,#3154,.F.);
#2316=ORIENTED_EDGE('',*,*,#3155,.F.);
#2317=ORIENTED_EDGE('',*,*,#3156,.F.);
#2318=ORIENTED_EDGE('',*,*,#3157,.F.);
#2319=ORIENTED_EDGE('',*,*,#3158,.T.);
#2320=ORIENTED_EDGE('',*,*,#3159,.T.);
#2321=ORIENTED_EDGE('',*,*,#3160,.T.);
#2322=ORIENTED_EDGE('',*,*,#3161,.F.);
#2323=ORIENTED_EDGE('',*,*,#3162,.F.);
#2324=ORIENTED_EDGE('',*,*,#3157,.T.);
#2325=ORIENTED_EDGE('',*,*,#3163,.T.);
#2326=ORIENTED_EDGE('',*,*,#3164,.F.);
#2327=ORIENTED_EDGE('',*,*,#3165,.F.);
#2328=ORIENTED_EDGE('',*,*,#3161,.T.);
#2329=ORIENTED_EDGE('',*,*,#3166,.F.);
#2330=ORIENTED_EDGE('',*,*,#3159,.F.);
#2331=ORIENTED_EDGE('',*,*,#3167,.T.);
#2332=ORIENTED_EDGE('',*,*,#3164,.T.);
#2333=ORIENTED_EDGE('',*,*,#3168,.F.);
#2334=ORIENTED_EDGE('',*,*,#3126,.F.);
#2335=ORIENTED_EDGE('',*,*,#3169,.T.);
#2336=ORIENTED_EDGE('',*,*,#3154,.T.);
#2337=ORIENTED_EDGE('',*,*,#3158,.F.);
#2338=ORIENTED_EDGE('',*,*,#3162,.T.);
#2339=ORIENTED_EDGE('',*,*,#3165,.T.);
#2340=ORIENTED_EDGE('',*,*,#3167,.F.);
#2341=ORIENTED_EDGE('',*,*,#3139,.F.);
#2342=ORIENTED_EDGE('',*,*,#3142,.T.);
#2343=ORIENTED_EDGE('',*,*,#3155,.T.);
#2344=ORIENTED_EDGE('',*,*,#3169,.F.);
#2345=ORIENTED_EDGE('',*,*,#3160,.F.);
#2346=ORIENTED_EDGE('',*,*,#3156,.T.);
#2347=ORIENTED_EDGE('',*,*,#3166,.T.);
#2348=ORIENTED_EDGE('',*,*,#3163,.F.);
#2349=ORIENTED_EDGE('',*,*,#3153,.T.);
#2350=ORIENTED_EDGE('',*,*,#3170,.F.);
#2351=ORIENTED_EDGE('',*,*,#3127,.F.);
#2352=ORIENTED_EDGE('',*,*,#3168,.T.);
#2353=ORIENTED_EDGE('',*,*,#3143,.F.);
#2354=ORIENTED_EDGE('',*,*,#3140,.F.);
#2355=ORIENTED_EDGE('',*,*,#3137,.T.);
#2356=ORIENTED_EDGE('',*,*,#3171,.T.);
#2357=ORIENTED_EDGE('',*,*,#3144,.F.);
#2358=ORIENTED_EDGE('',*,*,#3171,.F.);
#2359=ORIENTED_EDGE('',*,*,#3136,.T.);
#2360=ORIENTED_EDGE('',*,*,#3172,.T.);
#2361=ORIENTED_EDGE('',*,*,#3145,.F.);
#2362=ORIENTED_EDGE('',*,*,#3172,.F.);
#2363=ORIENTED_EDGE('',*,*,#3135,.T.);
#2364=ORIENTED_EDGE('',*,*,#3173,.T.);
#2365=ORIENTED_EDGE('',*,*,#3146,.T.);
#2366=ORIENTED_EDGE('',*,*,#3173,.F.);
#2367=ORIENTED_EDGE('',*,*,#3134,.F.);
#2368=ORIENTED_EDGE('',*,*,#3174,.T.);
#2369=ORIENTED_EDGE('',*,*,#3147,.T.);
#2370=ORIENTED_EDGE('',*,*,#3174,.F.);
#2371=ORIENTED_EDGE('',*,*,#3133,.F.);
#2372=ORIENTED_EDGE('',*,*,#3175,.T.);
#2373=ORIENTED_EDGE('',*,*,#3148,.T.);
#2374=ORIENTED_EDGE('',*,*,#3175,.F.);
#2375=ORIENTED_EDGE('',*,*,#3132,.F.);
#2376=ORIENTED_EDGE('',*,*,#3176,.T.);
#2377=ORIENTED_EDGE('',*,*,#3149,.F.);
#2378=ORIENTED_EDGE('',*,*,#3176,.F.);
#2379=ORIENTED_EDGE('',*,*,#3131,.T.);
#2380=ORIENTED_EDGE('',*,*,#3177,.T.);
#2381=ORIENTED_EDGE('',*,*,#3150,.F.);
#2382=ORIENTED_EDGE('',*,*,#3177,.F.);
#2383=ORIENTED_EDGE('',*,*,#3130,.T.);
#2384=ORIENTED_EDGE('',*,*,#3178,.T.);
#2385=ORIENTED_EDGE('',*,*,#3151,.T.);
#2386=ORIENTED_EDGE('',*,*,#3178,.F.);
#2387=ORIENTED_EDGE('',*,*,#3129,.F.);
#2388=ORIENTED_EDGE('',*,*,#3179,.T.);
#2389=ORIENTED_EDGE('',*,*,#3152,.T.);
#2390=ORIENTED_EDGE('',*,*,#3179,.F.);
#2391=ORIENTED_EDGE('',*,*,#3128,.F.);
#2392=ORIENTED_EDGE('',*,*,#3170,.T.);
#2393=ORIENTED_EDGE('',*,*,#3180,.F.);
#2394=ORIENTED_EDGE('',*,*,#3181,.T.);
#2395=ORIENTED_EDGE('',*,*,#3182,.F.);
#2396=ORIENTED_EDGE('',*,*,#3183,.F.);
#2397=ORIENTED_EDGE('',*,*,#3184,.F.);
#2398=ORIENTED_EDGE('',*,*,#3185,.T.);
#2399=ORIENTED_EDGE('',*,*,#3186,.T.);
#2400=ORIENTED_EDGE('',*,*,#3187,.F.);
#2401=ORIENTED_EDGE('',*,*,#3188,.F.);
#2402=ORIENTED_EDGE('',*,*,#3189,.T.);
#2403=ORIENTED_EDGE('',*,*,#3190,.T.);
#2404=ORIENTED_EDGE('',*,*,#3191,.T.);
#2405=ORIENTED_EDGE('',*,*,#3192,.T.);
#2406=ORIENTED_EDGE('',*,*,#3193,.T.);
#2407=ORIENTED_EDGE('',*,*,#3194,.T.);
#2408=ORIENTED_EDGE('',*,*,#3195,.T.);
#2409=ORIENTED_EDGE('',*,*,#3196,.F.);
#2410=ORIENTED_EDGE('',*,*,#3197,.F.);
#2411=ORIENTED_EDGE('',*,*,#3198,.F.);
#2412=ORIENTED_EDGE('',*,*,#3199,.F.);
#2413=ORIENTED_EDGE('',*,*,#3185,.F.);
#2414=ORIENTED_EDGE('',*,*,#3200,.T.);
#2415=ORIENTED_EDGE('',*,*,#3197,.T.);
#2416=ORIENTED_EDGE('',*,*,#3201,.F.);
#2417=ORIENTED_EDGE('',*,*,#3200,.F.);
#2418=ORIENTED_EDGE('',*,*,#3188,.T.);
#2419=ORIENTED_EDGE('',*,*,#3202,.F.);
#2420=ORIENTED_EDGE('',*,*,#3194,.F.);
#2421=ORIENTED_EDGE('',*,*,#3186,.F.);
#2422=ORIENTED_EDGE('',*,*,#3201,.T.);
#2423=ORIENTED_EDGE('',*,*,#3196,.T.);
#2424=ORIENTED_EDGE('',*,*,#3203,.T.);
#2425=ORIENTED_EDGE('',*,*,#3204,.F.);
#2426=ORIENTED_EDGE('',*,*,#3205,.F.);
#2427=ORIENTED_EDGE('',*,*,#3206,.T.);
#2428=ORIENTED_EDGE('',*,*,#3207,.T.);
#2429=ORIENTED_EDGE('',*,*,#3208,.T.);
#2430=ORIENTED_EDGE('',*,*,#3209,.F.);
#2431=ORIENTED_EDGE('',*,*,#3210,.F.);
#2432=ORIENTED_EDGE('',*,*,#3205,.T.);
#2433=ORIENTED_EDGE('',*,*,#3211,.T.);
#2434=ORIENTED_EDGE('',*,*,#3212,.F.);
#2435=ORIENTED_EDGE('',*,*,#3213,.F.);
#2436=ORIENTED_EDGE('',*,*,#3209,.T.);
#2437=ORIENTED_EDGE('',*,*,#3214,.F.);
#2438=ORIENTED_EDGE('',*,*,#3207,.F.);
#2439=ORIENTED_EDGE('',*,*,#3215,.T.);
#2440=ORIENTED_EDGE('',*,*,#3212,.T.);
#2441=ORIENTED_EDGE('',*,*,#3206,.F.);
#2442=ORIENTED_EDGE('',*,*,#3210,.T.);
#2443=ORIENTED_EDGE('',*,*,#3213,.T.);
#2444=ORIENTED_EDGE('',*,*,#3215,.F.);
#2445=ORIENTED_EDGE('',*,*,#3202,.T.);
#2446=ORIENTED_EDGE('',*,*,#3187,.T.);
#2447=ORIENTED_EDGE('',*,*,#3203,.F.);
#2448=ORIENTED_EDGE('',*,*,#3195,.F.);
#2449=ORIENTED_EDGE('',*,*,#3208,.F.);
#2450=ORIENTED_EDGE('',*,*,#3204,.T.);
#2451=ORIENTED_EDGE('',*,*,#3214,.T.);
#2452=ORIENTED_EDGE('',*,*,#3211,.F.);
#2453=ORIENTED_EDGE('',*,*,#3184,.T.);
#2454=ORIENTED_EDGE('',*,*,#3193,.F.);
#2455=ORIENTED_EDGE('',*,*,#3216,.T.);
#2456=ORIENTED_EDGE('',*,*,#3182,.T.);
#2457=ORIENTED_EDGE('',*,*,#3217,.F.);
#2458=ORIENTED_EDGE('',*,*,#3192,.F.);
#2459=ORIENTED_EDGE('',*,*,#3217,.T.);
#2460=ORIENTED_EDGE('',*,*,#3183,.T.);
#2461=ORIENTED_EDGE('',*,*,#3216,.F.);
#2462=ORIENTED_EDGE('',*,*,#3191,.F.);
#2463=ORIENTED_EDGE('',*,*,#3181,.F.);
#2464=ORIENTED_EDGE('',*,*,#3198,.T.);
#2465=ORIENTED_EDGE('',*,*,#3189,.F.);
#2466=ORIENTED_EDGE('',*,*,#3199,.T.);
#2467=ORIENTED_EDGE('',*,*,#3180,.T.);
#2468=ORIENTED_EDGE('',*,*,#3190,.F.);
#2469=ORIENTED_EDGE('',*,*,#3218,.T.);
#2470=ORIENTED_EDGE('',*,*,#3219,.T.);
#2471=ORIENTED_EDGE('',*,*,#3220,.F.);
#2472=ORIENTED_EDGE('',*,*,#3221,.F.);
#2473=ORIENTED_EDGE('',*,*,#3222,.T.);
#2474=ORIENTED_EDGE('',*,*,#3223,.T.);
#2475=ORIENTED_EDGE('',*,*,#3224,.F.);
#2476=ORIENTED_EDGE('',*,*,#3225,.T.);
#2477=ORIENTED_EDGE('',*,*,#3226,.F.);
#2478=ORIENTED_EDGE('',*,*,#3227,.F.);
#2479=ORIENTED_EDGE('',*,*,#3228,.F.);
#2480=ORIENTED_EDGE('',*,*,#3229,.T.);
#2481=ORIENTED_EDGE('',*,*,#3230,.F.);
#2482=ORIENTED_EDGE('',*,*,#3231,.F.);
#2483=ORIENTED_EDGE('',*,*,#3221,.T.);
#2484=ORIENTED_EDGE('',*,*,#3232,.T.);
#2485=ORIENTED_EDGE('',*,*,#3233,.T.);
#2486=ORIENTED_EDGE('',*,*,#3234,.F.);
#2487=ORIENTED_EDGE('',*,*,#3222,.F.);
#2488=ORIENTED_EDGE('',*,*,#3231,.T.);
#2489=ORIENTED_EDGE('',*,*,#3235,.T.);
#2490=ORIENTED_EDGE('',*,*,#3236,.F.);
#2491=ORIENTED_EDGE('',*,*,#3223,.F.);
#2492=ORIENTED_EDGE('',*,*,#3234,.T.);
#2493=ORIENTED_EDGE('',*,*,#3237,.F.);
#2494=ORIENTED_EDGE('',*,*,#3232,.F.);
#2495=ORIENTED_EDGE('',*,*,#3224,.T.);
#2496=ORIENTED_EDGE('',*,*,#3236,.T.);
#2497=ORIENTED_EDGE('',*,*,#3230,.T.);
#2498=ORIENTED_EDGE('',*,*,#3237,.T.);
#2499=ORIENTED_EDGE('',*,*,#3235,.F.);
#2500=ORIENTED_EDGE('',*,*,#3233,.F.);
#2501=ORIENTED_EDGE('',*,*,#3238,.F.);
#2502=ORIENTED_EDGE('',*,*,#3220,.T.);
#2503=ORIENTED_EDGE('',*,*,#3238,.T.);
#2504=ORIENTED_EDGE('',*,*,#3239,.T.);
#2505=ORIENTED_EDGE('',*,*,#3219,.F.);
#2506=ORIENTED_EDGE('',*,*,#3239,.F.);
#2507=ORIENTED_EDGE('',*,*,#3240,.T.);
#2508=ORIENTED_EDGE('',*,*,#3225,.F.);
#2509=ORIENTED_EDGE('',*,*,#3240,.F.);
#2510=ORIENTED_EDGE('',*,*,#3241,.T.);
#2511=ORIENTED_EDGE('',*,*,#3218,.F.);
#2512=ORIENTED_EDGE('',*,*,#3241,.F.);
#2513=ORIENTED_EDGE('',*,*,#3242,.F.);
#2514=ORIENTED_EDGE('',*,*,#3226,.T.);
#2515=ORIENTED_EDGE('',*,*,#3242,.T.);
#2516=ORIENTED_EDGE('',*,*,#3243,.F.);
#2517=ORIENTED_EDGE('',*,*,#3227,.T.);
#2518=ORIENTED_EDGE('',*,*,#3243,.T.);
#2519=ORIENTED_EDGE('',*,*,#3244,.F.);
#2520=ORIENTED_EDGE('',*,*,#3228,.T.);
#2521=ORIENTED_EDGE('',*,*,#3244,.T.);
#2522=ORIENTED_EDGE('',*,*,#3245,.T.);
#2523=ORIENTED_EDGE('',*,*,#3229,.F.);
#2524=ORIENTED_EDGE('',*,*,#3245,.F.);
#2525=EDGE_CURVE('',#3246,#3246,#3761,.T.);
#2526=EDGE_CURVE('',#3247,#3247,#3762,.T.);
#2527=EDGE_CURVE('',#3248,#3248,#3763,.T.);
#2528=EDGE_CURVE('',#3249,#3249,#3764,.T.);
#2529=EDGE_CURVE('',#3250,#3250,#3765,.T.);
#2530=EDGE_CURVE('',#3251,#3251,#3766,.T.);
#2531=EDGE_CURVE('',#3252,#3252,#3767,.T.);
#2532=EDGE_CURVE('',#3253,#3253,#3768,.T.);
#2533=EDGE_CURVE('',#3254,#3254,#3769,.T.);
#2534=EDGE_CURVE('',#3255,#3255,#3770,.T.);
#2535=EDGE_CURVE('',#3256,#3256,#3771,.T.);
#2536=EDGE_CURVE('',#3257,#3257,#3772,.T.);
#2537=EDGE_CURVE('',#3258,#3259,#3773,.T.);
#2538=EDGE_CURVE('',#3260,#3259,#134,.T.);
#2539=EDGE_CURVE('',#3261,#3260,#3774,.T.);
#2540=EDGE_CURVE('',#3261,#3258,#135,.T.);
#2541=EDGE_CURVE('',#3262,#3259,#136,.T.);
#2542=EDGE_CURVE('',#3263,#3262,#137,.T.);
#2543=EDGE_CURVE('',#3263,#3260,#138,.T.);
#2544=EDGE_CURVE('',#3262,#3264,#3775,.T.);
#2545=EDGE_CURVE('',#3265,#3264,#139,.T.);
#2546=EDGE_CURVE('',#3263,#3265,#3776,.T.);
#2547=EDGE_CURVE('',#3266,#3267,#140,.T.);
#2548=EDGE_CURVE('',#3268,#3267,#141,.T.);
#2549=EDGE_CURVE('',#3269,#3268,#142,.T.);
#2550=EDGE_CURVE('',#3269,#3266,#143,.T.);
#2551=EDGE_CURVE('',#3270,#3267,#3777,.T.);
#2552=EDGE_CURVE('',#3271,#3270,#144,.T.);
#2553=EDGE_CURVE('',#3271,#3268,#3778,.T.);
#2554=EDGE_CURVE('',#3272,#3270,#145,.T.);
#2555=EDGE_CURVE('',#3273,#3272,#146,.T.);
#2556=EDGE_CURVE('',#3273,#3271,#147,.T.);
#2557=EDGE_CURVE('',#3266,#3272,#3779,.T.);
#2558=EDGE_CURVE('',#3269,#3273,#3780,.T.);
#2559=EDGE_CURVE('',#3258,#3264,#148,.T.);
#2560=EDGE_CURVE('',#3261,#3265,#149,.T.);
#2561=EDGE_CURVE('',#3274,#3275,#150,.T.);
#2562=EDGE_CURVE('',#3276,#3274,#151,.T.);
#2563=EDGE_CURVE('',#3276,#3277,#152,.T.);
#2564=EDGE_CURVE('',#3277,#3275,#153,.T.);
#2565=EDGE_CURVE('',#3278,#3278,#3781,.T.);
#2566=EDGE_CURVE('',#3279,#3279,#3782,.T.);
#2567=EDGE_CURVE('',#3280,#3280,#3783,.T.);
#2568=EDGE_CURVE('',#3281,#3281,#3784,.T.);
#2569=EDGE_CURVE('',#3282,#3283,#154,.T.);
#2570=EDGE_CURVE('',#3283,#3275,#3785,.T.);
#2571=EDGE_CURVE('',#3277,#3284,#3786,.T.);
#2572=EDGE_CURVE('',#3285,#3284,#155,.T.);
#2573=EDGE_CURVE('',#3285,#3282,#156,.T.);
#2574=EDGE_CURVE('',#3286,#3286,#3787,.T.);
#2575=EDGE_CURVE('',#3287,#3287,#3788,.T.);
#2576=EDGE_CURVE('',#3288,#3288,#3789,.T.);
#2577=EDGE_CURVE('',#3289,#3289,#3790,.T.);
#2578=EDGE_CURVE('',#3290,#3274,#3791,.T.);
#2579=EDGE_CURVE('',#3291,#3290,#157,.T.);
#2580=EDGE_CURVE('',#3292,#3291,#158,.T.);
#2581=EDGE_CURVE('',#3292,#3293,#159,.T.);
#2582=EDGE_CURVE('',#3276,#3293,#3792,.T.);
#2583=EDGE_CURVE('',#3293,#3284,#160,.T.);
#2584=EDGE_CURVE('',#3292,#3294,#161,.T.);
#2585=EDGE_CURVE('',#3294,#3295,#162,.T.);
#2586=EDGE_CURVE('',#3285,#3295,#163,.T.);
#2587=EDGE_CURVE('',#3290,#3283,#164,.T.);
#2588=EDGE_CURVE('',#3282,#3296,#165,.T.);
#2589=EDGE_CURVE('',#3297,#3296,#166,.T.);
#2590=EDGE_CURVE('',#3291,#3297,#167,.T.);
#2591=EDGE_CURVE('',#3295,#3296,#168,.T.);
#2592=EDGE_CURVE('',#3294,#3297,#169,.T.);
#2593=EDGE_CURVE('',#3298,#3298,#3793,.T.);
#2594=EDGE_CURVE('',#3299,#3299,#3794,.T.);
#2595=EDGE_CURVE('',#3300,#3300,#3795,.T.);
#2596=EDGE_CURVE('',#3301,#3301,#3796,.T.);
#2597=EDGE_CURVE('',#3302,#3302,#3797,.T.);
#2598=EDGE_CURVE('',#3303,#3303,#3798,.T.);
#2599=EDGE_CURVE('',#3304,#3304,#3799,.T.);
#2600=EDGE_CURVE('',#3305,#3305,#3800,.T.);
#2601=EDGE_CURVE('',#3306,#3307,#170,.T.);
#2602=EDGE_CURVE('',#3308,#3306,#171,.T.);
#2603=EDGE_CURVE('',#3308,#3309,#172,.T.);
#2604=EDGE_CURVE('',#3309,#3307,#173,.T.);
#2605=EDGE_CURVE('',#3306,#3310,#174,.T.);
#2606=EDGE_CURVE('',#3311,#3310,#175,.T.);
#2607=EDGE_CURVE('',#3308,#3311,#176,.T.);
#2608=EDGE_CURVE('',#3310,#3312,#177,.T.);
#2609=EDGE_CURVE('',#3313,#3312,#178,.T.);
#2610=EDGE_CURVE('',#3311,#3313,#179,.T.);
#2611=EDGE_CURVE('',#3307,#3312,#180,.T.);
#2612=EDGE_CURVE('',#3309,#3313,#181,.T.);
#2613=EDGE_CURVE('',#3314,#3314,#3801,.T.);
#2614=EDGE_CURVE('',#3315,#3315,#3802,.T.);
#2615=EDGE_CURVE('',#3316,#3316,#3803,.T.);
#2616=EDGE_CURVE('',#3317,#3317,#3804,.T.);
#2617=EDGE_CURVE('',#3318,#3319,#3805,.T.);
#2618=EDGE_CURVE('',#3319,#3320,#182,.T.);
#2619=EDGE_CURVE('',#3321,#3320,#183,.T.);
#2620=EDGE_CURVE('',#3318,#3321,#184,.T.);
#2621=EDGE_CURVE('',#3322,#3322,#3806,.T.);
#2622=EDGE_CURVE('',#3323,#3324,#185,.T.);
#2623=EDGE_CURVE('',#3324,#3325,#186,.T.);
#2624=EDGE_CURVE('',#3326,#3325,#187,.T.);
#2625=EDGE_CURVE('',#3323,#3326,#3807,.T.);
#2626=EDGE_CURVE('',#3327,#3328,#3808,.T.);
#2627=EDGE_CURVE('',#3327,#3329,#3809,.T.);
#2628=EDGE_CURVE('',#3330,#3329,#3810,.T.);
#2629=EDGE_CURVE('',#3331,#3330,#3811,.F.);
#2630=EDGE_CURVE('',#3332,#3331,#3812,.T.);
#2631=EDGE_CURVE('',#3333,#3332,#3813,.F.);
#2632=EDGE_CURVE('',#3334,#3333,#3814,.T.);
#2633=EDGE_CURVE('',#3334,#3328,#3815,.T.);
#2634=EDGE_CURVE('',#3335,#3336,#3816,.T.);
#2635=EDGE_CURVE('',#3335,#3327,#188,.F.);
#2636=EDGE_CURVE('',#3328,#3336,#189,.T.);
#2637=EDGE_CURVE('',#3329,#3337,#190,.T.);
#2638=EDGE_CURVE('',#3338,#3337,#3817,.T.);
#2639=EDGE_CURVE('',#3330,#3338,#191,.T.);
#2640=EDGE_CURVE('',#3339,#3331,#192,.F.);
#2641=EDGE_CURVE('',#3340,#3339,#3818,.T.);
#2642=EDGE_CURVE('',#3332,#3340,#193,.T.);
#2643=EDGE_CURVE('',#3341,#3333,#194,.F.);
#2644=EDGE_CURVE('',#3342,#3341,#3819,.T.);
#2645=EDGE_CURVE('',#3342,#3334,#195,.F.);
#2646=EDGE_CURVE('',#3335,#3337,#3820,.T.);
#2647=EDGE_CURVE('',#3342,#3336,#3821,.T.);
#2648=EDGE_CURVE('',#3341,#3340,#3822,.F.);
#2649=EDGE_CURVE('',#3339,#3338,#3823,.F.);
#2650=EDGE_CURVE('',#3343,#3343,#3824,.T.);
#2651=EDGE_CURVE('',#3318,#3323,#196,.T.);
#2652=EDGE_CURVE('',#3319,#3326,#197,.T.);
#2653=EDGE_CURVE('',#3324,#3321,#198,.T.);
#2654=EDGE_CURVE('',#3325,#3320,#199,.T.);
#2655=EDGE_CURVE('',#3344,#3345,#200,.T.);
#2656=EDGE_CURVE('',#3346,#3344,#201,.T.);
#2657=EDGE_CURVE('',#3346,#3347,#202,.T.);
#2658=EDGE_CURVE('',#3347,#3345,#203,.T.);
#2659=EDGE_CURVE('',#3344,#3348,#204,.T.);
#2660=EDGE_CURVE('',#3349,#3348,#205,.T.);
#2661=EDGE_CURVE('',#3346,#3349,#206,.T.);
#2662=EDGE_CURVE('',#3348,#3350,#207,.T.);
#2663=EDGE_CURVE('',#3351,#3350,#208,.T.);
#2664=EDGE_CURVE('',#3349,#3351,#209,.T.);
#2665=EDGE_CURVE('',#3345,#3350,#210,.T.);
#2666=EDGE_CURVE('',#3347,#3351,#211,.T.);
#2667=EDGE_CURVE('',#3352,#3353,#3825,.T.);
#2668=EDGE_CURVE('',#3353,#3352,#212,.T.);
#2669=EDGE_CURVE('',#3354,#3352,#213,.T.);
#2670=EDGE_CURVE('',#3355,#3354,#3826,.T.);
#2671=EDGE_CURVE('',#3355,#3353,#214,.T.);
#2672=EDGE_CURVE('',#3356,#3356,#3827,.T.);
#2673=EDGE_CURVE('',#3355,#3354,#215,.T.);
#2674=EDGE_CURVE('',#3357,#3358,#216,.T.);
#2675=EDGE_CURVE('',#3359,#3357,#217,.T.);
#2676=EDGE_CURVE('',#3359,#3360,#218,.T.);
#2677=EDGE_CURVE('',#3360,#3358,#219,.T.);
#2678=EDGE_CURVE('',#3357,#3358,#3828,.T.);
#2679=EDGE_CURVE('',#3359,#3360,#3829,.T.);
#2680=EDGE_CURVE('',#3361,#3361,#3830,.T.);
#2681=EDGE_CURVE('',#3362,#3362,#3831,.T.);
#2682=EDGE_CURVE('',#3363,#3363,#3832,.F.);
#2683=EDGE_CURVE('',#3364,#3364,#3833,.F.);
#2684=EDGE_CURVE('',#3365,#3365,#3834,.T.);
#2685=EDGE_CURVE('',#3366,#3366,#3835,.T.);
#2686=EDGE_CURVE('',#3367,#3367,#3836,.T.);
#2687=EDGE_CURVE('',#3368,#3368,#3837,.F.);
#2688=EDGE_CURVE('',#3369,#3369,#3838,.T.);
#2689=EDGE_CURVE('',#3370,#3370,#3839,.T.);
#2690=EDGE_CURVE('',#3371,#3371,#3840,.T.);
#2691=EDGE_CURVE('',#3372,#3372,#3841,.T.);
#2692=EDGE_CURVE('',#3373,#3373,#3842,.T.);
#2693=EDGE_CURVE('',#3374,#3374,#3843,.T.);
#2694=EDGE_CURVE('',#3375,#3375,#3844,.T.);
#2695=EDGE_CURVE('',#3376,#3376,#3845,.T.);
#2696=EDGE_CURVE('',#3377,#3377,#3846,.T.);
#2697=EDGE_CURVE('',#3378,#3378,#3847,.T.);
#2698=EDGE_CURVE('',#3379,#3379,#50,.T.);
#2699=EDGE_CURVE('',#3380,#3380,#51,.T.);
#2700=EDGE_CURVE('',#3381,#3381,#3848,.T.);
#2701=EDGE_CURVE('',#3382,#3382,#3849,.T.);
#2702=EDGE_CURVE('',#3383,#3383,#52,.T.);
#2703=EDGE_CURVE('',#3384,#3384,#53,.T.);
#2704=EDGE_CURVE('',#3385,#3385,#3850,.T.);
#2705=EDGE_CURVE('',#3386,#3386,#3851,.T.);
#2706=EDGE_CURVE('',#3387,#3387,#3852,.T.);
#2707=EDGE_CURVE('',#3388,#3388,#3853,.T.);
#2708=EDGE_CURVE('',#3389,#3389,#3854,.T.);
#2709=EDGE_CURVE('',#3390,#3390,#3855,.T.);
#2710=EDGE_CURVE('',#3391,#3391,#3856,.T.);
#2711=EDGE_CURVE('',#3392,#3392,#3857,.T.);
#2712=EDGE_CURVE('',#3393,#3393,#3858,.T.);
#2713=EDGE_CURVE('',#3394,#3394,#3859,.T.);
#2714=EDGE_CURVE('',#3395,#3396,#220,.T.);
#2715=EDGE_CURVE('',#3397,#3395,#221,.T.);
#2716=EDGE_CURVE('',#3397,#3398,#222,.T.);
#2717=EDGE_CURVE('',#3398,#3396,#223,.T.);
#2718=EDGE_CURVE('',#3395,#3399,#224,.T.);
#2719=EDGE_CURVE('',#3400,#3399,#225,.T.);
#2720=EDGE_CURVE('',#3397,#3400,#226,.T.);
#2721=EDGE_CURVE('',#3399,#3401,#227,.T.);
#2722=EDGE_CURVE('',#3402,#3401,#228,.T.);
#2723=EDGE_CURVE('',#3400,#3402,#229,.T.);
#2724=EDGE_CURVE('',#3396,#3401,#230,.T.);
#2725=EDGE_CURVE('',#3398,#3402,#231,.T.);
#2726=EDGE_CURVE('',#3403,#3403,#3860,.T.);
#2727=EDGE_CURVE('',#3404,#3404,#3861,.T.);
#2728=EDGE_CURVE('',#3405,#3406,#3862,.T.);
#2729=EDGE_CURVE('',#3406,#3405,#232,.T.);
#2730=EDGE_CURVE('',#3407,#3407,#3863,.T.);
#2731=EDGE_CURVE('',#3408,#3409,#3864,.T.);
#2732=EDGE_CURVE('',#3409,#3410,#233,.T.);
#2733=EDGE_CURVE('',#3411,#3410,#234,.T.);
#2734=EDGE_CURVE('',#3408,#3411,#235,.T.);
#2735=EDGE_CURVE('',#3412,#3412,#3865,.T.);
#2736=EDGE_CURVE('',#3413,#3413,#3866,.T.);
#2737=EDGE_CURVE('',#3414,#3415,#236,.T.);
#2738=EDGE_CURVE('',#3415,#3414,#3867,.T.);
#2739=EDGE_CURVE('',#3416,#3416,#3868,.T.);
#2740=EDGE_CURVE('',#3417,#3418,#237,.T.);
#2741=EDGE_CURVE('',#3418,#3419,#238,.T.);
#2742=EDGE_CURVE('',#3420,#3419,#239,.T.);
#2743=EDGE_CURVE('',#3417,#3420,#3869,.T.);
#2744=EDGE_CURVE('',#3421,#3421,#3870,.F.);
#2745=EDGE_CURVE('',#3422,#3422,#3871,.F.);
#2746=EDGE_CURVE('',#3408,#3417,#240,.T.);
#2747=EDGE_CURVE('',#3409,#3420,#241,.T.);
#2748=EDGE_CURVE('',#3418,#3411,#242,.T.);
#2749=EDGE_CURVE('',#3419,#3410,#243,.T.);
#2750=EDGE_CURVE('',#3423,#3424,#244,.T.);
#2751=EDGE_CURVE('',#3425,#3423,#245,.T.);
#2752=EDGE_CURVE('',#3425,#3426,#246,.T.);
#2753=EDGE_CURVE('',#3426,#3424,#247,.T.);
#2754=EDGE_CURVE('',#3423,#3427,#248,.T.);
#2755=EDGE_CURVE('',#3428,#3427,#249,.T.);
#2756=EDGE_CURVE('',#3425,#3428,#250,.T.);
#2757=EDGE_CURVE('',#3427,#3429,#251,.T.);
#2758=EDGE_CURVE('',#3430,#3429,#252,.T.);
#2759=EDGE_CURVE('',#3428,#3430,#253,.T.);
#2760=EDGE_CURVE('',#3424,#3429,#254,.T.);
#2761=EDGE_CURVE('',#3426,#3430,#255,.T.);
#2762=EDGE_CURVE('',#3415,#3405,#256,.T.);
#2763=EDGE_CURVE('',#3414,#3406,#257,.T.);
#2764=EDGE_CURVE('',#3431,#3432,#258,.T.);
#2765=EDGE_CURVE('',#3433,#3431,#3872,.T.);
#2766=EDGE_CURVE('',#3433,#3434,#259,.T.);
#2767=EDGE_CURVE('',#3434,#3432,#3873,.T.);
#2768=EDGE_CURVE('',#3435,#3436,#3874,.T.);
#2769=EDGE_CURVE('',#3435,#3437,#260,.T.);
#2770=EDGE_CURVE('',#3437,#3438,#3875,.T.);
#2771=EDGE_CURVE('',#3436,#3438,#261,.T.);
#2772=EDGE_CURVE('',#3439,#3440,#3876,.T.);
#2773=EDGE_CURVE('',#3439,#3441,#262,.T.);
#2774=EDGE_CURVE('',#3441,#3442,#3877,.T.);
#2775=EDGE_CURVE('',#3440,#3442,#263,.T.);
#2776=EDGE_CURVE('',#3443,#3444,#3878,.T.);
#2777=EDGE_CURVE('',#3443,#3445,#264,.T.);
#2778=EDGE_CURVE('',#3445,#3446,#3879,.T.);
#2779=EDGE_CURVE('',#3444,#3446,#265,.T.);
#2780=EDGE_CURVE('',#3447,#3448,#3880,.T.);
#2781=EDGE_CURVE('',#3447,#3449,#266,.T.);
#2782=EDGE_CURVE('',#3449,#3450,#3881,.T.);
#2783=EDGE_CURVE('',#3448,#3450,#267,.T.);
#2784=EDGE_CURVE('',#3451,#3452,#3882,.T.);
#2785=EDGE_CURVE('',#3451,#3453,#268,.T.);
#2786=EDGE_CURVE('',#3453,#3454,#3883,.T.);
#2787=EDGE_CURVE('',#3452,#3454,#269,.T.);
#2788=EDGE_CURVE('',#3455,#3456,#3884,.T.);
#2789=EDGE_CURVE('',#3455,#3457,#270,.T.);
#2790=EDGE_CURVE('',#3457,#3458,#3885,.T.);
#2791=EDGE_CURVE('',#3456,#3458,#271,.T.);
#2792=EDGE_CURVE('',#3459,#3460,#3886,.T.);
#2793=EDGE_CURVE('',#3459,#3461,#272,.T.);
#2794=EDGE_CURVE('',#3461,#3462,#3887,.T.);
#2795=EDGE_CURVE('',#3460,#3462,#273,.T.);
#2796=EDGE_CURVE('',#3463,#3464,#274,.T.);
#2797=EDGE_CURVE('',#3465,#3463,#3888,.T.);
#2798=EDGE_CURVE('',#3465,#3466,#275,.T.);
#2799=EDGE_CURVE('',#3466,#3464,#3889,.T.);
#2800=EDGE_CURVE('',#3467,#3468,#3890,.T.);
#2801=EDGE_CURVE('',#3467,#3469,#276,.T.);
#2802=EDGE_CURVE('',#3469,#3470,#3891,.T.);
#2803=EDGE_CURVE('',#3468,#3470,#277,.T.);
#2804=EDGE_CURVE('',#3471,#3472,#278,.T.);
#2805=EDGE_CURVE('',#3473,#3471,#3892,.T.);
#2806=EDGE_CURVE('',#3473,#3474,#279,.T.);
#2807=EDGE_CURVE('',#3474,#3472,#3893,.T.);
#2808=EDGE_CURVE('',#3475,#3476,#280,.T.);
#2809=EDGE_CURVE('',#3477,#3475,#3894,.T.);
#2810=EDGE_CURVE('',#3477,#3478,#281,.T.);
#2811=EDGE_CURVE('',#3478,#3476,#3895,.T.);
#2812=EDGE_CURVE('',#3479,#3480,#282,.T.);
#2813=EDGE_CURVE('',#3481,#3479,#3896,.T.);
#2814=EDGE_CURVE('',#3481,#3482,#283,.T.);
#2815=EDGE_CURVE('',#3482,#3480,#3897,.T.);
#2816=EDGE_CURVE('',#3483,#3484,#3898,.T.);
#2817=EDGE_CURVE('',#3483,#3485,#284,.T.);
#2818=EDGE_CURVE('',#3485,#3486,#3899,.T.);
#2819=EDGE_CURVE('',#3484,#3486,#285,.T.);
#2820=EDGE_CURVE('',#3487,#3488,#3900,.T.);
#2821=EDGE_CURVE('',#3487,#3489,#286,.T.);
#2822=EDGE_CURVE('',#3489,#3490,#3901,.T.);
#2823=EDGE_CURVE('',#3488,#3490,#287,.T.);
#2824=EDGE_CURVE('',#3491,#3492,#3902,.T.);
#2825=EDGE_CURVE('',#3491,#3493,#288,.T.);
#2826=EDGE_CURVE('',#3493,#3494,#3903,.T.);
#2827=EDGE_CURVE('',#3492,#3494,#289,.T.);
#2828=EDGE_CURVE('',#3495,#3496,#290,.T.);
#2829=EDGE_CURVE('',#3497,#3495,#3904,.T.);
#2830=EDGE_CURVE('',#3497,#3498,#291,.T.);
#2831=EDGE_CURVE('',#3498,#3496,#3905,.T.);
#2832=EDGE_CURVE('',#3499,#3500,#3906,.T.);
#2833=EDGE_CURVE('',#3499,#3501,#292,.T.);
#2834=EDGE_CURVE('',#3501,#3502,#3907,.T.);
#2835=EDGE_CURVE('',#3500,#3502,#293,.T.);
#2836=EDGE_CURVE('',#3503,#3504,#3908,.T.);
#2837=EDGE_CURVE('',#3503,#3505,#294,.T.);
#2838=EDGE_CURVE('',#3505,#3506,#3909,.T.);
#2839=EDGE_CURVE('',#3504,#3506,#295,.T.);
#2840=EDGE_CURVE('',#3507,#3507,#3910,.F.);
#2841=EDGE_CURVE('',#3508,#3509,#3911,.T.);
#2842=EDGE_CURVE('',#3508,#3435,#54,.T.);
#2843=EDGE_CURVE('',#3510,#3436,#55,.T.);
#2844=EDGE_CURVE('',#3511,#3510,#3912,.T.);
#2845=EDGE_CURVE('',#3511,#3512,#3913,.T.);
#2846=EDGE_CURVE('',#3513,#3512,#3914,.T.);
#2847=EDGE_CURVE('',#3513,#3439,#56,.T.);
#2848=EDGE_CURVE('',#3514,#3440,#57,.T.);
#2849=EDGE_CURVE('',#3515,#3514,#3915,.T.);
#2850=EDGE_CURVE('',#3515,#3516,#3916,.T.);
#2851=EDGE_CURVE('',#3517,#3516,#3917,.T.);
#2852=EDGE_CURVE('',#3517,#3443,#58,.T.);
#2853=EDGE_CURVE('',#3518,#3444,#59,.T.);
#2854=EDGE_CURVE('',#3519,#3518,#3918,.T.);
#2855=EDGE_CURVE('',#3519,#3520,#3919,.T.);
#2856=EDGE_CURVE('',#3521,#3520,#3920,.T.);
#2857=EDGE_CURVE('',#3521,#3447,#60,.T.);
#2858=EDGE_CURVE('',#3522,#3448,#61,.T.);
#2859=EDGE_CURVE('',#3523,#3522,#3921,.T.);
#2860=EDGE_CURVE('',#3523,#3524,#3922,.T.);
#2861=EDGE_CURVE('',#3525,#3524,#3923,.T.);
#2862=EDGE_CURVE('',#3525,#3451,#62,.T.);
#2863=EDGE_CURVE('',#3526,#3452,#63,.T.);
#2864=EDGE_CURVE('',#3527,#3526,#3924,.T.);
#2865=EDGE_CURVE('',#3527,#3528,#3925,.T.);
#2866=EDGE_CURVE('',#3529,#3528,#3926,.T.);
#2867=EDGE_CURVE('',#3529,#3455,#64,.T.);
#2868=EDGE_CURVE('',#3530,#3456,#65,.T.);
#2869=EDGE_CURVE('',#3531,#3530,#3927,.T.);
#2870=EDGE_CURVE('',#3531,#3532,#3928,.T.);
#2871=EDGE_CURVE('',#3533,#3532,#3929,.T.);
#2872=EDGE_CURVE('',#3533,#3459,#66,.T.);
#2873=EDGE_CURVE('',#3534,#3460,#67,.T.);
#2874=EDGE_CURVE('',#3535,#3534,#3930,.T.);
#2875=EDGE_CURVE('',#3535,#3536,#3931,.T.);
#2876=EDGE_CURVE('',#3537,#3536,#3932,.T.);
#2877=EDGE_CURVE('',#3537,#3499,#68,.T.);
#2878=EDGE_CURVE('',#3538,#3500,#69,.T.);
#2879=EDGE_CURVE('',#3539,#3538,#3933,.T.);
#2880=EDGE_CURVE('',#3539,#3540,#3934,.T.);
#2881=EDGE_CURVE('',#3541,#3540,#3935,.T.);
#2882=EDGE_CURVE('',#3541,#3497,#70,.T.);
#2883=EDGE_CURVE('',#3542,#3495,#71,.T.);
#2884=EDGE_CURVE('',#3543,#3542,#3936,.T.);
#2885=EDGE_CURVE('',#3543,#3544,#3937,.T.);
#2886=EDGE_CURVE('',#3545,#3544,#3938,.T.);
#2887=EDGE_CURVE('',#3545,#3503,#72,.T.);
#2888=EDGE_CURVE('',#3546,#3504,#73,.T.);
#2889=EDGE_CURVE('',#3547,#3546,#3939,.T.);
#2890=EDGE_CURVE('',#3547,#3548,#3940,.T.);
#2891=EDGE_CURVE('',#3549,#3548,#3941,.T.);
#2892=EDGE_CURVE('',#3549,#3550,#74,.T.);
#2893=EDGE_CURVE('',#3550,#3551,#3942,.T.);
#2894=EDGE_CURVE('',#3552,#3551,#75,.T.);
#2895=EDGE_CURVE('',#3553,#3552,#3943,.T.);
#2896=EDGE_CURVE('',#3553,#3554,#3944,.T.);
#2897=EDGE_CURVE('',#3555,#3554,#3945,.T.);
#2898=EDGE_CURVE('',#3555,#3481,#76,.T.);
#2899=EDGE_CURVE('',#3556,#3479,#77,.T.);
#2900=EDGE_CURVE('',#3557,#3556,#3946,.T.);
#2901=EDGE_CURVE('',#3557,#3558,#3947,.T.);
#2902=EDGE_CURVE('',#3559,#3558,#3948,.T.);
#2903=EDGE_CURVE('',#3559,#3483,#78,.T.);
#2904=EDGE_CURVE('',#3560,#3484,#79,.T.);
#2905=EDGE_CURVE('',#3561,#3560,#3949,.T.);
#2906=EDGE_CURVE('',#3561,#3562,#3950,.T.);
#2907=EDGE_CURVE('',#3563,#3562,#3951,.T.);
#2908=EDGE_CURVE('',#3563,#3487,#80,.T.);
#2909=EDGE_CURVE('',#3564,#3488,#81,.T.);
#2910=EDGE_CURVE('',#3565,#3564,#3952,.T.);
#2911=EDGE_CURVE('',#3565,#3566,#3953,.T.);
#2912=EDGE_CURVE('',#3567,#3566,#3954,.T.);
#2913=EDGE_CURVE('',#3567,#3491,#82,.T.);
#2914=EDGE_CURVE('',#3568,#3492,#83,.T.);
#2915=EDGE_CURVE('',#3569,#3568,#3955,.T.);
#2916=EDGE_CURVE('',#3569,#3570,#3956,.T.);
#2917=EDGE_CURVE('',#3571,#3570,#3957,.T.);
#2918=EDGE_CURVE('',#3571,#3477,#84,.T.);
#2919=EDGE_CURVE('',#3572,#3475,#85,.T.);
#2920=EDGE_CURVE('',#3573,#3572,#3958,.T.);
#2921=EDGE_CURVE('',#3573,#3574,#3959,.T.);
#2922=EDGE_CURVE('',#3575,#3574,#3960,.T.);
#2923=EDGE_CURVE('',#3575,#3473,#86,.T.);
#2924=EDGE_CURVE('',#3576,#3471,#87,.T.);
#2925=EDGE_CURVE('',#3577,#3576,#3961,.T.);
#2926=EDGE_CURVE('',#3577,#3578,#3962,.T.);
#2927=EDGE_CURVE('',#3579,#3578,#3963,.T.);
#2928=EDGE_CURVE('',#3579,#3465,#88,.T.);
#2929=EDGE_CURVE('',#3580,#3463,#89,.T.);
#2930=EDGE_CURVE('',#3581,#3580,#3964,.T.);
#2931=EDGE_CURVE('',#3581,#3582,#3965,.T.);
#2932=EDGE_CURVE('',#3583,#3582,#3966,.T.);
#2933=EDGE_CURVE('',#3583,#3467,#90,.T.);
#2934=EDGE_CURVE('',#3584,#3468,#91,.T.);
#2935=EDGE_CURVE('',#3585,#3584,#3967,.T.);
#2936=EDGE_CURVE('',#3585,#3586,#3968,.T.);
#2937=EDGE_CURVE('',#3587,#3586,#3969,.T.);
#2938=EDGE_CURVE('',#3587,#3433,#92,.T.);
#2939=EDGE_CURVE('',#3588,#3431,#93,.T.);
#2940=EDGE_CURVE('',#3589,#3588,#3970,.T.);
#2941=EDGE_CURVE('',#3589,#3509,#3971,.T.);
#2942=EDGE_CURVE('',#3550,#3590,#296,.T.);
#2943=EDGE_CURVE('',#3590,#3591,#3972,.T.);
#2944=EDGE_CURVE('',#3551,#3591,#297,.T.);
#2945=EDGE_CURVE('',#3592,#3592,#3973,.F.);
#2946=EDGE_CURVE('',#3593,#3594,#3974,.F.);
#2947=EDGE_CURVE('',#3593,#3432,#94,.T.);
#2948=EDGE_CURVE('',#3595,#3434,#95,.T.);
#2949=EDGE_CURVE('',#3596,#3595,#3975,.F.);
#2950=EDGE_CURVE('',#3597,#3596,#3976,.T.);
#2951=EDGE_CURVE('',#3598,#3597,#3977,.F.);
#2952=EDGE_CURVE('',#3598,#3470,#96,.T.);
#2953=EDGE_CURVE('',#3599,#3469,#97,.T.);
#2954=EDGE_CURVE('',#3600,#3599,#3978,.F.);
#2955=EDGE_CURVE('',#3601,#3600,#3979,.T.);
#2956=EDGE_CURVE('',#3602,#3601,#3980,.F.);
#2957=EDGE_CURVE('',#3602,#3464,#98,.T.);
#2958=EDGE_CURVE('',#3603,#3466,#99,.T.);
#2959=EDGE_CURVE('',#3604,#3603,#3981,.F.);
#2960=EDGE_CURVE('',#3605,#3604,#3982,.T.);
#2961=EDGE_CURVE('',#3606,#3605,#3983,.F.);
#2962=EDGE_CURVE('',#3606,#3472,#100,.T.);
#2963=EDGE_CURVE('',#3607,#3474,#101,.T.);
#2964=EDGE_CURVE('',#3608,#3607,#3984,.F.);
#2965=EDGE_CURVE('',#3609,#3608,#3985,.T.);
#2966=EDGE_CURVE('',#3610,#3609,#3986,.F.);
#2967=EDGE_CURVE('',#3610,#3476,#102,.T.);
#2968=EDGE_CURVE('',#3611,#3478,#103,.T.);
#2969=EDGE_CURVE('',#3612,#3611,#3987,.F.);
#2970=EDGE_CURVE('',#3613,#3612,#3988,.T.);
#2971=EDGE_CURVE('',#3614,#3613,#3989,.F.);
#2972=EDGE_CURVE('',#3614,#3494,#104,.T.);
#2973=EDGE_CURVE('',#3615,#3493,#105,.T.);
#2974=EDGE_CURVE('',#3616,#3615,#3990,.F.);
#2975=EDGE_CURVE('',#3617,#3616,#3991,.T.);
#2976=EDGE_CURVE('',#3618,#3617,#3992,.F.);
#2977=EDGE_CURVE('',#3618,#3490,#106,.T.);
#2978=EDGE_CURVE('',#3619,#3489,#107,.T.);
#2979=EDGE_CURVE('',#3620,#3619,#3993,.F.);
#2980=EDGE_CURVE('',#3621,#3620,#3994,.T.);
#2981=EDGE_CURVE('',#3622,#3621,#3995,.F.);
#2982=EDGE_CURVE('',#3622,#3486,#108,.T.);
#2983=EDGE_CURVE('',#3623,#3485,#109,.T.);
#2984=EDGE_CURVE('',#3624,#3623,#3996,.F.);
#2985=EDGE_CURVE('',#3625,#3624,#3997,.T.);
#2986=EDGE_CURVE('',#3626,#3625,#3998,.F.);
#2987=EDGE_CURVE('',#3626,#3480,#110,.T.);
#2988=EDGE_CURVE('',#3627,#3482,#111,.T.);
#2989=EDGE_CURVE('',#3628,#3627,#3999,.F.);
#2990=EDGE_CURVE('',#3629,#3628,#4000,.T.);
#2991=EDGE_CURVE('',#3630,#3629,#4001,.F.);
#2992=EDGE_CURVE('',#3630,#3591,#112,.T.);
#2993=EDGE_CURVE('',#3631,#3590,#113,.T.);
#2994=EDGE_CURVE('',#3632,#3631,#4002,.F.);
#2995=EDGE_CURVE('',#3633,#3632,#4003,.T.);
#2996=EDGE_CURVE('',#3634,#3633,#4004,.F.);
#2997=EDGE_CURVE('',#3634,#3506,#114,.T.);
#2998=EDGE_CURVE('',#3635,#3505,#115,.T.);
#2999=EDGE_CURVE('',#3636,#3635,#4005,.F.);
#3000=EDGE_CURVE('',#3637,#3636,#4006,.T.);
#3001=EDGE_CURVE('',#3638,#3637,#4007,.F.);
#3002=EDGE_CURVE('',#3638,#3496,#116,.T.);
#3003=EDGE_CURVE('',#3639,#3498,#117,.T.);
#3004=EDGE_CURVE('',#3640,#3639,#4008,.F.);
#3005=EDGE_CURVE('',#3641,#3640,#4009,.T.);
#3006=EDGE_CURVE('',#3642,#3641,#4010,.F.);
#3007=EDGE_CURVE('',#3642,#3502,#118,.T.);
#3008=EDGE_CURVE('',#3643,#3501,#119,.T.);
#3009=EDGE_CURVE('',#3644,#3643,#4011,.F.);
#3010=EDGE_CURVE('',#3645,#3644,#4012,.T.);
#3011=EDGE_CURVE('',#3646,#3645,#4013,.F.);
#3012=EDGE_CURVE('',#3646,#3462,#120,.T.);
#3013=EDGE_CURVE('',#3647,#3461,#121,.T.);
#3014=EDGE_CURVE('',#3648,#3647,#4014,.F.);
#3015=EDGE_CURVE('',#3649,#3648,#4015,.T.);
#3016=EDGE_CURVE('',#3650,#3649,#4016,.F.);
#3017=EDGE_CURVE('',#3650,#3458,#122,.T.);
#3018=EDGE_CURVE('',#3651,#3457,#123,.T.);
#3019=EDGE_CURVE('',#3652,#3651,#4017,.F.);
#3020=EDGE_CURVE('',#3653,#3652,#4018,.T.);
#3021=EDGE_CURVE('',#3654,#3653,#4019,.F.);
#3022=EDGE_CURVE('',#3654,#3454,#124,.T.);
#3023=EDGE_CURVE('',#3655,#3453,#125,.T.);
#3024=EDGE_CURVE('',#3656,#3655,#4020,.F.);
#3025=EDGE_CURVE('',#3657,#3656,#4021,.T.);
#3026=EDGE_CURVE('',#3658,#3657,#4022,.F.);
#3027=EDGE_CURVE('',#3658,#3450,#126,.T.);
#3028=EDGE_CURVE('',#3659,#3449,#127,.T.);
#3029=EDGE_CURVE('',#3660,#3659,#4023,.F.);
#3030=EDGE_CURVE('',#3661,#3660,#4024,.T.);
#3031=EDGE_CURVE('',#3662,#3661,#4025,.F.);
#3032=EDGE_CURVE('',#3662,#3446,#128,.T.);
#3033=EDGE_CURVE('',#3663,#3445,#129,.T.);
#3034=EDGE_CURVE('',#3664,#3663,#4026,.F.);
#3035=EDGE_CURVE('',#3665,#3664,#4027,.T.);
#3036=EDGE_CURVE('',#3666,#3665,#4028,.F.);
#3037=EDGE_CURVE('',#3666,#3442,#130,.T.);
#3038=EDGE_CURVE('',#3667,#3441,#131,.T.);
#3039=EDGE_CURVE('',#3668,#3667,#4029,.F.);
#3040=EDGE_CURVE('',#3669,#3668,#4030,.T.);
#3041=EDGE_CURVE('',#3670,#3669,#4031,.F.);
#3042=EDGE_CURVE('',#3670,#3438,#132,.T.);
#3043=EDGE_CURVE('',#3671,#3437,#133,.T.);
#3044=EDGE_CURVE('',#3672,#3671,#4032,.F.);
#3045=EDGE_CURVE('',#3594,#3672,#4033,.T.);
#3046=EDGE_CURVE('',#3627,#3555,#298,.F.);
#3047=EDGE_CURVE('',#3554,#3628,#299,.T.);
#3048=EDGE_CURVE('',#3629,#3553,#300,.F.);
#3049=EDGE_CURVE('',#3552,#3630,#301,.T.);
#3050=EDGE_CURVE('',#3631,#3549,#302,.F.);
#3051=EDGE_CURVE('',#3548,#3632,#303,.T.);
#3052=EDGE_CURVE('',#3633,#3547,#304,.F.);
#3053=EDGE_CURVE('',#3546,#3634,#305,.T.);
#3054=EDGE_CURVE('',#3639,#3541,#306,.F.);
#3055=EDGE_CURVE('',#3540,#3640,#307,.T.);
#3056=EDGE_CURVE('',#3641,#3539,#308,.F.);
#3057=EDGE_CURVE('',#3538,#3642,#309,.T.);
#3058=EDGE_CURVE('',#3635,#3545,#310,.F.);
#3059=EDGE_CURVE('',#3544,#3636,#311,.T.);
#3060=EDGE_CURVE('',#3637,#3543,#312,.F.);
#3061=EDGE_CURVE('',#3542,#3638,#313,.T.);
#3062=EDGE_CURVE('',#3611,#3571,#314,.F.);
#3063=EDGE_CURVE('',#3570,#3612,#315,.T.);
#3064=EDGE_CURVE('',#3613,#3569,#316,.F.);
#3065=EDGE_CURVE('',#3568,#3614,#317,.T.);
#3066=EDGE_CURVE('',#3615,#3567,#318,.F.);
#3067=EDGE_CURVE('',#3566,#3616,#319,.T.);
#3068=EDGE_CURVE('',#3617,#3565,#320,.F.);
#3069=EDGE_CURVE('',#3564,#3618,#321,.T.);
#3070=EDGE_CURVE('',#3619,#3563,#322,.F.);
#3071=EDGE_CURVE('',#3562,#3620,#323,.T.);
#3072=EDGE_CURVE('',#3621,#3561,#324,.F.);
#3073=EDGE_CURVE('',#3560,#3622,#325,.T.);
#3074=EDGE_CURVE('',#3623,#3559,#326,.F.);
#3075=EDGE_CURVE('',#3558,#3624,#327,.T.);
#3076=EDGE_CURVE('',#3625,#3557,#328,.F.);
#3077=EDGE_CURVE('',#3556,#3626,#329,.T.);
#3078=EDGE_CURVE('',#3607,#3575,#330,.F.);
#3079=EDGE_CURVE('',#3574,#3608,#331,.T.);
#3080=EDGE_CURVE('',#3609,#3573,#332,.F.);
#3081=EDGE_CURVE('',#3572,#3610,#333,.T.);
#3082=EDGE_CURVE('',#3603,#3579,#334,.F.);
#3083=EDGE_CURVE('',#3578,#3604,#335,.T.);
#3084=EDGE_CURVE('',#3605,#3577,#336,.F.);
#3085=EDGE_CURVE('',#3576,#3606,#337,.T.);
#3086=EDGE_CURVE('',#3595,#3587,#338,.F.);
#3087=EDGE_CURVE('',#3586,#3596,#339,.T.);
#3088=EDGE_CURVE('',#3597,#3585,#340,.F.);
#3089=EDGE_CURVE('',#3584,#3598,#341,.T.);
#3090=EDGE_CURVE('',#3599,#3583,#342,.F.);
#3091=EDGE_CURVE('',#3582,#3600,#343,.T.);
#3092=EDGE_CURVE('',#3601,#3581,#344,.F.);
#3093=EDGE_CURVE('',#3580,#3602,#345,.T.);
#3094=EDGE_CURVE('',#3643,#3537,#346,.F.);
#3095=EDGE_CURVE('',#3536,#3644,#347,.T.);
#3096=EDGE_CURVE('',#3645,#3535,#348,.F.);
#3097=EDGE_CURVE('',#3534,#3646,#349,.T.);
#3098=EDGE_CURVE('',#3647,#3533,#350,.F.);
#3099=EDGE_CURVE('',#3532,#3648,#351,.T.);
#3100=EDGE_CURVE('',#3649,#3531,#352,.F.);
#3101=EDGE_CURVE('',#3530,#3650,#353,.T.);
#3102=EDGE_CURVE('',#3651,#3529,#354,.F.);
#3103=EDGE_CURVE('',#3528,#3652,#355,.T.);
#3104=EDGE_CURVE('',#3653,#3527,#356,.F.);
#3105=EDGE_CURVE('',#3526,#3654,#357,.T.);
#3106=EDGE_CURVE('',#3655,#3525,#358,.F.);
#3107=EDGE_CURVE('',#3524,#3656,#359,.T.);
#3108=EDGE_CURVE('',#3657,#3523,#360,.F.);
#3109=EDGE_CURVE('',#3522,#3658,#361,.T.);
#3110=EDGE_CURVE('',#3659,#3521,#362,.F.);
#3111=EDGE_CURVE('',#3520,#3660,#363,.T.);
#3112=EDGE_CURVE('',#3661,#3519,#364,.F.);
#3113=EDGE_CURVE('',#3518,#3662,#365,.T.);
#3114=EDGE_CURVE('',#3663,#3517,#366,.F.);
#3115=EDGE_CURVE('',#3516,#3664,#367,.T.);
#3116=EDGE_CURVE('',#3665,#3515,#368,.F.);
#3117=EDGE_CURVE('',#3514,#3666,#369,.T.);
#3118=EDGE_CURVE('',#3667,#3513,#370,.F.);
#3119=EDGE_CURVE('',#3512,#3668,#371,.T.);
#3120=EDGE_CURVE('',#3669,#3511,#372,.F.);
#3121=EDGE_CURVE('',#3510,#3670,#373,.T.);
#3122=EDGE_CURVE('',#3671,#3508,#374,.F.);
#3123=EDGE_CURVE('',#3509,#3672,#375,.T.);
#3124=EDGE_CURVE('',#3594,#3589,#376,.F.);
#3125=EDGE_CURVE('',#3588,#3593,#377,.T.);
#3126=EDGE_CURVE('',#3673,#3674,#378,.T.);
#3127=EDGE_CURVE('',#3674,#3675,#379,.T.);
#3128=EDGE_CURVE('',#3675,#3676,#380,.T.);
#3129=EDGE_CURVE('',#3676,#3677,#381,.T.);
#3130=EDGE_CURVE('',#3678,#3677,#382,.T.);
#3131=EDGE_CURVE('',#3679,#3678,#383,.T.);
#3132=EDGE_CURVE('',#3679,#3680,#384,.T.);
#3133=EDGE_CURVE('',#3680,#3681,#385,.T.);
#3134=EDGE_CURVE('',#3681,#3682,#386,.T.);
#3135=EDGE_CURVE('',#3683,#3682,#387,.T.);
#3136=EDGE_CURVE('',#3684,#3683,#388,.T.);
#3137=EDGE_CURVE('',#3685,#3684,#389,.T.);
#3138=EDGE_CURVE('',#3686,#3685,#390,.T.);
#3139=EDGE_CURVE('',#3686,#3673,#391,.T.);
#3140=EDGE_CURVE('',#3685,#3687,#392,.T.);
#3141=EDGE_CURVE('',#3688,#3687,#393,.T.);
#3142=EDGE_CURVE('',#3686,#3688,#394,.T.);
#3143=EDGE_CURVE('',#3687,#3689,#395,.T.);
#3144=EDGE_CURVE('',#3689,#3690,#396,.T.);
#3145=EDGE_CURVE('',#3690,#3691,#397,.T.);
#3146=EDGE_CURVE('',#3692,#3691,#398,.T.);
#3147=EDGE_CURVE('',#3693,#3692,#399,.T.);
#3148=EDGE_CURVE('',#3694,#3693,#400,.T.);
#3149=EDGE_CURVE('',#3694,#3695,#401,.T.);
#3150=EDGE_CURVE('',#3695,#3696,#402,.T.);
#3151=EDGE_CURVE('',#3697,#3696,#403,.T.);
#3152=EDGE_CURVE('',#3698,#3697,#404,.T.);
#3153=EDGE_CURVE('',#3699,#3698,#405,.T.);
#3154=EDGE_CURVE('',#3700,#3699,#406,.T.);
#3155=EDGE_CURVE('',#3688,#3700,#407,.T.);
#3156=EDGE_CURVE('',#3701,#3702,#408,.T.);
#3157=EDGE_CURVE('',#3703,#3701,#409,.T.);
#3158=EDGE_CURVE('',#3703,#3704,#410,.T.);
#3159=EDGE_CURVE('',#3704,#3702,#411,.T.);
#3160=EDGE_CURVE('',#3701,#3705,#412,.T.);
#3161=EDGE_CURVE('',#3706,#3705,#413,.T.);
#3162=EDGE_CURVE('',#3703,#3706,#414,.T.);
#3163=EDGE_CURVE('',#3705,#3707,#415,.T.);
#3164=EDGE_CURVE('',#3708,#3707,#416,.T.);
#3165=EDGE_CURVE('',#3706,#3708,#417,.T.);
#3166=EDGE_CURVE('',#3702,#3707,#418,.T.);
#3167=EDGE_CURVE('',#3704,#3708,#419,.T.);
#3168=EDGE_CURVE('',#3674,#3699,#420,.T.);
#3169=EDGE_CURVE('',#3673,#3700,#421,.T.);
#3170=EDGE_CURVE('',#3675,#3698,#422,.T.);
#3171=EDGE_CURVE('',#3684,#3689,#423,.T.);
#3172=EDGE_CURVE('',#3683,#3690,#424,.T.);
#3173=EDGE_CURVE('',#3682,#3691,#425,.T.);
#3174=EDGE_CURVE('',#3681,#3692,#426,.T.);
#3175=EDGE_CURVE('',#3680,#3693,#427,.T.);
#3176=EDGE_CURVE('',#3679,#3694,#428,.T.);
#3177=EDGE_CURVE('',#3678,#3695,#429,.T.);
#3178=EDGE_CURVE('',#3677,#3696,#430,.T.);
#3179=EDGE_CURVE('',#3676,#3697,#431,.T.);
#3180=EDGE_CURVE('',#3709,#3709,#4034,.T.);
#3181=EDGE_CURVE('',#3710,#3710,#4035,.T.);
#3182=EDGE_CURVE('',#3711,#3712,#4036,.T.);
#3183=EDGE_CURVE('',#3712,#3711,#432,.T.);
#3184=EDGE_CURVE('',#3713,#3713,#4037,.T.);
#3185=EDGE_CURVE('',#3714,#3715,#4038,.T.);
#3186=EDGE_CURVE('',#3715,#3716,#433,.T.);
#3187=EDGE_CURVE('',#3717,#3716,#434,.T.);
#3188=EDGE_CURVE('',#3714,#3717,#435,.T.);
#3189=EDGE_CURVE('',#3718,#3718,#4039,.T.);
#3190=EDGE_CURVE('',#3719,#3719,#4040,.T.);
#3191=EDGE_CURVE('',#3720,#3721,#436,.T.);
#3192=EDGE_CURVE('',#3721,#3720,#4041,.T.);
#3193=EDGE_CURVE('',#3722,#3722,#4042,.T.);
#3194=EDGE_CURVE('',#3723,#3724,#437,.T.);
#3195=EDGE_CURVE('',#3724,#3725,#438,.T.);
#3196=EDGE_CURVE('',#3726,#3725,#439,.T.);
#3197=EDGE_CURVE('',#3723,#3726,#4043,.T.);
#3198=EDGE_CURVE('',#3727,#3727,#4044,.F.);
#3199=EDGE_CURVE('',#3728,#3728,#4045,.F.);
#3200=EDGE_CURVE('',#3714,#3723,#440,.T.);
#3201=EDGE_CURVE('',#3715,#3726,#441,.T.);
#3202=EDGE_CURVE('',#3724,#3717,#442,.T.);
#3203=EDGE_CURVE('',#3725,#3716,#443,.T.);
#3204=EDGE_CURVE('',#3729,#3730,#444,.T.);
#3205=EDGE_CURVE('',#3731,#3729,#445,.T.);
#3206=EDGE_CURVE('',#3731,#3732,#446,.T.);
#3207=EDGE_CURVE('',#3732,#3730,#447,.T.);
#3208=EDGE_CURVE('',#3729,#3733,#448,.T.);
#3209=EDGE_CURVE('',#3734,#3733,#449,.T.);
#3210=EDGE_CURVE('',#3731,#3734,#450,.T.);
#3211=EDGE_CURVE('',#3733,#3735,#451,.T.);
#3212=EDGE_CURVE('',#3736,#3735,#452,.T.);
#3213=EDGE_CURVE('',#3734,#3736,#453,.T.);
#3214=EDGE_CURVE('',#3730,#3735,#454,.T.);
#3215=EDGE_CURVE('',#3732,#3736,#455,.T.);
#3216=EDGE_CURVE('',#3721,#3711,#456,.T.);
#3217=EDGE_CURVE('',#3720,#3712,#457,.T.);
#3218=EDGE_CURVE('',#3737,#3737,#4046,.T.);
#3219=EDGE_CURVE('',#3738,#3738,#4047,.T.);
#3220=EDGE_CURVE('',#3739,#3739,#4048,.T.);
#3221=EDGE_CURVE('',#3740,#3741,#458,.T.);
#3222=EDGE_CURVE('',#3740,#3742,#459,.T.);
#3223=EDGE_CURVE('',#3742,#3743,#460,.T.);
#3224=EDGE_CURVE('',#3741,#3743,#461,.T.);
#3225=EDGE_CURVE('',#3744,#3744,#4049,.T.);
#3226=EDGE_CURVE('',#3745,#3745,#4050,.T.);
#3227=EDGE_CURVE('',#3746,#3746,#4051,.T.);
#3228=EDGE_CURVE('',#3747,#3747,#4052,.T.);
#3229=EDGE_CURVE('',#3748,#3748,#4053,.T.);
#3230=EDGE_CURVE('',#3749,#3750,#462,.T.);
#3231=EDGE_CURVE('',#3740,#3749,#463,.T.);
#3232=EDGE_CURVE('',#3741,#3750,#464,.T.);
#3233=EDGE_CURVE('',#3749,#3751,#465,.T.);
#3234=EDGE_CURVE('',#3742,#3751,#466,.T.);
#3235=EDGE_CURVE('',#3751,#3752,#467,.T.);
#3236=EDGE_CURVE('',#3743,#3752,#468,.T.);
#3237=EDGE_CURVE('',#3750,#3752,#469,.T.);
#3238=EDGE_CURVE('',#3753,#3753,#4054,.T.);
#3239=EDGE_CURVE('',#3754,#3754,#4055,.T.);
#3240=EDGE_CURVE('',#3755,#3755,#4056,.T.);
#3241=EDGE_CURVE('',#3756,#3756,#4057,.T.);
#3242=EDGE_CURVE('',#3757,#3757,#4058,.T.);
#3243=EDGE_CURVE('',#3758,#3758,#4059,.T.);
#3244=EDGE_CURVE('',#3759,#3759,#4060,.T.);
#3245=EDGE_CURVE('',#3760,#3760,#4061,.T.);
#3246=VERTEX_POINT('',#7720);
#3247=VERTEX_POINT('',#7722);
#3248=VERTEX_POINT('',#7725);
#3249=VERTEX_POINT('',#7727);
#3250=VERTEX_POINT('',#7731);
#3251=VERTEX_POINT('',#7733);
#3252=VERTEX_POINT('',#7736);
#3253=VERTEX_POINT('',#7739);
#3254=VERTEX_POINT('',#7742);
#3255=VERTEX_POINT('',#7745);
#3256=VERTEX_POINT('',#7749);
#3257=VERTEX_POINT('',#7752);
#3258=VERTEX_POINT('',#7757);
#3259=VERTEX_POINT('',#7758);
#3260=VERTEX_POINT('',#7760);
#3261=VERTEX_POINT('',#7762);
#3262=VERTEX_POINT('',#7766);
#3263=VERTEX_POINT('',#7768);
#3264=VERTEX_POINT('',#7772);
#3265=VERTEX_POINT('',#7774);
#3266=VERTEX_POINT('',#7778);
#3267=VERTEX_POINT('',#7779);
#3268=VERTEX_POINT('',#7781);
#3269=VERTEX_POINT('',#7783);
#3270=VERTEX_POINT('',#7787);
#3271=VERTEX_POINT('',#7789);
#3272=VERTEX_POINT('',#7793);
#3273=VERTEX_POINT('',#7795);
#3274=VERTEX_POINT('',#7808);
#3275=VERTEX_POINT('',#7809);
#3276=VERTEX_POINT('',#7811);
#3277=VERTEX_POINT('',#7813);
#3278=VERTEX_POINT('',#7817);
#3279=VERTEX_POINT('',#7819);
#3280=VERTEX_POINT('',#7821);
#3281=VERTEX_POINT('',#7823);
#3282=VERTEX_POINT('',#7825);
#3283=VERTEX_POINT('',#7826);
#3284=VERTEX_POINT('',#7829);
#3285=VERTEX_POINT('',#7831);
#3286=VERTEX_POINT('',#7835);
#3287=VERTEX_POINT('',#7837);
#3288=VERTEX_POINT('',#7839);
#3289=VERTEX_POINT('',#7841);
#3290=VERTEX_POINT('',#7843);
#3291=VERTEX_POINT('',#7845);
#3292=VERTEX_POINT('',#7847);
#3293=VERTEX_POINT('',#7849);
#3294=VERTEX_POINT('',#7854);
#3295=VERTEX_POINT('',#7856);
#3296=VERTEX_POINT('',#7861);
#3297=VERTEX_POINT('',#7863);
#3298=VERTEX_POINT('',#7870);
#3299=VERTEX_POINT('',#7872);
#3300=VERTEX_POINT('',#7874);
#3301=VERTEX_POINT('',#7876);
#3302=VERTEX_POINT('',#7879);
#3303=VERTEX_POINT('',#7881);
#3304=VERTEX_POINT('',#7883);
#3305=VERTEX_POINT('',#7885);
#3306=VERTEX_POINT('',#7899);
#3307=VERTEX_POINT('',#7900);
#3308=VERTEX_POINT('',#7902);
#3309=VERTEX_POINT('',#7904);
#3310=VERTEX_POINT('',#7908);
#3311=VERTEX_POINT('',#7910);
#3312=VERTEX_POINT('',#7914);
#3313=VERTEX_POINT('',#7916);
#3314=VERTEX_POINT('',#7926);
#3315=VERTEX_POINT('',#7928);
#3316=VERTEX_POINT('',#7930);
#3317=VERTEX_POINT('',#7932);
#3318=VERTEX_POINT('',#7934);
#3319=VERTEX_POINT('',#7935);
#3320=VERTEX_POINT('',#7937);
#3321=VERTEX_POINT('',#7939);
#3322=VERTEX_POINT('',#7942);
#3323=VERTEX_POINT('',#7945);
#3324=VERTEX_POINT('',#7946);
#3325=VERTEX_POINT('',#7948);
#3326=VERTEX_POINT('',#7950);
#3327=VERTEX_POINT('',#7953);
#3328=VERTEX_POINT('',#7954);
#3329=VERTEX_POINT('',#7956);
#3330=VERTEX_POINT('',#7958);
#3331=VERTEX_POINT('',#7960);
#3332=VERTEX_POINT('',#7962);
#3333=VERTEX_POINT('',#7964);
#3334=VERTEX_POINT('',#7966);
#3335=VERTEX_POINT('',#7970);
#3336=VERTEX_POINT('',#7971);
#3337=VERTEX_POINT('',#7976);
#3338=VERTEX_POINT('',#7978);
#3339=VERTEX_POINT('',#7982);
#3340=VERTEX_POINT('',#7984);
#3341=VERTEX_POINT('',#7988);
#3342=VERTEX_POINT('',#7990);
#3343=VERTEX_POINT('',#7998);
#3344=VERTEX_POINT('',#8008);
#3345=VERTEX_POINT('',#8009);
#3346=VERTEX_POINT('',#8011);
#3347=VERTEX_POINT('',#8013);
#3348=VERTEX_POINT('',#8017);
#3349=VERTEX_POINT('',#8019);
#3350=VERTEX_POINT('',#8023);
#3351=VERTEX_POINT('',#8025);
#3352=VERTEX_POINT('',#8040);
#3353=VERTEX_POINT('',#8041);
#3354=VERTEX_POINT('',#8045);
#3355=VERTEX_POINT('',#8047);
#3356=VERTEX_POINT('',#8050);
#3357=VERTEX_POINT('',#8058);
#3358=VERTEX_POINT('',#8059);
#3359=VERTEX_POINT('',#8061);
#3360=VERTEX_POINT('',#8063);
#3361=VERTEX_POINT('',#8073);
#3362=VERTEX_POINT('',#8075);
#3363=VERTEX_POINT('',#8078);
#3364=VERTEX_POINT('',#8081);
#3365=VERTEX_POINT('',#8087);
#3366=VERTEX_POINT('',#8089);
#3367=VERTEX_POINT('',#8092);
#3368=VERTEX_POINT('',#8095);
#3369=VERTEX_POINT('',#8100);
#3370=VERTEX_POINT('',#8102);
#3371=VERTEX_POINT('',#8105);
#3372=VERTEX_POINT('',#8108);
#3373=VERTEX_POINT('',#8110);
#3374=VERTEX_POINT('',#8113);
#3375=VERTEX_POINT('',#8117);
#3376=VERTEX_POINT('',#8121);
#3377=VERTEX_POINT('',#8126);
#3378=VERTEX_POINT('',#8128);
#3379=VERTEX_POINT('',#8140);
#3380=VERTEX_POINT('',#8152);
#3381=VERTEX_POINT('',#8155);
#3382=VERTEX_POINT('',#8157);
#3383=VERTEX_POINT('',#8169);
#3384=VERTEX_POINT('',#8181);
#3385=VERTEX_POINT('',#8184);
#3386=VERTEX_POINT('',#8186);
#3387=VERTEX_POINT('',#8188);
#3388=VERTEX_POINT('',#8190);
#3389=VERTEX_POINT('',#8192);
#3390=VERTEX_POINT('',#8195);
#3391=VERTEX_POINT('',#8197);
#3392=VERTEX_POINT('',#8199);
#3393=VERTEX_POINT('',#8201);
#3394=VERTEX_POINT('',#8203);
#3395=VERTEX_POINT('',#8215);
#3396=VERTEX_POINT('',#8216);
#3397=VERTEX_POINT('',#8218);
#3398=VERTEX_POINT('',#8220);
#3399=VERTEX_POINT('',#8224);
#3400=VERTEX_POINT('',#8226);
#3401=VERTEX_POINT('',#8230);
#3402=VERTEX_POINT('',#8232);
#3403=VERTEX_POINT('',#8244);
#3404=VERTEX_POINT('',#8246);
#3405=VERTEX_POINT('',#8248);
#3406=VERTEX_POINT('',#8249);
#3407=VERTEX_POINT('',#8252);
#3408=VERTEX_POINT('',#8254);
#3409=VERTEX_POINT('',#8255);
#3410=VERTEX_POINT('',#8257);
#3411=VERTEX_POINT('',#8259);
#3412=VERTEX_POINT('',#8262);
#3413=VERTEX_POINT('',#8265);
#3414=VERTEX_POINT('',#8267);
#3415=VERTEX_POINT('',#8268);
#3416=VERTEX_POINT('',#8271);
#3417=VERTEX_POINT('',#8273);
#3418=VERTEX_POINT('',#8274);
#3419=VERTEX_POINT('',#8276);
#3420=VERTEX_POINT('',#8278);
#3421=VERTEX_POINT('',#8281);
#3422=VERTEX_POINT('',#8283);
#3423=VERTEX_POINT('',#8293);
#3424=VERTEX_POINT('',#8294);
#3425=VERTEX_POINT('',#8296);
#3426=VERTEX_POINT('',#8298);
#3427=VERTEX_POINT('',#8302);
#3428=VERTEX_POINT('',#8304);
#3429=VERTEX_POINT('',#8308);
#3430=VERTEX_POINT('',#8310);
#3431=VERTEX_POINT('',#8328);
#3432=VERTEX_POINT('',#8329);
#3433=VERTEX_POINT('',#8331);
#3434=VERTEX_POINT('',#8333);
#3435=VERTEX_POINT('',#8337);
#3436=VERTEX_POINT('',#8338);
#3437=VERTEX_POINT('',#8340);
#3438=VERTEX_POINT('',#8342);
#3439=VERTEX_POINT('',#8346);
#3440=VERTEX_POINT('',#8347);
#3441=VERTEX_POINT('',#8349);
#3442=VERTEX_POINT('',#8351);
#3443=VERTEX_POINT('',#8355);
#3444=VERTEX_POINT('',#8356);
#3445=VERTEX_POINT('',#8358);
#3446=VERTEX_POINT('',#8360);
#3447=VERTEX_POINT('',#8364);
#3448=VERTEX_POINT('',#8365);
#3449=VERTEX_POINT('',#8367);
#3450=VERTEX_POINT('',#8369);
#3451=VERTEX_POINT('',#8373);
#3452=VERTEX_POINT('',#8374);
#3453=VERTEX_POINT('',#8376);
#3454=VERTEX_POINT('',#8378);
#3455=VERTEX_POINT('',#8382);
#3456=VERTEX_POINT('',#8383);
#3457=VERTEX_POINT('',#8385);
#3458=VERTEX_POINT('',#8387);
#3459=VERTEX_POINT('',#8391);
#3460=VERTEX_POINT('',#8392);
#3461=VERTEX_POINT('',#8394);
#3462=VERTEX_POINT('',#8396);
#3463=VERTEX_POINT('',#8400);
#3464=VERTEX_POINT('',#8401);
#3465=VERTEX_POINT('',#8403);
#3466=VERTEX_POINT('',#8405);
#3467=VERTEX_POINT('',#8409);
#3468=VERTEX_POINT('',#8410);
#3469=VERTEX_POINT('',#8412);
#3470=VERTEX_POINT('',#8414);
#3471=VERTEX_POINT('',#8418);
#3472=VERTEX_POINT('',#8419);
#3473=VERTEX_POINT('',#8421);
#3474=VERTEX_POINT('',#8423);
#3475=VERTEX_POINT('',#8427);
#3476=VERTEX_POINT('',#8428);
#3477=VERTEX_POINT('',#8430);
#3478=VERTEX_POINT('',#8432);
#3479=VERTEX_POINT('',#8436);
#3480=VERTEX_POINT('',#8437);
#3481=VERTEX_POINT('',#8439);
#3482=VERTEX_POINT('',#8441);
#3483=VERTEX_POINT('',#8445);
#3484=VERTEX_POINT('',#8446);
#3485=VERTEX_POINT('',#8448);
#3486=VERTEX_POINT('',#8450);
#3487=VERTEX_POINT('',#8454);
#3488=VERTEX_POINT('',#8455);
#3489=VERTEX_POINT('',#8457);
#3490=VERTEX_POINT('',#8459);
#3491=VERTEX_POINT('',#8463);
#3492=VERTEX_POINT('',#8464);
#3493=VERTEX_POINT('',#8466);
#3494=VERTEX_POINT('',#8468);
#3495=VERTEX_POINT('',#8472);
#3496=VERTEX_POINT('',#8473);
#3497=VERTEX_POINT('',#8475);
#3498=VERTEX_POINT('',#8477);
#3499=VERTEX_POINT('',#8481);
#3500=VERTEX_POINT('',#8482);
#3501=VERTEX_POINT('',#8484);
#3502=VERTEX_POINT('',#8486);
#3503=VERTEX_POINT('',#8490);
#3504=VERTEX_POINT('',#8491);
#3505=VERTEX_POINT('',#8493);
#3506=VERTEX_POINT('',#8495);
#3507=VERTEX_POINT('',#8499);
#3508=VERTEX_POINT('',#8501);
#3509=VERTEX_POINT('',#8502);
#3510=VERTEX_POINT('',#8575);
#3511=VERTEX_POINT('',#8577);
#3512=VERTEX_POINT('',#8579);
#3513=VERTEX_POINT('',#8581);
#3514=VERTEX_POINT('',#8654);
#3515=VERTEX_POINT('',#8656);
#3516=VERTEX_POINT('',#8658);
#3517=VERTEX_POINT('',#8660);
#3518=VERTEX_POINT('',#8733);
#3519=VERTEX_POINT('',#8735);
#3520=VERTEX_POINT('',#8737);
#3521=VERTEX_POINT('',#8739);
#3522=VERTEX_POINT('',#8812);
#3523=VERTEX_POINT('',#8814);
#3524=VERTEX_POINT('',#8816);
#3525=VERTEX_POINT('',#8818);
#3526=VERTEX_POINT('',#8891);
#3527=VERTEX_POINT('',#8893);
#3528=VERTEX_POINT('',#8895);
#3529=VERTEX_POINT('',#8897);
#3530=VERTEX_POINT('',#8970);
#3531=VERTEX_POINT('',#8972);
#3532=VERTEX_POINT('',#8974);
#3533=VERTEX_POINT('',#8976);
#3534=VERTEX_POINT('',#9049);
#3535=VERTEX_POINT('',#9051);
#3536=VERTEX_POINT('',#9053);
#3537=VERTEX_POINT('',#9055);
#3538=VERTEX_POINT('',#9128);
#3539=VERTEX_POINT('',#9130);
#3540=VERTEX_POINT('',#9132);
#3541=VERTEX_POINT('',#9134);
#3542=VERTEX_POINT('',#9207);
#3543=VERTEX_POINT('',#9209);
#3544=VERTEX_POINT('',#9211);
#3545=VERTEX_POINT('',#9213);
#3546=VERTEX_POINT('',#9286);
#3547=VERTEX_POINT('',#9288);
#3548=VERTEX_POINT('',#9290);
#3549=VERTEX_POINT('',#9292);
#3550=VERTEX_POINT('',#9329);
#3551=VERTEX_POINT('',#9331);
#3552=VERTEX_POINT('',#9368);
#3553=VERTEX_POINT('',#9370);
#3554=VERTEX_POINT('',#9372);
#3555=VERTEX_POINT('',#9374);
#3556=VERTEX_POINT('',#9447);
#3557=VERTEX_POINT('',#9449);
#3558=VERTEX_POINT('',#9451);
#3559=VERTEX_POINT('',#9453);
#3560=VERTEX_POINT('',#9526);
#3561=VERTEX_POINT('',#9528);
#3562=VERTEX_POINT('',#9530);
#3563=VERTEX_POINT('',#9532);
#3564=VERTEX_POINT('',#9605);
#3565=VERTEX_POINT('',#9607);
#3566=VERTEX_POINT('',#9609);
#3567=VERTEX_POINT('',#9611);
#3568=VERTEX_POINT('',#9684);
#3569=VERTEX_POINT('',#9686);
#3570=VERTEX_POINT('',#9688);
#3571=VERTEX_POINT('',#9690);
#3572=VERTEX_POINT('',#9763);
#3573=VERTEX_POINT('',#9765);
#3574=VERTEX_POINT('',#9767);
#3575=VERTEX_POINT('',#9769);
#3576=VERTEX_POINT('',#9842);
#3577=VERTEX_POINT('',#9844);
#3578=VERTEX_POINT('',#9846);
#3579=VERTEX_POINT('',#9848);
#3580=VERTEX_POINT('',#9921);
#3581=VERTEX_POINT('',#9923);
#3582=VERTEX_POINT('',#9925);
#3583=VERTEX_POINT('',#9927);
#3584=VERTEX_POINT('',#10000);
#3585=VERTEX_POINT('',#10002);
#3586=VERTEX_POINT('',#10004);
#3587=VERTEX_POINT('',#10006);
#3588=VERTEX_POINT('',#10079);
#3589=VERTEX_POINT('',#10081);
#3590=VERTEX_POINT('',#10085);
#3591=VERTEX_POINT('',#10087);
#3592=VERTEX_POINT('',#10091);
#3593=VERTEX_POINT('',#10093);
#3594=VERTEX_POINT('',#10094);
#3595=VERTEX_POINT('',#10167);
#3596=VERTEX_POINT('',#10169);
#3597=VERTEX_POINT('',#10171);
#3598=VERTEX_POINT('',#10173);
#3599=VERTEX_POINT('',#10246);
#3600=VERTEX_POINT('',#10248);
#3601=VERTEX_POINT('',#10250);
#3602=VERTEX_POINT('',#10252);
#3603=VERTEX_POINT('',#10325);
#3604=VERTEX_POINT('',#10327);
#3605=VERTEX_POINT('',#10329);
#3606=VERTEX_POINT('',#10331);
#3607=VERTEX_POINT('',#10404);
#3608=VERTEX_POINT('',#10406);
#3609=VERTEX_POINT('',#10408);
#3610=VERTEX_POINT('',#10410);
#3611=VERTEX_POINT('',#10483);
#3612=VERTEX_POINT('',#10485);
#3613=VERTEX_POINT('',#10487);
#3614=VERTEX_POINT('',#10489);
#3615=VERTEX_POINT('',#10562);
#3616=VERTEX_POINT('',#10564);
#3617=VERTEX_POINT('',#10566);
#3618=VERTEX_POINT('',#10568);
#3619=VERTEX_POINT('',#10641);
#3620=VERTEX_POINT('',#10643);
#3621=VERTEX_POINT('',#10645);
#3622=VERTEX_POINT('',#10647);
#3623=VERTEX_POINT('',#10720);
#3624=VERTEX_POINT('',#10722);
#3625=VERTEX_POINT('',#10724);
#3626=VERTEX_POINT('',#10726);
#3627=VERTEX_POINT('',#10799);
#3628=VERTEX_POINT('',#10801);
#3629=VERTEX_POINT('',#10803);
#3630=VERTEX_POINT('',#10805);
#3631=VERTEX_POINT('',#10878);
#3632=VERTEX_POINT('',#10880);
#3633=VERTEX_POINT('',#10882);
#3634=VERTEX_POINT('',#10884);
#3635=VERTEX_POINT('',#10957);
#3636=VERTEX_POINT('',#10959);
#3637=VERTEX_POINT('',#10961);
#3638=VERTEX_POINT('',#10963);
#3639=VERTEX_POINT('',#11036);
#3640=VERTEX_POINT('',#11038);
#3641=VERTEX_POINT('',#11040);
#3642=VERTEX_POINT('',#11042);
#3643=VERTEX_POINT('',#11115);
#3644=VERTEX_POINT('',#11117);
#3645=VERTEX_POINT('',#11119);
#3646=VERTEX_POINT('',#11121);
#3647=VERTEX_POINT('',#11194);
#3648=VERTEX_POINT('',#11196);
#3649=VERTEX_POINT('',#11198);
#3650=VERTEX_POINT('',#11200);
#3651=VERTEX_POINT('',#11273);
#3652=VERTEX_POINT('',#11275);
#3653=VERTEX_POINT('',#11277);
#3654=VERTEX_POINT('',#11279);
#3655=VERTEX_POINT('',#11352);
#3656=VERTEX_POINT('',#11354);
#3657=VERTEX_POINT('',#11356);
#3658=VERTEX_POINT('',#11358);
#3659=VERTEX_POINT('',#11431);
#3660=VERTEX_POINT('',#11433);
#3661=VERTEX_POINT('',#11435);
#3662=VERTEX_POINT('',#11437);
#3663=VERTEX_POINT('',#11510);
#3664=VERTEX_POINT('',#11512);
#3665=VERTEX_POINT('',#11514);
#3666=VERTEX_POINT('',#11516);
#3667=VERTEX_POINT('',#11589);
#3668=VERTEX_POINT('',#11591);
#3669=VERTEX_POINT('',#11593);
#3670=VERTEX_POINT('',#11595);
#3671=VERTEX_POINT('',#11668);
#3672=VERTEX_POINT('',#11670);
#3673=VERTEX_POINT('',#12136);
#3674=VERTEX_POINT('',#12137);
#3675=VERTEX_POINT('',#12139);
#3676=VERTEX_POINT('',#12141);
#3677=VERTEX_POINT('',#12143);
#3678=VERTEX_POINT('',#12145);
#3679=VERTEX_POINT('',#12147);
#3680=VERTEX_POINT('',#12149);
#3681=VERTEX_POINT('',#12151);
#3682=VERTEX_POINT('',#12153);
#3683=VERTEX_POINT('',#12155);
#3684=VERTEX_POINT('',#12157);
#3685=VERTEX_POINT('',#12159);
#3686=VERTEX_POINT('',#12161);
#3687=VERTEX_POINT('',#12165);
#3688=VERTEX_POINT('',#12167);
#3689=VERTEX_POINT('',#12171);
#3690=VERTEX_POINT('',#12173);
#3691=VERTEX_POINT('',#12175);
#3692=VERTEX_POINT('',#12177);
#3693=VERTEX_POINT('',#12179);
#3694=VERTEX_POINT('',#12181);
#3695=VERTEX_POINT('',#12183);
#3696=VERTEX_POINT('',#12185);
#3697=VERTEX_POINT('',#12187);
#3698=VERTEX_POINT('',#12189);
#3699=VERTEX_POINT('',#12191);
#3700=VERTEX_POINT('',#12193);
#3701=VERTEX_POINT('',#12197);
#3702=VERTEX_POINT('',#12198);
#3703=VERTEX_POINT('',#12200);
#3704=VERTEX_POINT('',#12202);
#3705=VERTEX_POINT('',#12206);
#3706=VERTEX_POINT('',#12208);
#3707=VERTEX_POINT('',#12212);
#3708=VERTEX_POINT('',#12214);
#3709=VERTEX_POINT('',#12248);
#3710=VERTEX_POINT('',#12250);
#3711=VERTEX_POINT('',#12252);
#3712=VERTEX_POINT('',#12253);
#3713=VERTEX_POINT('',#12256);
#3714=VERTEX_POINT('',#12258);
#3715=VERTEX_POINT('',#12259);
#3716=VERTEX_POINT('',#12261);
#3717=VERTEX_POINT('',#12263);
#3718=VERTEX_POINT('',#12266);
#3719=VERTEX_POINT('',#12269);
#3720=VERTEX_POINT('',#12271);
#3721=VERTEX_POINT('',#12272);
#3722=VERTEX_POINT('',#12275);
#3723=VERTEX_POINT('',#12277);
#3724=VERTEX_POINT('',#12278);
#3725=VERTEX_POINT('',#12280);
#3726=VERTEX_POINT('',#12282);
#3727=VERTEX_POINT('',#12285);
#3728=VERTEX_POINT('',#12287);
#3729=VERTEX_POINT('',#12297);
#3730=VERTEX_POINT('',#12298);
#3731=VERTEX_POINT('',#12300);
#3732=VERTEX_POINT('',#12302);
#3733=VERTEX_POINT('',#12306);
#3734=VERTEX_POINT('',#12308);
#3735=VERTEX_POINT('',#12312);
#3736=VERTEX_POINT('',#12314);
#3737=VERTEX_POINT('',#12335);
#3738=VERTEX_POINT('',#12337);
#3739=VERTEX_POINT('',#12339);
#3740=VERTEX_POINT('',#12341);
#3741=VERTEX_POINT('',#12342);
#3742=VERTEX_POINT('',#12344);
#3743=VERTEX_POINT('',#12346);
#3744=VERTEX_POINT('',#12349);
#3745=VERTEX_POINT('',#12351);
#3746=VERTEX_POINT('',#12353);
#3747=VERTEX_POINT('',#12355);
#3748=VERTEX_POINT('',#12357);
#3749=VERTEX_POINT('',#12360);
#3750=VERTEX_POINT('',#12361);
#3751=VERTEX_POINT('',#12366);
#3752=VERTEX_POINT('',#12370);
#3753=VERTEX_POINT('',#12377);
#3754=VERTEX_POINT('',#12381);
#3755=VERTEX_POINT('',#12385);
#3756=VERTEX_POINT('',#12389);
#3757=VERTEX_POINT('',#12393);
#3758=VERTEX_POINT('',#12397);
#3759=VERTEX_POINT('',#12401);
#3760=VERTEX_POINT('',#12405);
#3761=CIRCLE('',#5595,0.0025);
#3762=CIRCLE('',#5596,0.0055);
#3763=CIRCLE('',#5598,0.0025);
#3764=CIRCLE('',#5599,0.0055);
#3765=CIRCLE('',#5602,0.008);
#3766=CIRCLE('',#5603,0.008);
#3767=CIRCLE('',#5605,0.0065);
#3768=CIRCLE('',#5607,0.0065);
#3769=CIRCLE('',#5609,0.0055);
#3770=CIRCLE('',#5611,0.0065);
#3771=CIRCLE('',#5614,0.0055);
#3772=CIRCLE('',#5616,0.0065);
#3773=CIRCLE('',#5620,0.008);
#3774=CIRCLE('',#5621,0.008);
#3775=CIRCLE('',#5624,0.008);
#3776=CIRCLE('',#5625,0.008);
#3777=CIRCLE('',#5628,0.006);
#3778=CIRCLE('',#5629,0.006);
#3779=CIRCLE('',#5632,0.006);
#3780=CIRCLE('',#5633,0.006);
#3781=CIRCLE('',#5640,0.0016);
#3782=CIRCLE('',#5641,0.0016);
#3783=CIRCLE('',#5642,0.0016);
#3784=CIRCLE('',#5643,0.005);
#3785=CIRCLE('',#5644,0.02535);
#3786=CIRCLE('',#5645,0.0253492424049175);
#3787=CIRCLE('',#5647,0.0016);
#3788=CIRCLE('',#5648,0.0016);
#3789=CIRCLE('',#5649,0.0016);
#3790=CIRCLE('',#5650,0.005);
#3791=CIRCLE('',#5651,0.02535);
#3792=CIRCLE('',#5652,0.0253492424049175);
#3793=CIRCLE('',#5657,0.0015);
#3794=CIRCLE('',#5658,0.0015);
#3795=CIRCLE('',#5659,0.0015);
#3796=CIRCLE('',#5660,0.0015);
#3797=CIRCLE('',#5662,0.0015);
#3798=CIRCLE('',#5663,0.0015);
#3799=CIRCLE('',#5664,0.0015);
#3800=CIRCLE('',#5665,0.0015);
#3801=CIRCLE('',#5685,0.002);
#3802=CIRCLE('',#5686,0.002);
#3803=CIRCLE('',#5687,0.00275);
#3804=CIRCLE('',#5688,0.002);
#3805=CIRCLE('',#5689,0.0135);
#3806=CIRCLE('',#5690,0.002);
#3807=CIRCLE('',#5692,0.0135);
#3808=CIRCLE('',#5693,0.00805);
#3809=CIRCLE('',#5694,0.002);
#3810=CIRCLE('',#5695,0.00805);
#3811=CIRCLE('',#5696,0.002);
#3812=CIRCLE('',#5697,0.00805);
#3813=CIRCLE('',#5698,0.002);
#3814=CIRCLE('',#5699,0.00805);
#3815=CIRCLE('',#5700,0.002);
#3816=CIRCLE('',#5702,0.00805);
#3817=CIRCLE('',#5704,0.00805);
#3818=CIRCLE('',#5706,0.00805);
#3819=CIRCLE('',#5708,0.00805);
#3820=CIRCLE('',#5710,0.002);
#3821=CIRCLE('',#5711,0.002);
#3822=CIRCLE('',#5712,0.002);
#3823=CIRCLE('',#5713,0.002);
#3824=CIRCLE('',#5714,0.00275);
#3825=CIRCLE('',#5731,0.0024);
#3826=CIRCLE('',#5733,0.0024);
#3827=CIRCLE('',#5734,0.0024);
#3828=CIRCLE('',#5741,0.0025);
#3829=CIRCLE('',#5742,0.0025);
#3830=CIRCLE('',#5747,0.008);
#3831=CIRCLE('',#5748,0.008);
#3832=CIRCLE('',#5750,0.0025);
#3833=CIRCLE('',#5752,0.0025);
#3834=CIRCLE('',#5757,0.008);
#3835=CIRCLE('',#5758,0.008);
#3836=CIRCLE('',#5760,0.0025);
#3837=CIRCLE('',#5762,0.0025);
#3838=CIRCLE('',#5766,0.015);
#3839=CIRCLE('',#5767,0.015);
#3840=CIRCLE('',#5769,0.01375);
#3841=CIRCLE('',#5771,0.0016);
#3842=CIRCLE('',#5772,0.005);
#3843=CIRCLE('',#5774,0.01375);
#3844=CIRCLE('',#5777,0.005);
#3845=CIRCLE('',#5780,0.0016);
#3846=CIRCLE('',#5784,0.005);
#3847=CIRCLE('',#5785,0.005);
#3848=CIRCLE('',#5787,0.0025);
#3849=CIRCLE('',#5788,0.0025);
#3850=CIRCLE('',#5790,0.00125);
#3851=CIRCLE('',#5791,0.00125);
#3852=CIRCLE('',#5792,0.011);
#3853=CIRCLE('',#5793,0.00125);
#3854=CIRCLE('',#5794,0.00125);
#3855=CIRCLE('',#5796,0.00125);
#3856=CIRCLE('',#5797,0.00125);
#3857=CIRCLE('',#5798,0.00125);
#3858=CIRCLE('',#5799,0.011);
#3859=CIRCLE('',#5800,0.00125);
#3860=CIRCLE('',#5820,0.002);
#3861=CIRCLE('',#5821,0.002);
#3862=CIRCLE('',#5822,0.0025);
#3863=CIRCLE('',#5823,0.002);
#3864=CIRCLE('',#5824,0.0135);
#3865=CIRCLE('',#5825,0.002);
#3866=CIRCLE('',#5827,0.002);
#3867=CIRCLE('',#5828,0.0025);
#3868=CIRCLE('',#5829,0.002);
#3869=CIRCLE('',#5830,0.0135);
#3870=CIRCLE('',#5831,0.002);
#3871=CIRCLE('',#5832,0.002);
#3872=CIRCLE('',#5850,0.0066);
#3873=CIRCLE('',#5851,0.0066);
#3874=CIRCLE('',#5853,0.0066);
#3875=CIRCLE('',#5854,0.0066);
#3876=CIRCLE('',#5856,0.0066);
#3877=CIRCLE('',#5857,0.0066);
#3878=CIRCLE('',#5859,0.0066);
#3879=CIRCLE('',#5860,0.0066);
#3880=CIRCLE('',#5862,0.0066);
#3881=CIRCLE('',#5863,0.0066);
#3882=CIRCLE('',#5865,0.0066);
#3883=CIRCLE('',#5866,0.0066);
#3884=CIRCLE('',#5868,0.0066);
#3885=CIRCLE('',#5869,0.0066);
#3886=CIRCLE('',#5871,0.0066);
#3887=CIRCLE('',#5872,0.0066);
#3888=CIRCLE('',#5874,0.0066);
#3889=CIRCLE('',#5875,0.0066);
#3890=CIRCLE('',#5877,0.0066);
#3891=CIRCLE('',#5878,0.0066);
#3892=CIRCLE('',#5880,0.0066);
#3893=CIRCLE('',#5881,0.0066);
#3894=CIRCLE('',#5883,0.0066);
#3895=CIRCLE('',#5884,0.0066);
#3896=CIRCLE('',#5886,0.0066);
#3897=CIRCLE('',#5887,0.0066);
#3898=CIRCLE('',#5889,0.0066);
#3899=CIRCLE('',#5890,0.0066);
#3900=CIRCLE('',#5892,0.0066);
#3901=CIRCLE('',#5893,0.0066);
#3902=CIRCLE('',#5895,0.0066);
#3903=CIRCLE('',#5896,0.0066);
#3904=CIRCLE('',#5898,0.0066);
#3905=CIRCLE('',#5899,0.0066);
#3906=CIRCLE('',#5901,0.0066);
#3907=CIRCLE('',#5902,0.0066);
#3908=CIRCLE('',#5904,0.0066);
#3909=CIRCLE('',#5905,0.0066);
#3910=CIRCLE('',#5907,0.0025);
#3911=CIRCLE('',#5908,0.000114995937771974);
#3912=CIRCLE('',#5909,0.000114995937771974);
#3913=CIRCLE('',#5910,0.00525000000000057);
#3914=CIRCLE('',#5911,0.000114995937771974);
#3915=CIRCLE('',#5912,0.000114995937771974);
#3916=CIRCLE('',#5913,0.00525000000000057);
#3917=CIRCLE('',#5914,0.000114995937771974);
#3918=CIRCLE('',#5915,0.000114995937771974);
#3919=CIRCLE('',#5916,0.00525000000000057);
#3920=CIRCLE('',#5917,0.000114995937771974);
#3921=CIRCLE('',#5918,0.000114995937771974);
#3922=CIRCLE('',#5919,0.00525000000000057);
#3923=CIRCLE('',#5920,0.000114995937771974);
#3924=CIRCLE('',#5921,0.000114995937771974);
#3925=CIRCLE('',#5922,0.00525000000000057);
#3926=CIRCLE('',#5923,0.000114995937771974);
#3927=CIRCLE('',#5924,0.000114995937771974);
#3928=CIRCLE('',#5925,0.00525000000000057);
#3929=CIRCLE('',#5926,0.000114995937771974);
#3930=CIRCLE('',#5927,0.000114995937771974);
#3931=CIRCLE('',#5928,0.00525000000000057);
#3932=CIRCLE('',#5929,0.000114995937771974);
#3933=CIRCLE('',#5930,0.000114995937771974);
#3934=CIRCLE('',#5931,0.00525000000000057);
#3935=CIRCLE('',#5932,0.000114995937771974);
#3936=CIRCLE('',#5933,0.000114995937771974);
#3937=CIRCLE('',#5934,0.00525000000000057);
#3938=CIRCLE('',#5935,0.000114995937771974);
#3939=CIRCLE('',#5936,0.000114995937771974);
#3940=CIRCLE('',#5937,0.00525000000000057);
#3941=CIRCLE('',#5938,0.000114995937771974);
#3942=CIRCLE('',#5939,0.0066);
#3943=CIRCLE('',#5940,0.000114995937771974);
#3944=CIRCLE('',#5941,0.00525000000000057);
#3945=CIRCLE('',#5942,0.000114995937771974);
#3946=CIRCLE('',#5943,0.000114995937771974);
#3947=CIRCLE('',#5944,0.00525000000000057);
#3948=CIRCLE('',#5945,0.000114995937771974);
#3949=CIRCLE('',#5946,0.000114995937771974);
#3950=CIRCLE('',#5947,0.00525000000000057);
#3951=CIRCLE('',#5948,0.000114995937771974);
#3952=CIRCLE('',#5949,0.000114995937771974);
#3953=CIRCLE('',#5950,0.00525000000000057);
#3954=CIRCLE('',#5951,0.000114995937771974);
#3955=CIRCLE('',#5952,0.000114995937771974);
#3956=CIRCLE('',#5953,0.00525000000000057);
#3957=CIRCLE('',#5954,0.000114995937771974);
#3958=CIRCLE('',#5955,0.000114995937771974);
#3959=CIRCLE('',#5956,0.00525000000000057);
#3960=CIRCLE('',#5957,0.000114995937771974);
#3961=CIRCLE('',#5958,0.000114995937771974);
#3962=CIRCLE('',#5959,0.00525000000000057);
#3963=CIRCLE('',#5960,0.000114995937771974);
#3964=CIRCLE('',#5961,0.000114995937771974);
#3965=CIRCLE('',#5962,0.00525000000000057);
#3966=CIRCLE('',#5963,0.000114995937771974);
#3967=CIRCLE('',#5964,0.000114995937771974);
#3968=CIRCLE('',#5965,0.00525000000000057);
#3969=CIRCLE('',#5966,0.000114995937771974);
#3970=CIRCLE('',#5967,0.000114995937771974);
#3971=CIRCLE('',#5968,0.00525000000000057);
#3972=CIRCLE('',#5970,0.0066);
#3973=CIRCLE('',#5972,0.0025);
#3974=CIRCLE('',#5973,0.000114995937771974);
#3975=CIRCLE('',#5974,0.000114995937771974);
#3976=CIRCLE('',#5975,0.00525000000000057);
#3977=CIRCLE('',#5976,0.000114995937771974);
#3978=CIRCLE('',#5977,0.000114995937771974);
#3979=CIRCLE('',#5978,0.00525000000000057);
#3980=CIRCLE('',#5979,0.000114995937771974);
#3981=CIRCLE('',#5980,0.000114995937771974);
#3982=CIRCLE('',#5981,0.00525000000000057);
#3983=CIRCLE('',#5982,0.000114995937771974);
#3984=CIRCLE('',#5983,0.000114995937771974);
#3985=CIRCLE('',#5984,0.00525000000000057);
#3986=CIRCLE('',#5985,0.000114995937771974);
#3987=CIRCLE('',#5986,0.000114995937771974);
#3988=CIRCLE('',#5987,0.00525000000000057);
#3989=CIRCLE('',#5988,0.000114995937771974);
#3990=CIRCLE('',#5989,0.000114995937771974);
#3991=CIRCLE('',#5990,0.00525000000000057);
#3992=CIRCLE('',#5991,0.000114995937771974);
#3993=CIRCLE('',#5992,0.000114995937771974);
#3994=CIRCLE('',#5993,0.00525000000000057);
#3995=CIRCLE('',#5994,0.000114995937771974);
#3996=CIRCLE('',#5995,0.000114995937771974);
#3997=CIRCLE('',#5996,0.00525000000000057);
#3998=CIRCLE('',#5997,0.000114995937771974);
#3999=CIRCLE('',#5998,0.000114995937771974);
#4000=CIRCLE('',#5999,0.00525000000000057);
#4001=CIRCLE('',#6000,0.000114995937771974);
#4002=CIRCLE('',#6001,0.000114995937771974);
#4003=CIRCLE('',#6002,0.00525000000000057);
#4004=CIRCLE('',#6003,0.000114995937771974);
#4005=CIRCLE('',#6004,0.000114995937771974);
#4006=CIRCLE('',#6005,0.00525000000000057);
#4007=CIRCLE('',#6006,0.000114995937771974);
#4008=CIRCLE('',#6007,0.000114995937771974);
#4009=CIRCLE('',#6008,0.00525000000000057);
#4010=CIRCLE('',#6009,0.000114995937771974);
#4011=CIRCLE('',#6010,0.000114995937771974);
#4012=CIRCLE('',#6011,0.00525000000000057);
#4013=CIRCLE('',#6012,0.000114995937771974);
#4014=CIRCLE('',#6013,0.000114995937771974);
#4015=CIRCLE('',#6014,0.00525000000000057);
#4016=CIRCLE('',#6015,0.000114995937771974);
#4017=CIRCLE('',#6016,0.000114995937771974);
#4018=CIRCLE('',#6017,0.00525000000000057);
#4019=CIRCLE('',#6018,0.000114995937771974);
#4020=CIRCLE('',#6019,0.000114995937771974);
#4021=CIRCLE('',#6020,0.00525000000000057);
#4022=CIRCLE('',#6021,0.000114995937771974);
#4023=CIRCLE('',#6022,0.000114995937771974);
#4024=CIRCLE('',#6023,0.00525000000000057);
#4025=CIRCLE('',#6024,0.000114995937771974);
#4026=CIRCLE('',#6025,0.000114995937771974);
#4027=CIRCLE('',#6026,0.00525000000000057);
#4028=CIRCLE('',#6027,0.000114995937771974);
#4029=CIRCLE('',#6028,0.000114995937771974);
#4030=CIRCLE('',#6029,0.00525000000000057);
#4031=CIRCLE('',#6030,0.000114995937771974);
#4032=CIRCLE('',#6031,0.000114995937771974);
#4033=CIRCLE('',#6032,0.00525000000000057);
#4034=CIRCLE('',#6118,0.002);
#4035=CIRCLE('',#6119,0.002);
#4036=CIRCLE('',#6120,0.00255);
#4037=CIRCLE('',#6121,0.002);
#4038=CIRCLE('',#6122,0.0135);
#4039=CIRCLE('',#6123,0.002);
#4040=CIRCLE('',#6125,0.002);
#4041=CIRCLE('',#6126,0.00255);
#4042=CIRCLE('',#6127,0.002);
#4043=CIRCLE('',#6128,0.0135);
#4044=CIRCLE('',#6129,0.002);
#4045=CIRCLE('',#6130,0.002);
#4046=CIRCLE('',#6151,0.00145);
#4047=CIRCLE('',#6152,0.00145);
#4048=CIRCLE('',#6153,0.00145);
#4049=CIRCLE('',#6154,0.00145);
#4050=CIRCLE('',#6155,0.00145);
#4051=CIRCLE('',#6156,0.00145);
#4052=CIRCLE('',#6157,0.00144979735272814);
#4053=CIRCLE('',#6158,0.00144979735272814);
#4054=CIRCLE('',#6165,0.00145);
#4055=CIRCLE('',#6168,0.00145);
#4056=CIRCLE('',#6171,0.00145);
#4057=CIRCLE('',#6174,0.00145);
#4058=CIRCLE('',#6177,0.00145);
#4059=CIRCLE('',#6180,0.00145);
#4060=CIRCLE('',#6183,0.00144979735272814);
#4061=CIRCLE('',#6186,0.00144979735272814);
#4062=EDGE_LOOP('',(#1083));
#4063=EDGE_LOOP('',(#1084));
#4064=EDGE_LOOP('',(#1085));
#4065=EDGE_LOOP('',(#1086));
#4066=EDGE_LOOP('',(#1087));
#4067=EDGE_LOOP('',(#1088));
#4068=EDGE_LOOP('',(#1089));
#4069=EDGE_LOOP('',(#1090));
#4070=EDGE_LOOP('',(#1091));
#4071=EDGE_LOOP('',(#1092));
#4072=EDGE_LOOP('',(#1093));
#4073=EDGE_LOOP('',(#1094));
#4074=EDGE_LOOP('',(#1095));
#4075=EDGE_LOOP('',(#1096));
#4076=EDGE_LOOP('',(#1097));
#4077=EDGE_LOOP('',(#1098));
#4078=EDGE_LOOP('',(#1099));
#4079=EDGE_LOOP('',(#1100));
#4080=EDGE_LOOP('',(#1101));
#4081=EDGE_LOOP('',(#1102));
#4082=EDGE_LOOP('',(#1103));
#4083=EDGE_LOOP('',(#1104));
#4084=EDGE_LOOP('',(#1105));
#4085=EDGE_LOOP('',(#1106));
#4086=EDGE_LOOP('',(#1107,#1108,#1109,#1110));
#4087=EDGE_LOOP('',(#1111,#1112,#1113,#1114));
#4088=EDGE_LOOP('',(#1115,#1116,#1117,#1118));
#4089=EDGE_LOOP('',(#1119,#1120,#1121,#1122));
#4090=EDGE_LOOP('',(#1123,#1124,#1125,#1126));
#4091=EDGE_LOOP('',(#1127,#1128,#1129,#1130));
#4092=EDGE_LOOP('',(#1131,#1132,#1133,#1134));
#4093=EDGE_LOOP('',(#1135,#1136,#1137,#1138));
#4094=EDGE_LOOP('',(#1139,#1140,#1141,#1142));
#4095=EDGE_LOOP('',(#1143,#1144,#1145,#1146));
#4096=EDGE_LOOP('',(#1147,#1148,#1149,#1150));
#4097=EDGE_LOOP('',(#1151,#1152,#1153,#1154));
#4098=EDGE_LOOP('',(#1155,#1156,#1157,#1158));
#4099=EDGE_LOOP('',(#1159));
#4100=EDGE_LOOP('',(#1160));
#4101=EDGE_LOOP('',(#1161));
#4102=EDGE_LOOP('',(#1162));
#4103=EDGE_LOOP('',(#1163,#1164,#1165,#1166,#1167,#1168));
#4104=EDGE_LOOP('',(#1169));
#4105=EDGE_LOOP('',(#1170));
#4106=EDGE_LOOP('',(#1171));
#4107=EDGE_LOOP('',(#1172));
#4108=EDGE_LOOP('',(#1173,#1174,#1175,#1176,#1177,#1178));
#4109=EDGE_LOOP('',(#1179,#1180,#1181,#1182,#1183,#1184));
#4110=EDGE_LOOP('',(#1185,#1186,#1187,#1188,#1189,#1190));
#4111=EDGE_LOOP('',(#1191,#1192,#1193,#1194));
#4112=EDGE_LOOP('',(#1195));
#4113=EDGE_LOOP('',(#1196));
#4114=EDGE_LOOP('',(#1197));
#4115=EDGE_LOOP('',(#1198));
#4116=EDGE_LOOP('',(#1199,#1200,#1201,#1202));
#4117=EDGE_LOOP('',(#1203));
#4118=EDGE_LOOP('',(#1204));
#4119=EDGE_LOOP('',(#1205));
#4120=EDGE_LOOP('',(#1206));
#4121=EDGE_LOOP('',(#1207,#1208,#1209,#1210));
#4122=EDGE_LOOP('',(#1211));
#4123=EDGE_LOOP('',(#1212));
#4124=EDGE_LOOP('',(#1213));
#4125=EDGE_LOOP('',(#1214));
#4126=EDGE_LOOP('',(#1215));
#4127=EDGE_LOOP('',(#1216));
#4128=EDGE_LOOP('',(#1217));
#4129=EDGE_LOOP('',(#1218));
#4130=EDGE_LOOP('',(#1219));
#4131=EDGE_LOOP('',(#1220));
#4132=EDGE_LOOP('',(#1221));
#4133=EDGE_LOOP('',(#1222));
#4134=EDGE_LOOP('',(#1223));
#4135=EDGE_LOOP('',(#1224));
#4136=EDGE_LOOP('',(#1225));
#4137=EDGE_LOOP('',(#1226));
#4138=EDGE_LOOP('',(#1227,#1228,#1229,#1230));
#4139=EDGE_LOOP('',(#1231,#1232,#1233,#1234));
#4140=EDGE_LOOP('',(#1235,#1236,#1237,#1238));
#4141=EDGE_LOOP('',(#1239,#1240,#1241,#1242));
#4142=EDGE_LOOP('',(#1243,#1244,#1245,#1246));
#4143=EDGE_LOOP('',(#1247,#1248,#1249,#1250));
#4144=EDGE_LOOP('',(#1251,#1252,#1253,#1254));
#4145=EDGE_LOOP('',(#1255,#1256,#1257,#1258));
#4146=EDGE_LOOP('',(#1259));
#4147=EDGE_LOOP('',(#1260));
#4148=EDGE_LOOP('',(#1261));
#4149=EDGE_LOOP('',(#1262));
#4150=EDGE_LOOP('',(#1263,#1264,#1265,#1266));
#4151=EDGE_LOOP('',(#1267));
#4152=EDGE_LOOP('',(#1268,#1269,#1270,#1271));
#4153=EDGE_LOOP('',(#1272,#1273,#1274,#1275,#1276,#1277,#1278,#1279));
#4154=EDGE_LOOP('',(#1280,#1281,#1282,#1283));
#4155=EDGE_LOOP('',(#1284,#1285,#1286,#1287));
#4156=EDGE_LOOP('',(#1288,#1289,#1290,#1291));
#4157=EDGE_LOOP('',(#1292,#1293,#1294,#1295));
#4158=EDGE_LOOP('',(#1296,#1297,#1298,#1299,#1300,#1301,#1302,#1303));
#4159=EDGE_LOOP('',(#1304));
#4160=EDGE_LOOP('',(#1305,#1306,#1307,#1308));
#4161=EDGE_LOOP('',(#1309,#1310,#1311,#1312));
#4162=EDGE_LOOP('',(#1313,#1314,#1315,#1316));
#4163=EDGE_LOOP('',(#1317,#1318,#1319,#1320));
#4164=EDGE_LOOP('',(#1321,#1322,#1323,#1324));
#4165=EDGE_LOOP('',(#1325,#1326,#1327,#1328));
#4166=EDGE_LOOP('',(#1329,#1330,#1331,#1332));
#4167=EDGE_LOOP('',(#1333,#1334,#1335,#1336));
#4168=EDGE_LOOP('',(#1337,#1338,#1339,#1340));
#4169=EDGE_LOOP('',(#1341,#1342,#1343,#1344));
#4170=EDGE_LOOP('',(#1345));
#4171=EDGE_LOOP('',(#1346,#1347,#1348,#1349));
#4172=EDGE_LOOP('',(#1350));
#4173=EDGE_LOOP('',(#1351));
#4174=EDGE_LOOP('',(#1352));
#4175=EDGE_LOOP('',(#1353,#1354,#1355,#1356));
#4176=EDGE_LOOP('',(#1357));
#4177=EDGE_LOOP('',(#1358,#1359,#1360,#1361));
#4178=EDGE_LOOP('',(#1362));
#4179=EDGE_LOOP('',(#1363,#1364,#1365,#1366));
#4180=EDGE_LOOP('',(#1367,#1368));
#4181=EDGE_LOOP('',(#1369,#1370,#1371,#1372));
#4182=EDGE_LOOP('',(#1373));
#4183=EDGE_LOOP('',(#1374));
#4184=EDGE_LOOP('',(#1375,#1376,#1377,#1378));
#4185=EDGE_LOOP('',(#1379,#1380));
#4186=EDGE_LOOP('',(#1381,#1382,#1383,#1384));
#4187=EDGE_LOOP('',(#1385,#1386,#1387,#1388));
#4188=EDGE_LOOP('',(#1389,#1390));
#4189=EDGE_LOOP('',(#1391,#1392));
#4190=EDGE_LOOP('',(#1393));
#4191=EDGE_LOOP('',(#1394));
#4192=EDGE_LOOP('',(#1395));
#4193=EDGE_LOOP('',(#1396));
#4194=EDGE_LOOP('',(#1397));
#4195=EDGE_LOOP('',(#1398));
#4196=EDGE_LOOP('',(#1399));
#4197=EDGE_LOOP('',(#1400));
#4198=EDGE_LOOP('',(#1401));
#4199=EDGE_LOOP('',(#1402));
#4200=EDGE_LOOP('',(#1403));
#4201=EDGE_LOOP('',(#1404));
#4202=EDGE_LOOP('',(#1405));
#4203=EDGE_LOOP('',(#1406));
#4204=EDGE_LOOP('',(#1407));
#4205=EDGE_LOOP('',(#1408));
#4206=EDGE_LOOP('',(#1409));
#4207=EDGE_LOOP('',(#1410));
#4208=EDGE_LOOP('',(#1411));
#4209=EDGE_LOOP('',(#1412));
#4210=EDGE_LOOP('',(#1413));
#4211=EDGE_LOOP('',(#1414));
#4212=EDGE_LOOP('',(#1415));
#4213=EDGE_LOOP('',(#1416));
#4214=EDGE_LOOP('',(#1417));
#4215=EDGE_LOOP('',(#1418));
#4216=EDGE_LOOP('',(#1419));
#4217=EDGE_LOOP('',(#1420));
#4218=EDGE_LOOP('',(#1421));
#4219=EDGE_LOOP('',(#1422));
#4220=EDGE_LOOP('',(#1423));
#4221=EDGE_LOOP('',(#1424));
#4222=EDGE_LOOP('',(#1425));
#4223=EDGE_LOOP('',(#1426));
#4224=EDGE_LOOP('',(#1427));
#4225=EDGE_LOOP('',(#1428));
#4226=EDGE_LOOP('',(#1429));
#4227=EDGE_LOOP('',(#1430));
#4228=EDGE_LOOP('',(#1431));
#4229=EDGE_LOOP('',(#1432));
#4230=EDGE_LOOP('',(#1433));
#4231=EDGE_LOOP('',(#1434));
#4232=EDGE_LOOP('',(#1435));
#4233=EDGE_LOOP('',(#1436));
#4234=EDGE_LOOP('',(#1437));
#4235=EDGE_LOOP('',(#1438));
#4236=EDGE_LOOP('',(#1439));
#4237=EDGE_LOOP('',(#1440));
#4238=EDGE_LOOP('',(#1441));
#4239=EDGE_LOOP('',(#1442));
#4240=EDGE_LOOP('',(#1443));
#4241=EDGE_LOOP('',(#1444));
#4242=EDGE_LOOP('',(#1445));
#4243=EDGE_LOOP('',(#1446));
#4244=EDGE_LOOP('',(#1447));
#4245=EDGE_LOOP('',(#1448));
#4246=EDGE_LOOP('',(#1449));
#4247=EDGE_LOOP('',(#1450));
#4248=EDGE_LOOP('',(#1451));
#4249=EDGE_LOOP('',(#1452));
#4250=EDGE_LOOP('',(#1453));
#4251=EDGE_LOOP('',(#1454));
#4252=EDGE_LOOP('',(#1455));
#4253=EDGE_LOOP('',(#1456));
#4254=EDGE_LOOP('',(#1457));
#4255=EDGE_LOOP('',(#1458));
#4256=EDGE_LOOP('',(#1459));
#4257=EDGE_LOOP('',(#1460));
#4258=EDGE_LOOP('',(#1461,#1462,#1463,#1464));
#4259=EDGE_LOOP('',(#1465,#1466,#1467,#1468));
#4260=EDGE_LOOP('',(#1469,#1470,#1471,#1472));
#4261=EDGE_LOOP('',(#1473,#1474,#1475,#1476));
#4262=EDGE_LOOP('',(#1477,#1478,#1479,#1480));
#4263=EDGE_LOOP('',(#1481,#1482,#1483,#1484));
#4264=EDGE_LOOP('',(#1485));
#4265=EDGE_LOOP('',(#1486));
#4266=EDGE_LOOP('',(#1487,#1488));
#4267=EDGE_LOOP('',(#1489));
#4268=EDGE_LOOP('',(#1490,#1491,#1492,#1493));
#4269=EDGE_LOOP('',(#1494));
#4270=EDGE_LOOP('',(#1495));
#4271=EDGE_LOOP('',(#1496,#1497));
#4272=EDGE_LOOP('',(#1498));
#4273=EDGE_LOOP('',(#1499,#1500,#1501,#1502));
#4274=EDGE_LOOP('',(#1503));
#4275=EDGE_LOOP('',(#1504));
#4276=EDGE_LOOP('',(#1505,#1506,#1507,#1508));
#4277=EDGE_LOOP('',(#1509,#1510,#1511,#1512));
#4278=EDGE_LOOP('',(#1513,#1514,#1515,#1516));
#4279=EDGE_LOOP('',(#1517,#1518,#1519,#1520));
#4280=EDGE_LOOP('',(#1521,#1522,#1523,#1524));
#4281=EDGE_LOOP('',(#1525,#1526,#1527,#1528));
#4282=EDGE_LOOP('',(#1529,#1530,#1531,#1532));
#4283=EDGE_LOOP('',(#1533,#1534,#1535,#1536));
#4284=EDGE_LOOP('',(#1537,#1538,#1539,#1540));
#4285=EDGE_LOOP('',(#1541,#1542,#1543,#1544));
#4286=EDGE_LOOP('',(#1545));
#4287=EDGE_LOOP('',(#1546));
#4288=EDGE_LOOP('',(#1547,#1548,#1549,#1550));
#4289=EDGE_LOOP('',(#1551,#1552,#1553,#1554));
#4290=EDGE_LOOP('',(#1555));
#4291=EDGE_LOOP('',(#1556));
#4292=EDGE_LOOP('',(#1557));
#4293=EDGE_LOOP('',(#1558));
#4294=EDGE_LOOP('',(#1559));
#4295=EDGE_LOOP('',(#1560));
#4296=EDGE_LOOP('',(#1561,#1562,#1563,#1564));
#4297=EDGE_LOOP('',(#1565,#1566,#1567,#1568));
#4298=EDGE_LOOP('',(#1569,#1570,#1571,#1572));
#4299=EDGE_LOOP('',(#1573,#1574,#1575,#1576));
#4300=EDGE_LOOP('',(#1577,#1578,#1579,#1580));
#4301=EDGE_LOOP('',(#1581,#1582,#1583,#1584));
#4302=EDGE_LOOP('',(#1585,#1586,#1587,#1588));
#4303=EDGE_LOOP('',(#1589,#1590,#1591,#1592));
#4304=EDGE_LOOP('',(#1593,#1594,#1595,#1596));
#4305=EDGE_LOOP('',(#1597,#1598,#1599,#1600));
#4306=EDGE_LOOP('',(#1601,#1602,#1603,#1604));
#4307=EDGE_LOOP('',(#1605,#1606,#1607,#1608));
#4308=EDGE_LOOP('',(#1609,#1610,#1611,#1612));
#4309=EDGE_LOOP('',(#1613,#1614,#1615,#1616));
#4310=EDGE_LOOP('',(#1617,#1618,#1619,#1620));
#4311=EDGE_LOOP('',(#1621,#1622,#1623,#1624));
#4312=EDGE_LOOP('',(#1625,#1626,#1627,#1628));
#4313=EDGE_LOOP('',(#1629,#1630,#1631,#1632));
#4314=EDGE_LOOP('',(#1633,#1634,#1635,#1636));
#4315=EDGE_LOOP('',(#1637));
#4316=EDGE_LOOP('',(#1638,#1639,#1640,#1641,#1642,#1643,#1644,#1645,#1646,
#1647,#1648,#1649,#1650,#1651,#1652,#1653,#1654,#1655,#1656,#1657,#1658,
#1659,#1660,#1661,#1662,#1663,#1664,#1665,#1666,#1667,#1668,#1669,#1670,
#1671,#1672,#1673,#1674,#1675,#1676,#1677,#1678,#1679,#1680,#1681,#1682,
#1683,#1684,#1685,#1686,#1687,#1688,#1689,#1690,#1691,#1692,#1693,#1694,
#1695,#1696,#1697,#1698,#1699,#1700,#1701,#1702,#1703,#1704,#1705,#1706,
#1707,#1708,#1709,#1710,#1711,#1712,#1713,#1714,#1715,#1716,#1717,#1718,
#1719,#1720,#1721,#1722,#1723,#1724,#1725,#1726,#1727,#1728,#1729,#1730,
#1731,#1732,#1733,#1734,#1735,#1736,#1737,#1738,#1739,#1740,#1741,#1742,
#1743,#1744,#1745,#1746,#1747,#1748,#1749,#1750,#1751,#1752,#1753,#1754,
#1755,#1756,#1757));
#4317=EDGE_LOOP('',(#1758,#1759,#1760,#1761));
#4318=EDGE_LOOP('',(#1762));
#4319=EDGE_LOOP('',(#1763,#1764,#1765,#1766,#1767,#1768,#1769,#1770,#1771,
#1772,#1773,#1774,#1775,#1776,#1777,#1778,#1779,#1780,#1781,#1782,#1783,
#1784,#1785,#1786,#1787,#1788,#1789,#1790,#1791,#1792,#1793,#1794,#1795,
#1796,#1797,#1798,#1799,#1800,#1801,#1802,#1803,#1804,#1805,#1806,#1807,
#1808,#1809,#1810,#1811,#1812,#1813,#1814,#1815,#1816,#1817,#1818,#1819,
#1820,#1821,#1822,#1823,#1824,#1825,#1826,#1827,#1828,#1829,#1830,#1831,
#1832,#1833,#1834,#1835,#1836,#1837,#1838,#1839,#1840,#1841,#1842,#1843,
#1844,#1845,#1846,#1847,#1848,#1849,#1850,#1851,#1852,#1853,#1854,#1855,
#1856,#1857,#1858,#1859,#1860,#1861,#1862,#1863,#1864,#1865,#1866,#1867,
#1868,#1869,#1870,#1871,#1872,#1873,#1874,#1875,#1876,#1877,#1878,#1879,
#1880,#1881,#1882));
#4320=EDGE_LOOP('',(#1883,#1884,#1885,#1886));
#4321=EDGE_LOOP('',(#1887,#1888,#1889,#1890));
#4322=EDGE_LOOP('',(#1891,#1892,#1893,#1894));
#4323=EDGE_LOOP('',(#1895,#1896,#1897,#1898));
#4324=EDGE_LOOP('',(#1899,#1900,#1901,#1902));
#4325=EDGE_LOOP('',(#1903,#1904,#1905,#1906));
#4326=EDGE_LOOP('',(#1907,#1908,#1909,#1910));
#4327=EDGE_LOOP('',(#1911,#1912,#1913,#1914));
#4328=EDGE_LOOP('',(#1915,#1916,#1917,#1918));
#4329=EDGE_LOOP('',(#1919,#1920,#1921,#1922));
#4330=EDGE_LOOP('',(#1923,#1924,#1925,#1926));
#4331=EDGE_LOOP('',(#1927,#1928,#1929,#1930));
#4332=EDGE_LOOP('',(#1931,#1932,#1933,#1934));
#4333=EDGE_LOOP('',(#1935,#1936,#1937,#1938));
#4334=EDGE_LOOP('',(#1939,#1940,#1941,#1942));
#4335=EDGE_LOOP('',(#1943,#1944,#1945,#1946));
#4336=EDGE_LOOP('',(#1947,#1948,#1949,#1950));
#4337=EDGE_LOOP('',(#1951,#1952,#1953,#1954));
#4338=EDGE_LOOP('',(#1955,#1956,#1957,#1958));
#4339=EDGE_LOOP('',(#1959,#1960,#1961,#1962));
#4340=EDGE_LOOP('',(#1963,#1964,#1965,#1966));
#4341=EDGE_LOOP('',(#1967,#1968,#1969,#1970));
#4342=EDGE_LOOP('',(#1971,#1972,#1973,#1974));
#4343=EDGE_LOOP('',(#1975,#1976,#1977,#1978));
#4344=EDGE_LOOP('',(#1979,#1980,#1981,#1982));
#4345=EDGE_LOOP('',(#1983,#1984,#1985,#1986));
#4346=EDGE_LOOP('',(#1987,#1988,#1989,#1990));
#4347=EDGE_LOOP('',(#1991,#1992,#1993,#1994));
#4348=EDGE_LOOP('',(#1995,#1996,#1997,#1998));
#4349=EDGE_LOOP('',(#1999,#2000,#2001,#2002));
#4350=EDGE_LOOP('',(#2003,#2004,#2005,#2006));
#4351=EDGE_LOOP('',(#2007,#2008,#2009,#2010));
#4352=EDGE_LOOP('',(#2011,#2012,#2013,#2014));
#4353=EDGE_LOOP('',(#2015,#2016,#2017,#2018));
#4354=EDGE_LOOP('',(#2019,#2020,#2021,#2022));
#4355=EDGE_LOOP('',(#2023,#2024,#2025,#2026));
#4356=EDGE_LOOP('',(#2027,#2028,#2029,#2030));
#4357=EDGE_LOOP('',(#2031,#2032,#2033,#2034));
#4358=EDGE_LOOP('',(#2035,#2036,#2037,#2038));
#4359=EDGE_LOOP('',(#2039,#2040,#2041,#2042));
#4360=EDGE_LOOP('',(#2043,#2044,#2045,#2046));
#4361=EDGE_LOOP('',(#2047,#2048,#2049,#2050));
#4362=EDGE_LOOP('',(#2051,#2052,#2053,#2054));
#4363=EDGE_LOOP('',(#2055,#2056,#2057,#2058));
#4364=EDGE_LOOP('',(#2059,#2060,#2061,#2062));
#4365=EDGE_LOOP('',(#2063,#2064,#2065,#2066));
#4366=EDGE_LOOP('',(#2067,#2068,#2069,#2070));
#4367=EDGE_LOOP('',(#2071,#2072,#2073,#2074));
#4368=EDGE_LOOP('',(#2075,#2076,#2077,#2078));
#4369=EDGE_LOOP('',(#2079,#2080,#2081,#2082));
#4370=EDGE_LOOP('',(#2083,#2084,#2085,#2086));
#4371=EDGE_LOOP('',(#2087,#2088,#2089,#2090));
#4372=EDGE_LOOP('',(#2091,#2092,#2093,#2094));
#4373=EDGE_LOOP('',(#2095,#2096,#2097,#2098));
#4374=EDGE_LOOP('',(#2099,#2100,#2101,#2102));
#4375=EDGE_LOOP('',(#2103,#2104,#2105,#2106));
#4376=EDGE_LOOP('',(#2107,#2108,#2109,#2110));
#4377=EDGE_LOOP('',(#2111,#2112,#2113,#2114));
#4378=EDGE_LOOP('',(#2115,#2116,#2117,#2118));
#4379=EDGE_LOOP('',(#2119,#2120,#2121,#2122));
#4380=EDGE_LOOP('',(#2123,#2124,#2125,#2126));
#4381=EDGE_LOOP('',(#2127,#2128,#2129,#2130));
#4382=EDGE_LOOP('',(#2131,#2132,#2133,#2134));
#4383=EDGE_LOOP('',(#2135,#2136,#2137,#2138));
#4384=EDGE_LOOP('',(#2139,#2140,#2141,#2142));
#4385=EDGE_LOOP('',(#2143,#2144,#2145,#2146));
#4386=EDGE_LOOP('',(#2147,#2148,#2149,#2150));
#4387=EDGE_LOOP('',(#2151,#2152,#2153,#2154));
#4388=EDGE_LOOP('',(#2155,#2156,#2157,#2158));
#4389=EDGE_LOOP('',(#2159,#2160,#2161,#2162));
#4390=EDGE_LOOP('',(#2163,#2164,#2165,#2166));
#4391=EDGE_LOOP('',(#2167,#2168,#2169,#2170));
#4392=EDGE_LOOP('',(#2171,#2172,#2173,#2174));
#4393=EDGE_LOOP('',(#2175,#2176,#2177,#2178));
#4394=EDGE_LOOP('',(#2179,#2180,#2181,#2182));
#4395=EDGE_LOOP('',(#2183,#2184,#2185,#2186));
#4396=EDGE_LOOP('',(#2187,#2188,#2189,#2190));
#4397=EDGE_LOOP('',(#2191,#2192,#2193,#2194));
#4398=EDGE_LOOP('',(#2195,#2196,#2197,#2198));
#4399=EDGE_LOOP('',(#2199,#2200,#2201,#2202));
#4400=EDGE_LOOP('',(#2203,#2204,#2205,#2206));
#4401=EDGE_LOOP('',(#2207,#2208,#2209,#2210));
#4402=EDGE_LOOP('',(#2211,#2212,#2213,#2214));
#4403=EDGE_LOOP('',(#2215,#2216,#2217,#2218));
#4404=EDGE_LOOP('',(#2219,#2220,#2221,#2222));
#4405=EDGE_LOOP('',(#2223,#2224,#2225,#2226));
#4406=EDGE_LOOP('',(#2227,#2228,#2229,#2230));
#4407=EDGE_LOOP('',(#2231,#2232,#2233,#2234));
#4408=EDGE_LOOP('',(#2235,#2236,#2237,#2238));
#4409=EDGE_LOOP('',(#2239,#2240,#2241,#2242));
#4410=EDGE_LOOP('',(#2243,#2244,#2245,#2246));
#4411=EDGE_LOOP('',(#2247,#2248,#2249,#2250));
#4412=EDGE_LOOP('',(#2251,#2252,#2253,#2254));
#4413=EDGE_LOOP('',(#2255,#2256,#2257,#2258));
#4414=EDGE_LOOP('',(#2259,#2260,#2261,#2262));
#4415=EDGE_LOOP('',(#2263,#2264,#2265,#2266));
#4416=EDGE_LOOP('',(#2267,#2268,#2269,#2270));
#4417=EDGE_LOOP('',(#2271,#2272,#2273,#2274));
#4418=EDGE_LOOP('',(#2275,#2276,#2277,#2278));
#4419=EDGE_LOOP('',(#2279,#2280,#2281,#2282));
#4420=EDGE_LOOP('',(#2283));
#4421=EDGE_LOOP('',(#2284));
#4422=EDGE_LOOP('',(#2285,#2286,#2287,#2288,#2289,#2290,#2291,#2292,#2293,
#2294,#2295,#2296,#2297,#2298));
#4423=EDGE_LOOP('',(#2299,#2300,#2301,#2302));
#4424=EDGE_LOOP('',(#2303,#2304,#2305,#2306,#2307,#2308,#2309,#2310,#2311,
#2312,#2313,#2314,#2315,#2316));
#4425=EDGE_LOOP('',(#2317,#2318,#2319,#2320));
#4426=EDGE_LOOP('',(#2321,#2322,#2323,#2324));
#4427=EDGE_LOOP('',(#2325,#2326,#2327,#2328));
#4428=EDGE_LOOP('',(#2329,#2330,#2331,#2332));
#4429=EDGE_LOOP('',(#2333,#2334,#2335,#2336));
#4430=EDGE_LOOP('',(#2337,#2338,#2339,#2340));
#4431=EDGE_LOOP('',(#2341,#2342,#2343,#2344));
#4432=EDGE_LOOP('',(#2345,#2346,#2347,#2348));
#4433=EDGE_LOOP('',(#2349,#2350,#2351,#2352));
#4434=EDGE_LOOP('',(#2353,#2354,#2355,#2356));
#4435=EDGE_LOOP('',(#2357,#2358,#2359,#2360));
#4436=EDGE_LOOP('',(#2361,#2362,#2363,#2364));
#4437=EDGE_LOOP('',(#2365,#2366,#2367,#2368));
#4438=EDGE_LOOP('',(#2369,#2370,#2371,#2372));
#4439=EDGE_LOOP('',(#2373,#2374,#2375,#2376));
#4440=EDGE_LOOP('',(#2377,#2378,#2379,#2380));
#4441=EDGE_LOOP('',(#2381,#2382,#2383,#2384));
#4442=EDGE_LOOP('',(#2385,#2386,#2387,#2388));
#4443=EDGE_LOOP('',(#2389,#2390,#2391,#2392));
#4444=EDGE_LOOP('',(#2393));
#4445=EDGE_LOOP('',(#2394));
#4446=EDGE_LOOP('',(#2395,#2396));
#4447=EDGE_LOOP('',(#2397));
#4448=EDGE_LOOP('',(#2398,#2399,#2400,#2401));
#4449=EDGE_LOOP('',(#2402));
#4450=EDGE_LOOP('',(#2403));
#4451=EDGE_LOOP('',(#2404,#2405));
#4452=EDGE_LOOP('',(#2406));
#4453=EDGE_LOOP('',(#2407,#2408,#2409,#2410));
#4454=EDGE_LOOP('',(#2411));
#4455=EDGE_LOOP('',(#2412));
#4456=EDGE_LOOP('',(#2413,#2414,#2415,#2416));
#4457=EDGE_LOOP('',(#2417,#2418,#2419,#2420));
#4458=EDGE_LOOP('',(#2421,#2422,#2423,#2424));
#4459=EDGE_LOOP('',(#2425,#2426,#2427,#2428));
#4460=EDGE_LOOP('',(#2429,#2430,#2431,#2432));
#4461=EDGE_LOOP('',(#2433,#2434,#2435,#2436));
#4462=EDGE_LOOP('',(#2437,#2438,#2439,#2440));
#4463=EDGE_LOOP('',(#2441,#2442,#2443,#2444));
#4464=EDGE_LOOP('',(#2445,#2446,#2447,#2448));
#4465=EDGE_LOOP('',(#2449,#2450,#2451,#2452));
#4466=EDGE_LOOP('',(#2453));
#4467=EDGE_LOOP('',(#2454));
#4468=EDGE_LOOP('',(#2455,#2456,#2457,#2458));
#4469=EDGE_LOOP('',(#2459,#2460,#2461,#2462));
#4470=EDGE_LOOP('',(#2463));
#4471=EDGE_LOOP('',(#2464));
#4472=EDGE_LOOP('',(#2465));
#4473=EDGE_LOOP('',(#2466));
#4474=EDGE_LOOP('',(#2467));
#4475=EDGE_LOOP('',(#2468));
#4476=EDGE_LOOP('',(#2469));
#4477=EDGE_LOOP('',(#2470));
#4478=EDGE_LOOP('',(#2471));
#4479=EDGE_LOOP('',(#2472,#2473,#2474,#2475));
#4480=EDGE_LOOP('',(#2476));
#4481=EDGE_LOOP('',(#2477));
#4482=EDGE_LOOP('',(#2478));
#4483=EDGE_LOOP('',(#2479));
#4484=EDGE_LOOP('',(#2480));
#4485=EDGE_LOOP('',(#2481,#2482,#2483,#2484));
#4486=EDGE_LOOP('',(#2485,#2486,#2487,#2488));
#4487=EDGE_LOOP('',(#2489,#2490,#2491,#2492));
#4488=EDGE_LOOP('',(#2493,#2494,#2495,#2496));
#4489=EDGE_LOOP('',(#2497,#2498,#2499,#2500));
#4490=EDGE_LOOP('',(#2501));
#4491=EDGE_LOOP('',(#2502));
#4492=EDGE_LOOP('',(#2503));
#4493=EDGE_LOOP('',(#2504));
#4494=EDGE_LOOP('',(#2505));
#4495=EDGE_LOOP('',(#2506));
#4496=EDGE_LOOP('',(#2507));
#4497=EDGE_LOOP('',(#2508));
#4498=EDGE_LOOP('',(#2509));
#4499=EDGE_LOOP('',(#2510));
#4500=EDGE_LOOP('',(#2511));
#4501=EDGE_LOOP('',(#2512));
#4502=EDGE_LOOP('',(#2513));
#4503=EDGE_LOOP('',(#2514));
#4504=EDGE_LOOP('',(#2515));
#4505=EDGE_LOOP('',(#2516));
#4506=EDGE_LOOP('',(#2517));
#4507=EDGE_LOOP('',(#2518));
#4508=EDGE_LOOP('',(#2519));
#4509=EDGE_LOOP('',(#2520));
#4510=EDGE_LOOP('',(#2521));
#4511=EDGE_LOOP('',(#2522));
#4512=EDGE_LOOP('',(#2523));
#4513=EDGE_LOOP('',(#2524));
#4514=FACE_BOUND('',#4062,.T.);
#4515=FACE_BOUND('',#4063,.T.);
#4516=FACE_BOUND('',#4064,.T.);
#4517=FACE_BOUND('',#4065,.T.);
#4518=FACE_BOUND('',#4066,.T.);
#4519=FACE_BOUND('',#4067,.T.);
#4520=FACE_BOUND('',#4068,.T.);
#4521=FACE_BOUND('',#4069,.T.);
#4522=FACE_BOUND('',#4070,.T.);
#4523=FACE_BOUND('',#4071,.T.);
#4524=FACE_BOUND('',#4072,.T.);
#4525=FACE_BOUND('',#4073,.T.);
#4526=FACE_BOUND('',#4074,.T.);
#4527=FACE_BOUND('',#4075,.T.);
#4528=FACE_BOUND('',#4076,.T.);
#4529=FACE_BOUND('',#4077,.T.);
#4530=FACE_BOUND('',#4078,.T.);
#4531=FACE_BOUND('',#4079,.T.);
#4532=FACE_BOUND('',#4080,.T.);
#4533=FACE_BOUND('',#4081,.T.);
#4534=FACE_BOUND('',#4082,.T.);
#4535=FACE_BOUND('',#4083,.T.);
#4536=FACE_BOUND('',#4084,.T.);
#4537=FACE_BOUND('',#4085,.T.);
#4538=FACE_BOUND('',#4086,.T.);
#4539=FACE_BOUND('',#4087,.T.);
#4540=FACE_BOUND('',#4088,.T.);
#4541=FACE_BOUND('',#4089,.T.);
#4542=FACE_BOUND('',#4090,.T.);
#4543=FACE_BOUND('',#4091,.T.);
#4544=FACE_BOUND('',#4092,.T.);
#4545=FACE_BOUND('',#4093,.T.);
#4546=FACE_BOUND('',#4094,.T.);
#4547=FACE_BOUND('',#4095,.T.);
#4548=FACE_BOUND('',#4096,.T.);
#4549=FACE_BOUND('',#4097,.T.);
#4550=FACE_BOUND('',#4098,.T.);
#4551=FACE_BOUND('',#4099,.T.);
#4552=FACE_BOUND('',#4100,.T.);
#4553=FACE_BOUND('',#4101,.T.);
#4554=FACE_BOUND('',#4102,.T.);
#4555=FACE_BOUND('',#4103,.T.);
#4556=FACE_BOUND('',#4104,.T.);
#4557=FACE_BOUND('',#4105,.T.);
#4558=FACE_BOUND('',#4106,.T.);
#4559=FACE_BOUND('',#4107,.T.);
#4560=FACE_BOUND('',#4108,.T.);
#4561=FACE_BOUND('',#4109,.T.);
#4562=FACE_BOUND('',#4110,.T.);
#4563=FACE_BOUND('',#4111,.T.);
#4564=FACE_BOUND('',#4112,.T.);
#4565=FACE_BOUND('',#4113,.T.);
#4566=FACE_BOUND('',#4114,.T.);
#4567=FACE_BOUND('',#4115,.T.);
#4568=FACE_BOUND('',#4116,.T.);
#4569=FACE_BOUND('',#4117,.T.);
#4570=FACE_BOUND('',#4118,.T.);
#4571=FACE_BOUND('',#4119,.T.);
#4572=FACE_BOUND('',#4120,.T.);
#4573=FACE_BOUND('',#4121,.T.);
#4574=FACE_BOUND('',#4122,.T.);
#4575=FACE_BOUND('',#4123,.T.);
#4576=FACE_BOUND('',#4124,.T.);
#4577=FACE_BOUND('',#4125,.T.);
#4578=FACE_BOUND('',#4126,.T.);
#4579=FACE_BOUND('',#4127,.T.);
#4580=FACE_BOUND('',#4128,.T.);
#4581=FACE_BOUND('',#4129,.T.);
#4582=FACE_BOUND('',#4130,.T.);
#4583=FACE_BOUND('',#4131,.T.);
#4584=FACE_BOUND('',#4132,.T.);
#4585=FACE_BOUND('',#4133,.T.);
#4586=FACE_BOUND('',#4134,.T.);
#4587=FACE_BOUND('',#4135,.T.);
#4588=FACE_BOUND('',#4136,.T.);
#4589=FACE_BOUND('',#4137,.T.);
#4590=FACE_BOUND('',#4138,.T.);
#4591=FACE_BOUND('',#4139,.T.);
#4592=FACE_BOUND('',#4140,.T.);
#4593=FACE_BOUND('',#4141,.T.);
#4594=FACE_BOUND('',#4142,.T.);
#4595=FACE_BOUND('',#4143,.T.);
#4596=FACE_BOUND('',#4144,.T.);
#4597=FACE_BOUND('',#4145,.T.);
#4598=FACE_BOUND('',#4146,.T.);
#4599=FACE_BOUND('',#4147,.T.);
#4600=FACE_BOUND('',#4148,.T.);
#4601=FACE_BOUND('',#4149,.T.);
#4602=FACE_BOUND('',#4150,.T.);
#4603=FACE_BOUND('',#4151,.T.);
#4604=FACE_BOUND('',#4152,.T.);
#4605=FACE_BOUND('',#4153,.T.);
#4606=FACE_BOUND('',#4154,.T.);
#4607=FACE_BOUND('',#4155,.T.);
#4608=FACE_BOUND('',#4156,.T.);
#4609=FACE_BOUND('',#4157,.T.);
#4610=FACE_BOUND('',#4158,.T.);
#4611=FACE_BOUND('',#4159,.T.);
#4612=FACE_BOUND('',#4160,.T.);
#4613=FACE_BOUND('',#4161,.T.);
#4614=FACE_BOUND('',#4162,.T.);
#4615=FACE_BOUND('',#4163,.T.);
#4616=FACE_BOUND('',#4164,.T.);
#4617=FACE_BOUND('',#4165,.T.);
#4618=FACE_BOUND('',#4166,.T.);
#4619=FACE_BOUND('',#4167,.T.);
#4620=FACE_BOUND('',#4168,.T.);
#4621=FACE_BOUND('',#4169,.T.);
#4622=FACE_BOUND('',#4170,.T.);
#4623=FACE_BOUND('',#4171,.T.);
#4624=FACE_BOUND('',#4172,.T.);
#4625=FACE_BOUND('',#4173,.T.);
#4626=FACE_BOUND('',#4174,.T.);
#4627=FACE_BOUND('',#4175,.T.);
#4628=FACE_BOUND('',#4176,.T.);
#4629=FACE_BOUND('',#4177,.T.);
#4630=FACE_BOUND('',#4178,.T.);
#4631=FACE_BOUND('',#4179,.T.);
#4632=FACE_BOUND('',#4180,.T.);
#4633=FACE_BOUND('',#4181,.T.);
#4634=FACE_BOUND('',#4182,.T.);
#4635=FACE_BOUND('',#4183,.T.);
#4636=FACE_BOUND('',#4184,.T.);
#4637=FACE_BOUND('',#4185,.T.);
#4638=FACE_BOUND('',#4186,.T.);
#4639=FACE_BOUND('',#4187,.T.);
#4640=FACE_BOUND('',#4188,.T.);
#4641=FACE_BOUND('',#4189,.T.);
#4642=FACE_BOUND('',#4190,.T.);
#4643=FACE_BOUND('',#4191,.T.);
#4644=FACE_BOUND('',#4192,.T.);
#4645=FACE_BOUND('',#4193,.T.);
#4646=FACE_BOUND('',#4194,.T.);
#4647=FACE_BOUND('',#4195,.T.);
#4648=FACE_BOUND('',#4196,.T.);
#4649=FACE_BOUND('',#4197,.T.);
#4650=FACE_BOUND('',#4198,.T.);
#4651=FACE_BOUND('',#4199,.T.);
#4652=FACE_BOUND('',#4200,.T.);
#4653=FACE_BOUND('',#4201,.T.);
#4654=FACE_BOUND('',#4202,.T.);
#4655=FACE_BOUND('',#4203,.T.);
#4656=FACE_BOUND('',#4204,.T.);
#4657=FACE_BOUND('',#4205,.T.);
#4658=FACE_BOUND('',#4206,.T.);
#4659=FACE_BOUND('',#4207,.T.);
#4660=FACE_BOUND('',#4208,.T.);
#4661=FACE_BOUND('',#4209,.T.);
#4662=FACE_BOUND('',#4210,.T.);
#4663=FACE_BOUND('',#4211,.T.);
#4664=FACE_BOUND('',#4212,.T.);
#4665=FACE_BOUND('',#4213,.T.);
#4666=FACE_BOUND('',#4214,.T.);
#4667=FACE_BOUND('',#4215,.T.);
#4668=FACE_BOUND('',#4216,.T.);
#4669=FACE_BOUND('',#4217,.T.);
#4670=FACE_BOUND('',#4218,.T.);
#4671=FACE_BOUND('',#4219,.T.);
#4672=FACE_BOUND('',#4220,.T.);
#4673=FACE_BOUND('',#4221,.T.);
#4674=FACE_BOUND('',#4222,.T.);
#4675=FACE_BOUND('',#4223,.T.);
#4676=FACE_BOUND('',#4224,.T.);
#4677=FACE_BOUND('',#4225,.T.);
#4678=FACE_BOUND('',#4226,.T.);
#4679=FACE_BOUND('',#4227,.T.);
#4680=FACE_BOUND('',#4228,.T.);
#4681=FACE_BOUND('',#4229,.T.);
#4682=FACE_BOUND('',#4230,.T.);
#4683=FACE_BOUND('',#4231,.T.);
#4684=FACE_BOUND('',#4232,.T.);
#4685=FACE_BOUND('',#4233,.T.);
#4686=FACE_BOUND('',#4234,.T.);
#4687=FACE_BOUND('',#4235,.T.);
#4688=FACE_BOUND('',#4236,.T.);
#4689=FACE_BOUND('',#4237,.T.);
#4690=FACE_BOUND('',#4238,.T.);
#4691=FACE_BOUND('',#4239,.T.);
#4692=FACE_BOUND('',#4240,.T.);
#4693=FACE_BOUND('',#4241,.T.);
#4694=FACE_BOUND('',#4242,.T.);
#4695=FACE_BOUND('',#4243,.T.);
#4696=FACE_BOUND('',#4244,.T.);
#4697=FACE_BOUND('',#4245,.T.);
#4698=FACE_BOUND('',#4246,.T.);
#4699=FACE_BOUND('',#4247,.T.);
#4700=FACE_BOUND('',#4248,.T.);
#4701=FACE_BOUND('',#4249,.T.);
#4702=FACE_BOUND('',#4250,.T.);
#4703=FACE_BOUND('',#4251,.T.);
#4704=FACE_BOUND('',#4252,.T.);
#4705=FACE_BOUND('',#4253,.T.);
#4706=FACE_BOUND('',#4254,.T.);
#4707=FACE_BOUND('',#4255,.T.);
#4708=FACE_BOUND('',#4256,.T.);
#4709=FACE_BOUND('',#4257,.T.);
#4710=FACE_BOUND('',#4258,.T.);
#4711=FACE_BOUND('',#4259,.T.);
#4712=FACE_BOUND('',#4260,.T.);
#4713=FACE_BOUND('',#4261,.T.);
#4714=FACE_BOUND('',#4262,.T.);
#4715=FACE_BOUND('',#4263,.T.);
#4716=FACE_BOUND('',#4264,.T.);
#4717=FACE_BOUND('',#4265,.T.);
#4718=FACE_BOUND('',#4266,.T.);
#4719=FACE_BOUND('',#4267,.T.);
#4720=FACE_BOUND('',#4268,.T.);
#4721=FACE_BOUND('',#4269,.T.);
#4722=FACE_BOUND('',#4270,.T.);
#4723=FACE_BOUND('',#4271,.T.);
#4724=FACE_BOUND('',#4272,.T.);
#4725=FACE_BOUND('',#4273,.T.);
#4726=FACE_BOUND('',#4274,.T.);
#4727=FACE_BOUND('',#4275,.T.);
#4728=FACE_BOUND('',#4276,.T.);
#4729=FACE_BOUND('',#4277,.T.);
#4730=FACE_BOUND('',#4278,.T.);
#4731=FACE_BOUND('',#4279,.T.);
#4732=FACE_BOUND('',#4280,.T.);
#4733=FACE_BOUND('',#4281,.T.);
#4734=FACE_BOUND('',#4282,.T.);
#4735=FACE_BOUND('',#4283,.T.);
#4736=FACE_BOUND('',#4284,.T.);
#4737=FACE_BOUND('',#4285,.T.);
#4738=FACE_BOUND('',#4286,.T.);
#4739=FACE_BOUND('',#4287,.T.);
#4740=FACE_BOUND('',#4288,.T.);
#4741=FACE_BOUND('',#4289,.T.);
#4742=FACE_BOUND('',#4290,.T.);
#4743=FACE_BOUND('',#4291,.T.);
#4744=FACE_BOUND('',#4292,.T.);
#4745=FACE_BOUND('',#4293,.T.);
#4746=FACE_BOUND('',#4294,.T.);
#4747=FACE_BOUND('',#4295,.T.);
#4748=FACE_BOUND('',#4296,.T.);
#4749=FACE_BOUND('',#4297,.T.);
#4750=FACE_BOUND('',#4298,.T.);
#4751=FACE_BOUND('',#4299,.T.);
#4752=FACE_BOUND('',#4300,.T.);
#4753=FACE_BOUND('',#4301,.T.);
#4754=FACE_BOUND('',#4302,.T.);
#4755=FACE_BOUND('',#4303,.T.);
#4756=FACE_BOUND('',#4304,.T.);
#4757=FACE_BOUND('',#4305,.T.);
#4758=FACE_BOUND('',#4306,.T.);
#4759=FACE_BOUND('',#4307,.T.);
#4760=FACE_BOUND('',#4308,.T.);
#4761=FACE_BOUND('',#4309,.T.);
#4762=FACE_BOUND('',#4310,.T.);
#4763=FACE_BOUND('',#4311,.T.);
#4764=FACE_BOUND('',#4312,.T.);
#4765=FACE_BOUND('',#4313,.T.);
#4766=FACE_BOUND('',#4314,.T.);
#4767=FACE_BOUND('',#4315,.T.);
#4768=FACE_BOUND('',#4316,.T.);
#4769=FACE_BOUND('',#4317,.T.);
#4770=FACE_BOUND('',#4318,.T.);
#4771=FACE_BOUND('',#4319,.T.);
#4772=FACE_BOUND('',#4320,.T.);
#4773=FACE_BOUND('',#4321,.T.);
#4774=FACE_BOUND('',#4322,.T.);
#4775=FACE_BOUND('',#4323,.T.);
#4776=FACE_BOUND('',#4324,.T.);
#4777=FACE_BOUND('',#4325,.T.);
#4778=FACE_BOUND('',#4326,.T.);
#4779=FACE_BOUND('',#4327,.T.);
#4780=FACE_BOUND('',#4328,.T.);
#4781=FACE_BOUND('',#4329,.T.);
#4782=FACE_BOUND('',#4330,.T.);
#4783=FACE_BOUND('',#4331,.T.);
#4784=FACE_BOUND('',#4332,.T.);
#4785=FACE_BOUND('',#4333,.T.);
#4786=FACE_BOUND('',#4334,.T.);
#4787=FACE_BOUND('',#4335,.T.);
#4788=FACE_BOUND('',#4336,.T.);
#4789=FACE_BOUND('',#4337,.T.);
#4790=FACE_BOUND('',#4338,.T.);
#4791=FACE_BOUND('',#4339,.T.);
#4792=FACE_BOUND('',#4340,.T.);
#4793=FACE_BOUND('',#4341,.T.);
#4794=FACE_BOUND('',#4342,.T.);
#4795=FACE_BOUND('',#4343,.T.);
#4796=FACE_BOUND('',#4344,.T.);
#4797=FACE_BOUND('',#4345,.T.);
#4798=FACE_BOUND('',#4346,.T.);
#4799=FACE_BOUND('',#4347,.T.);
#4800=FACE_BOUND('',#4348,.T.);
#4801=FACE_BOUND('',#4349,.T.);
#4802=FACE_BOUND('',#4350,.T.);
#4803=FACE_BOUND('',#4351,.T.);
#4804=FACE_BOUND('',#4352,.T.);
#4805=FACE_BOUND('',#4353,.T.);
#4806=FACE_BOUND('',#4354,.T.);
#4807=FACE_BOUND('',#4355,.T.);
#4808=FACE_BOUND('',#4356,.T.);
#4809=FACE_BOUND('',#4357,.T.);
#4810=FACE_BOUND('',#4358,.T.);
#4811=FACE_BOUND('',#4359,.T.);
#4812=FACE_BOUND('',#4360,.T.);
#4813=FACE_BOUND('',#4361,.T.);
#4814=FACE_BOUND('',#4362,.T.);
#4815=FACE_BOUND('',#4363,.T.);
#4816=FACE_BOUND('',#4364,.T.);
#4817=FACE_BOUND('',#4365,.T.);
#4818=FACE_BOUND('',#4366,.T.);
#4819=FACE_BOUND('',#4367,.T.);
#4820=FACE_BOUND('',#4368,.T.);
#4821=FACE_BOUND('',#4369,.T.);
#4822=FACE_BOUND('',#4370,.T.);
#4823=FACE_BOUND('',#4371,.T.);
#4824=FACE_BOUND('',#4372,.T.);
#4825=FACE_BOUND('',#4373,.T.);
#4826=FACE_BOUND('',#4374,.T.);
#4827=FACE_BOUND('',#4375,.T.);
#4828=FACE_BOUND('',#4376,.T.);
#4829=FACE_BOUND('',#4377,.T.);
#4830=FACE_BOUND('',#4378,.T.);
#4831=FACE_BOUND('',#4379,.T.);
#4832=FACE_BOUND('',#4380,.T.);
#4833=FACE_BOUND('',#4381,.T.);
#4834=FACE_BOUND('',#4382,.T.);
#4835=FACE_BOUND('',#4383,.T.);
#4836=FACE_BOUND('',#4384,.T.);
#4837=FACE_BOUND('',#4385,.T.);
#4838=FACE_BOUND('',#4386,.T.);
#4839=FACE_BOUND('',#4387,.T.);
#4840=FACE_BOUND('',#4388,.T.);
#4841=FACE_BOUND('',#4389,.T.);
#4842=FACE_BOUND('',#4390,.T.);
#4843=FACE_BOUND('',#4391,.T.);
#4844=FACE_BOUND('',#4392,.T.);
#4845=FACE_BOUND('',#4393,.T.);
#4846=FACE_BOUND('',#4394,.T.);
#4847=FACE_BOUND('',#4395,.T.);
#4848=FACE_BOUND('',#4396,.T.);
#4849=FACE_BOUND('',#4397,.T.);
#4850=FACE_BOUND('',#4398,.T.);
#4851=FACE_BOUND('',#4399,.T.);
#4852=FACE_BOUND('',#4400,.T.);
#4853=FACE_BOUND('',#4401,.T.);
#4854=FACE_BOUND('',#4402,.T.);
#4855=FACE_BOUND('',#4403,.T.);
#4856=FACE_BOUND('',#4404,.T.);
#4857=FACE_BOUND('',#4405,.T.);
#4858=FACE_BOUND('',#4406,.T.);
#4859=FACE_BOUND('',#4407,.T.);
#4860=FACE_BOUND('',#4408,.T.);
#4861=FACE_BOUND('',#4409,.T.);
#4862=FACE_BOUND('',#4410,.T.);
#4863=FACE_BOUND('',#4411,.T.);
#4864=FACE_BOUND('',#4412,.T.);
#4865=FACE_BOUND('',#4413,.T.);
#4866=FACE_BOUND('',#4414,.T.);
#4867=FACE_BOUND('',#4415,.T.);
#4868=FACE_BOUND('',#4416,.T.);
#4869=FACE_BOUND('',#4417,.T.);
#4870=FACE_BOUND('',#4418,.T.);
#4871=FACE_BOUND('',#4419,.T.);
#4872=FACE_BOUND('',#4420,.T.);
#4873=FACE_BOUND('',#4421,.T.);
#4874=FACE_BOUND('',#4422,.T.);
#4875=FACE_BOUND('',#4423,.T.);
#4876=FACE_BOUND('',#4424,.T.);
#4877=FACE_BOUND('',#4425,.T.);
#4878=FACE_BOUND('',#4426,.T.);
#4879=FACE_BOUND('',#4427,.T.);
#4880=FACE_BOUND('',#4428,.T.);
#4881=FACE_BOUND('',#4429,.T.);
#4882=FACE_BOUND('',#4430,.T.);
#4883=FACE_BOUND('',#4431,.T.);
#4884=FACE_BOUND('',#4432,.T.);
#4885=FACE_BOUND('',#4433,.T.);
#4886=FACE_BOUND('',#4434,.T.);
#4887=FACE_BOUND('',#4435,.T.);
#4888=FACE_BOUND('',#4436,.T.);
#4889=FACE_BOUND('',#4437,.T.);
#4890=FACE_BOUND('',#4438,.T.);
#4891=FACE_BOUND('',#4439,.T.);
#4892=FACE_BOUND('',#4440,.T.);
#4893=FACE_BOUND('',#4441,.T.);
#4894=FACE_BOUND('',#4442,.T.);
#4895=FACE_BOUND('',#4443,.T.);
#4896=FACE_BOUND('',#4444,.T.);
#4897=FACE_BOUND('',#4445,.T.);
#4898=FACE_BOUND('',#4446,.T.);
#4899=FACE_BOUND('',#4447,.T.);
#4900=FACE_BOUND('',#4448,.T.);
#4901=FACE_BOUND('',#4449,.T.);
#4902=FACE_BOUND('',#4450,.T.);
#4903=FACE_BOUND('',#4451,.T.);
#4904=FACE_BOUND('',#4452,.T.);
#4905=FACE_BOUND('',#4453,.T.);
#4906=FACE_BOUND('',#4454,.T.);
#4907=FACE_BOUND('',#4455,.T.);
#4908=FACE_BOUND('',#4456,.T.);
#4909=FACE_BOUND('',#4457,.T.);
#4910=FACE_BOUND('',#4458,.T.);
#4911=FACE_BOUND('',#4459,.T.);
#4912=FACE_BOUND('',#4460,.T.);
#4913=FACE_BOUND('',#4461,.T.);
#4914=FACE_BOUND('',#4462,.T.);
#4915=FACE_BOUND('',#4463,.T.);
#4916=FACE_BOUND('',#4464,.T.);
#4917=FACE_BOUND('',#4465,.T.);
#4918=FACE_BOUND('',#4466,.T.);
#4919=FACE_BOUND('',#4467,.T.);
#4920=FACE_BOUND('',#4468,.T.);
#4921=FACE_BOUND('',#4469,.T.);
#4922=FACE_BOUND('',#4470,.T.);
#4923=FACE_BOUND('',#4471,.T.);
#4924=FACE_BOUND('',#4472,.T.);
#4925=FACE_BOUND('',#4473,.T.);
#4926=FACE_BOUND('',#4474,.T.);
#4927=FACE_BOUND('',#4475,.T.);
#4928=FACE_BOUND('',#4476,.T.);
#4929=FACE_BOUND('',#4477,.T.);
#4930=FACE_BOUND('',#4478,.T.);
#4931=FACE_BOUND('',#4479,.T.);
#4932=FACE_BOUND('',#4480,.T.);
#4933=FACE_BOUND('',#4481,.T.);
#4934=FACE_BOUND('',#4482,.T.);
#4935=FACE_BOUND('',#4483,.T.);
#4936=FACE_BOUND('',#4484,.T.);
#4937=FACE_BOUND('',#4485,.T.);
#4938=FACE_BOUND('',#4486,.T.);
#4939=FACE_BOUND('',#4487,.T.);
#4940=FACE_BOUND('',#4488,.T.);
#4941=FACE_BOUND('',#4489,.T.);
#4942=FACE_BOUND('',#4490,.T.);
#4943=FACE_BOUND('',#4491,.T.);
#4944=FACE_BOUND('',#4492,.T.);
#4945=FACE_BOUND('',#4493,.T.);
#4946=FACE_BOUND('',#4494,.T.);
#4947=FACE_BOUND('',#4495,.T.);
#4948=FACE_BOUND('',#4496,.T.);
#4949=FACE_BOUND('',#4497,.T.);
#4950=FACE_BOUND('',#4498,.T.);
#4951=FACE_BOUND('',#4499,.T.);
#4952=FACE_BOUND('',#4500,.T.);
#4953=FACE_BOUND('',#4501,.T.);
#4954=FACE_BOUND('',#4502,.T.);
#4955=FACE_BOUND('',#4503,.T.);
#4956=FACE_BOUND('',#4504,.T.);
#4957=FACE_BOUND('',#4505,.T.);
#4958=FACE_BOUND('',#4506,.T.);
#4959=FACE_BOUND('',#4507,.T.);
#4960=FACE_BOUND('',#4508,.T.);
#4961=FACE_BOUND('',#4509,.T.);
#4962=FACE_BOUND('',#4510,.T.);
#4963=FACE_BOUND('',#4511,.T.);
#4964=FACE_BOUND('',#4512,.T.);
#4965=FACE_BOUND('',#4513,.T.);
#4966=PLANE('',#5594);
#4967=PLANE('',#5597);
#4968=PLANE('',#5604);
#4969=PLANE('',#5606);
#4970=PLANE('',#5612);
#4971=PLANE('',#5617);
#4972=PLANE('',#5622);
#4973=PLANE('',#5626);
#4974=PLANE('',#5630);
#4975=PLANE('',#5634);
#4976=PLANE('',#5635);
#4977=PLANE('',#5636);
#4978=PLANE('',#5638);
#4979=PLANE('',#5639);
#4980=PLANE('',#5646);
#4981=PLANE('',#5653);
#4982=PLANE('',#5654);
#4983=PLANE('',#5655);
#4984=PLANE('',#5656);
#4985=PLANE('',#5661);
#4986=PLANE('',#5677);
#4987=PLANE('',#5678);
#4988=PLANE('',#5679);
#4989=PLANE('',#5680);
#4990=PLANE('',#5681);
#4991=PLANE('',#5682);
#4992=PLANE('',#5684);
#4993=PLANE('',#5691);
#4994=PLANE('',#5709);
#4995=PLANE('',#5716);
#4996=PLANE('',#5717);
#4997=PLANE('',#5718);
#4998=PLANE('',#5719);
#4999=PLANE('',#5720);
#5000=PLANE('',#5721);
#5001=PLANE('',#5722);
#5002=PLANE('',#5723);
#5003=PLANE('',#5730);
#5004=PLANE('',#5735);
#5005=PLANE('',#5736);
#5006=PLANE('',#5737);
#5007=PLANE('',#5739);
#5008=PLANE('',#5743);
#5009=PLANE('',#5744);
#5010=PLANE('',#5749);
#5011=PLANE('',#5751);
#5012=PLANE('',#5759);
#5013=PLANE('',#5761);
#5014=PLANE('',#5768);
#5015=PLANE('',#5770);
#5016=PLANE('',#5775);
#5017=PLANE('',#5778);
#5018=PLANE('',#5781);
#5019=PLANE('',#5789);
#5020=PLANE('',#5795);
#5021=PLANE('',#5802);
#5022=PLANE('',#5810);
#5023=PLANE('',#5811);
#5024=PLANE('',#5812);
#5025=PLANE('',#5813);
#5026=PLANE('',#5814);
#5027=PLANE('',#5815);
#5028=PLANE('',#5819);
#5029=PLANE('',#5826);
#5030=PLANE('',#5834);
#5031=PLANE('',#5835);
#5032=PLANE('',#5836);
#5033=PLANE('',#5837);
#5034=PLANE('',#5838);
#5035=PLANE('',#5839);
#5036=PLANE('',#5840);
#5037=PLANE('',#5841);
#5038=PLANE('',#5844);
#5039=PLANE('',#5906);
#5040=PLANE('',#5971);
#5041=PLANE('',#6095);
#5042=PLANE('',#6096);
#5043=PLANE('',#6097);
#5044=PLANE('',#6098);
#5045=PLANE('',#6099);
#5046=PLANE('',#6100);
#5047=PLANE('',#6101);
#5048=PLANE('',#6102);
#5049=PLANE('',#6103);
#5050=PLANE('',#6104);
#5051=PLANE('',#6105);
#5052=PLANE('',#6106);
#5053=PLANE('',#6107);
#5054=PLANE('',#6108);
#5055=PLANE('',#6109);
#5056=PLANE('',#6110);
#5057=PLANE('',#6111);
#5058=PLANE('',#6112);
#5059=PLANE('',#6113);
#5060=PLANE('',#6114);
#5061=PLANE('',#6115);
#5062=PLANE('',#6117);
#5063=PLANE('',#6124);
#5064=PLANE('',#6132);
#5065=PLANE('',#6133);
#5066=PLANE('',#6134);
#5067=PLANE('',#6135);
#5068=PLANE('',#6136);
#5069=PLANE('',#6137);
#5070=PLANE('',#6138);
#5071=PLANE('',#6139);
#5072=PLANE('',#6142);
#5073=PLANE('',#6150);
#5074=PLANE('',#6159);
#5075=PLANE('',#6160);
#5076=PLANE('',#6161);
#5077=PLANE('',#6162);
#5078=PLANE('',#6163);
#5079=PLANE('',#6166);
#5080=PLANE('',#6169);
#5081=PLANE('',#6172);
#5082=PLANE('',#6175);
#5083=PLANE('',#6178);
#5084=PLANE('',#6181);
#5085=PLANE('',#6184);
#5086=PLANE('',#6187);
#5087=ADVANCED_FACE('',(#4514,#4515),#4966,.T.);
#5088=ADVANCED_FACE('',(#4516,#4517),#4967,.F.);
#5089=ADVANCED_FACE('',(#4518,#4519),#933,.F.);
#5090=ADVANCED_FACE('',(#4520,#4521),#934,.T.);
#5091=ADVANCED_FACE('',(#4522,#4523),#4968,.T.);
#5092=ADVANCED_FACE('',(#4524,#4525),#4969,.F.);
#5093=ADVANCED_FACE('',(#4526,#4527),#935,.T.);
#5094=ADVANCED_FACE('',(#4528,#4529),#936,.F.);
#5095=ADVANCED_FACE('',(#4530,#4531),#4970,.T.);
#5096=ADVANCED_FACE('',(#4532,#4533),#937,.T.);
#5097=ADVANCED_FACE('',(#4534,#4535),#938,.F.);
#5098=ADVANCED_FACE('',(#4536,#4537),#4971,.T.);
#5099=ADVANCED_FACE('',(#4538),#939,.T.);
#5100=ADVANCED_FACE('',(#4539),#4972,.T.);
#5101=ADVANCED_FACE('',(#4540),#940,.T.);
#5102=ADVANCED_FACE('',(#4541),#4973,.F.);
#5103=ADVANCED_FACE('',(#4542),#941,.F.);
#5104=ADVANCED_FACE('',(#4543),#4974,.T.);
#5105=ADVANCED_FACE('',(#4544),#942,.F.);
#5106=ADVANCED_FACE('',(#4545),#4975,.T.);
#5107=ADVANCED_FACE('',(#4546,#4547),#4976,.T.);
#5108=ADVANCED_FACE('',(#4548,#4549),#4977,.F.);
#5109=ADVANCED_FACE('',(#4550),#4978,.T.);
#5110=ADVANCED_FACE('',(#4551,#4552,#4553,#4554,#4555),#4979,.T.);
#5111=ADVANCED_FACE('',(#4556,#4557,#4558,#4559,#4560),#4980,.F.);
#5112=ADVANCED_FACE('',(#4561),#4981,.T.);
#5113=ADVANCED_FACE('',(#4562),#4982,.F.);
#5114=ADVANCED_FACE('',(#4563),#4983,.T.);
#5115=ADVANCED_FACE('',(#4564,#4565,#4566,#4567,#4568),#4984,.T.);
#5116=ADVANCED_FACE('',(#4569,#4570,#4571,#4572,#4573),#4985,.F.);
#5117=ADVANCED_FACE('',(#4574,#4575),#943,.F.);
#5118=ADVANCED_FACE('',(#4576,#4577),#944,.F.);
#5119=ADVANCED_FACE('',(#4578,#4579),#945,.F.);
#5120=ADVANCED_FACE('',(#4580,#4581),#946,.F.);
#5121=ADVANCED_FACE('',(#4582,#4583),#947,.F.);
#5122=ADVANCED_FACE('',(#4584,#4585),#948,.F.);
#5123=ADVANCED_FACE('',(#4586,#4587),#949,.F.);
#5124=ADVANCED_FACE('',(#4588,#4589),#950,.F.);
#5125=ADVANCED_FACE('',(#4590),#951,.T.);
#5126=ADVANCED_FACE('',(#4591),#952,.T.);
#5127=ADVANCED_FACE('',(#4592),#4986,.T.);
#5128=ADVANCED_FACE('',(#4593),#4987,.F.);
#5129=ADVANCED_FACE('',(#4594),#4988,.F.);
#5130=ADVANCED_FACE('',(#4595),#4989,.T.);
#5131=ADVANCED_FACE('',(#4596),#4990,.T.);
#5132=ADVANCED_FACE('',(#4597),#4991,.F.);
#5133=ADVANCED_FACE('',(#4598,#4599,#4600,#4601,#4602,#4603),#4992,.T.);
#5134=ADVANCED_FACE('',(#4604,#4605),#4993,.F.);
#5135=ADVANCED_FACE('',(#4606),#953,.F.);
#5136=ADVANCED_FACE('',(#4607),#954,.F.);
#5137=ADVANCED_FACE('',(#4608),#955,.F.);
#5138=ADVANCED_FACE('',(#4609),#956,.F.);
#5139=ADVANCED_FACE('',(#4610,#4611),#4994,.T.);
#5140=ADVANCED_FACE('',(#4612),#957,.T.);
#5141=ADVANCED_FACE('',(#4613),#4995,.T.);
#5142=ADVANCED_FACE('',(#4614),#4996,.F.);
#5143=ADVANCED_FACE('',(#4615),#4997,.T.);
#5144=ADVANCED_FACE('',(#4616),#4998,.F.);
#5145=ADVANCED_FACE('',(#4617),#4999,.F.);
#5146=ADVANCED_FACE('',(#4618),#5000,.T.);
#5147=ADVANCED_FACE('',(#4619,#4620),#5001,.T.);
#5148=ADVANCED_FACE('',(#4621),#5002,.F.);
#5149=ADVANCED_FACE('',(#4622,#4623),#958,.F.);
#5150=ADVANCED_FACE('',(#4624,#4625),#959,.F.);
#5151=ADVANCED_FACE('',(#4626,#4627),#960,.F.);
#5152=ADVANCED_FACE('',(#4628,#4629),#961,.F.);
#5153=ADVANCED_FACE('',(#4630,#4631),#962,.F.);
#5154=ADVANCED_FACE('',(#4632),#5003,.T.);
#5155=ADVANCED_FACE('',(#4633,#4634),#963,.T.);
#5156=ADVANCED_FACE('',(#4635),#5004,.F.);
#5157=ADVANCED_FACE('',(#4636),#5005,.T.);
#5158=ADVANCED_FACE('',(#4637),#5006,.T.);
#5159=ADVANCED_FACE('',(#4638),#5007,.T.);
#5160=ADVANCED_FACE('',(#4639),#964,.T.);
#5161=ADVANCED_FACE('',(#4640),#5008,.T.);
#5162=ADVANCED_FACE('',(#4641),#5009,.F.);
#5163=ADVANCED_FACE('',(#4642,#4643),#965,.T.);
#5164=ADVANCED_FACE('',(#4644,#4645),#5010,.T.);
#5165=ADVANCED_FACE('',(#4646,#4647),#5011,.F.);
#5166=ADVANCED_FACE('',(#4648,#4649),#966,.F.);
#5167=ADVANCED_FACE('',(#4650,#4651),#967,.T.);
#5168=ADVANCED_FACE('',(#4652,#4653),#5012,.T.);
#5169=ADVANCED_FACE('',(#4654,#4655),#5013,.F.);
#5170=ADVANCED_FACE('',(#4656,#4657),#968,.F.);
#5171=ADVANCED_FACE('',(#4658,#4659),#969,.T.);
#5172=ADVANCED_FACE('',(#4660,#4661),#5014,.F.);
#5173=ADVANCED_FACE('',(#4662,#4663,#4664),#5015,.T.);
#5174=ADVANCED_FACE('',(#4665,#4666),#970,.T.);
#5175=ADVANCED_FACE('',(#4667),#5016,.T.);
#5176=ADVANCED_FACE('',(#4668,#4669),#971,.T.);
#5177=ADVANCED_FACE('',(#4670),#5017,.T.);
#5178=ADVANCED_FACE('',(#4671,#4672),#972,.T.);
#5179=ADVANCED_FACE('',(#4673),#5018,.T.);
#5180=ADVANCED_FACE('',(#4674,#4675,#4676,#4677),#973,.T.);
#5181=ADVANCED_FACE('',(#4678,#4679,#4680,#4681),#974,.F.);
#5182=ADVANCED_FACE('',(#4682,#4683,#4684,#4685,#4686,#4687),#5019,.T.);
#5183=ADVANCED_FACE('',(#4688,#4689,#4690,#4691,#4692,#4693),#5020,.F.);
#5184=ADVANCED_FACE('',(#4694,#4695),#975,.T.);
#5185=ADVANCED_FACE('',(#4696,#4697),#5021,.T.);
#5186=ADVANCED_FACE('',(#4698,#4699),#976,.F.);
#5187=ADVANCED_FACE('',(#4700,#4701),#977,.F.);
#5188=ADVANCED_FACE('',(#4702,#4703),#978,.F.);
#5189=ADVANCED_FACE('',(#4704,#4705),#979,.F.);
#5190=ADVANCED_FACE('',(#4706,#4707),#980,.F.);
#5191=ADVANCED_FACE('',(#4708,#4709),#981,.F.);
#5192=ADVANCED_FACE('',(#4710),#5022,.T.);
#5193=ADVANCED_FACE('',(#4711),#5023,.F.);
#5194=ADVANCED_FACE('',(#4712),#5024,.F.);
#5195=ADVANCED_FACE('',(#4713),#5025,.T.);
#5196=ADVANCED_FACE('',(#4714),#5026,.T.);
#5197=ADVANCED_FACE('',(#4715),#5027,.F.);
#5198=ADVANCED_FACE('',(#4716,#4717,#4718,#4719,#4720,#4721),#5028,.T.);
#5199=ADVANCED_FACE('',(#4722,#4723,#4724,#4725,#4726,#4727),#5029,.F.);
#5200=ADVANCED_FACE('',(#4728),#982,.T.);
#5201=ADVANCED_FACE('',(#4729),#5030,.T.);
#5202=ADVANCED_FACE('',(#4730),#5031,.F.);
#5203=ADVANCED_FACE('',(#4731),#5032,.T.);
#5204=ADVANCED_FACE('',(#4732),#5033,.F.);
#5205=ADVANCED_FACE('',(#4733),#5034,.F.);
#5206=ADVANCED_FACE('',(#4734),#5035,.T.);
#5207=ADVANCED_FACE('',(#4735,#4736),#5036,.T.);
#5208=ADVANCED_FACE('',(#4737),#5037,.F.);
#5209=ADVANCED_FACE('',(#4738,#4739),#983,.F.);
#5210=ADVANCED_FACE('',(#4740),#984,.F.);
#5211=ADVANCED_FACE('',(#4741),#5038,.F.);
#5212=ADVANCED_FACE('',(#4742,#4743),#985,.F.);
#5213=ADVANCED_FACE('',(#4744,#4745),#986,.F.);
#5214=ADVANCED_FACE('',(#4746,#4747),#987,.F.);
#5215=ADVANCED_FACE('',(#4748),#988,.T.);
#5216=ADVANCED_FACE('',(#4749),#989,.T.);
#5217=ADVANCED_FACE('',(#4750),#990,.T.);
#5218=ADVANCED_FACE('',(#4751),#991,.T.);
#5219=ADVANCED_FACE('',(#4752),#992,.T.);
#5220=ADVANCED_FACE('',(#4753),#993,.T.);
#5221=ADVANCED_FACE('',(#4754),#994,.T.);
#5222=ADVANCED_FACE('',(#4755),#995,.T.);
#5223=ADVANCED_FACE('',(#4756),#996,.T.);
#5224=ADVANCED_FACE('',(#4757),#997,.T.);
#5225=ADVANCED_FACE('',(#4758),#998,.T.);
#5226=ADVANCED_FACE('',(#4759),#999,.T.);
#5227=ADVANCED_FACE('',(#4760),#1000,.T.);
#5228=ADVANCED_FACE('',(#4761),#1001,.T.);
#5229=ADVANCED_FACE('',(#4762),#1002,.T.);
#5230=ADVANCED_FACE('',(#4763),#1003,.T.);
#5231=ADVANCED_FACE('',(#4764),#1004,.T.);
#5232=ADVANCED_FACE('',(#4765),#1005,.T.);
#5233=ADVANCED_FACE('',(#4766),#1006,.T.);
#5234=ADVANCED_FACE('',(#4767,#4768),#5039,.T.);
#5235=ADVANCED_FACE('',(#4769),#1007,.T.);
#5236=ADVANCED_FACE('',(#4770,#4771),#5040,.F.);
#5237=ADVANCED_FACE('',(#4772),#10,.F.);
#5238=ADVANCED_FACE('',(#4773),#1008,.T.);
#5239=ADVANCED_FACE('',(#4774),#11,.T.);
#5240=ADVANCED_FACE('',(#4775),#1009,.F.);
#5241=ADVANCED_FACE('',(#4776),#1010,.F.);
#5242=ADVANCED_FACE('',(#4777),#12,.F.);
#5243=ADVANCED_FACE('',(#4778),#1011,.T.);
#5244=ADVANCED_FACE('',(#4779),#13,.T.);
#5245=ADVANCED_FACE('',(#4780),#1012,.F.);
#5246=ADVANCED_FACE('',(#4781),#1013,.F.);
#5247=ADVANCED_FACE('',(#4782),#14,.F.);
#5248=ADVANCED_FACE('',(#4783),#1014,.T.);
#5249=ADVANCED_FACE('',(#4784),#15,.T.);
#5250=ADVANCED_FACE('',(#4785),#1015,.F.);
#5251=ADVANCED_FACE('',(#4786),#1016,.F.);
#5252=ADVANCED_FACE('',(#4787),#16,.F.);
#5253=ADVANCED_FACE('',(#4788),#1017,.T.);
#5254=ADVANCED_FACE('',(#4789),#17,.T.);
#5255=ADVANCED_FACE('',(#4790),#1018,.F.);
#5256=ADVANCED_FACE('',(#4791),#1019,.F.);
#5257=ADVANCED_FACE('',(#4792),#18,.F.);
#5258=ADVANCED_FACE('',(#4793),#1020,.T.);
#5259=ADVANCED_FACE('',(#4794),#19,.T.);
#5260=ADVANCED_FACE('',(#4795),#1021,.F.);
#5261=ADVANCED_FACE('',(#4796),#1022,.F.);
#5262=ADVANCED_FACE('',(#4797),#20,.F.);
#5263=ADVANCED_FACE('',(#4798),#1023,.T.);
#5264=ADVANCED_FACE('',(#4799),#21,.T.);
#5265=ADVANCED_FACE('',(#4800),#1024,.F.);
#5266=ADVANCED_FACE('',(#4801),#1025,.F.);
#5267=ADVANCED_FACE('',(#4802),#22,.F.);
#5268=ADVANCED_FACE('',(#4803),#1026,.T.);
#5269=ADVANCED_FACE('',(#4804),#23,.T.);
#5270=ADVANCED_FACE('',(#4805),#1027,.F.);
#5271=ADVANCED_FACE('',(#4806),#1028,.F.);
#5272=ADVANCED_FACE('',(#4807),#24,.F.);
#5273=ADVANCED_FACE('',(#4808),#1029,.T.);
#5274=ADVANCED_FACE('',(#4809),#25,.T.);
#5275=ADVANCED_FACE('',(#4810),#1030,.F.);
#5276=ADVANCED_FACE('',(#4811),#1031,.F.);
#5277=ADVANCED_FACE('',(#4812),#26,.F.);
#5278=ADVANCED_FACE('',(#4813),#1032,.T.);
#5279=ADVANCED_FACE('',(#4814),#27,.T.);
#5280=ADVANCED_FACE('',(#4815),#1033,.F.);
#5281=ADVANCED_FACE('',(#4816),#1034,.F.);
#5282=ADVANCED_FACE('',(#4817),#28,.F.);
#5283=ADVANCED_FACE('',(#4818),#1035,.T.);
#5284=ADVANCED_FACE('',(#4819),#29,.T.);
#5285=ADVANCED_FACE('',(#4820),#1036,.F.);
#5286=ADVANCED_FACE('',(#4821),#1037,.F.);
#5287=ADVANCED_FACE('',(#4822),#30,.F.);
#5288=ADVANCED_FACE('',(#4823),#1038,.T.);
#5289=ADVANCED_FACE('',(#4824),#31,.T.);
#5290=ADVANCED_FACE('',(#4825),#1039,.F.);
#5291=ADVANCED_FACE('',(#4826),#1040,.F.);
#5292=ADVANCED_FACE('',(#4827),#32,.F.);
#5293=ADVANCED_FACE('',(#4828),#1041,.T.);
#5294=ADVANCED_FACE('',(#4829),#33,.T.);
#5295=ADVANCED_FACE('',(#4830),#1042,.F.);
#5296=ADVANCED_FACE('',(#4831),#1043,.F.);
#5297=ADVANCED_FACE('',(#4832),#34,.F.);
#5298=ADVANCED_FACE('',(#4833),#1044,.T.);
#5299=ADVANCED_FACE('',(#4834),#35,.T.);
#5300=ADVANCED_FACE('',(#4835),#1045,.F.);
#5301=ADVANCED_FACE('',(#4836),#1046,.F.);
#5302=ADVANCED_FACE('',(#4837),#36,.F.);
#5303=ADVANCED_FACE('',(#4838),#1047,.T.);
#5304=ADVANCED_FACE('',(#4839),#37,.T.);
#5305=ADVANCED_FACE('',(#4840),#1048,.F.);
#5306=ADVANCED_FACE('',(#4841),#1049,.F.);
#5307=ADVANCED_FACE('',(#4842),#38,.F.);
#5308=ADVANCED_FACE('',(#4843),#1050,.T.);
#5309=ADVANCED_FACE('',(#4844),#39,.T.);
#5310=ADVANCED_FACE('',(#4845),#1051,.F.);
#5311=ADVANCED_FACE('',(#4846),#1052,.F.);
#5312=ADVANCED_FACE('',(#4847),#40,.F.);
#5313=ADVANCED_FACE('',(#4848),#1053,.T.);
#5314=ADVANCED_FACE('',(#4849),#41,.T.);
#5315=ADVANCED_FACE('',(#4850),#1054,.F.);
#5316=ADVANCED_FACE('',(#4851),#1055,.F.);
#5317=ADVANCED_FACE('',(#4852),#42,.F.);
#5318=ADVANCED_FACE('',(#4853),#1056,.T.);
#5319=ADVANCED_FACE('',(#4854),#43,.T.);
#5320=ADVANCED_FACE('',(#4855),#1057,.F.);
#5321=ADVANCED_FACE('',(#4856),#1058,.F.);
#5322=ADVANCED_FACE('',(#4857),#44,.F.);
#5323=ADVANCED_FACE('',(#4858),#1059,.T.);
#5324=ADVANCED_FACE('',(#4859),#45,.T.);
#5325=ADVANCED_FACE('',(#4860),#1060,.F.);
#5326=ADVANCED_FACE('',(#4861),#1061,.F.);
#5327=ADVANCED_FACE('',(#4862),#46,.F.);
#5328=ADVANCED_FACE('',(#4863),#1062,.T.);
#5329=ADVANCED_FACE('',(#4864),#47,.T.);
#5330=ADVANCED_FACE('',(#4865),#1063,.F.);
#5331=ADVANCED_FACE('',(#4866),#1064,.F.);
#5332=ADVANCED_FACE('',(#4867),#48,.F.);
#5333=ADVANCED_FACE('',(#4868),#1065,.T.);
#5334=ADVANCED_FACE('',(#4869),#49,.T.);
#5335=ADVANCED_FACE('',(#4870),#1066,.F.);
#5336=ADVANCED_FACE('',(#4871),#1067,.F.);
#5337=ADVANCED_FACE('',(#4872,#4873),#1068,.F.);
#5338=ADVANCED_FACE('',(#4874),#5041,.T.);
#5339=ADVANCED_FACE('',(#4875),#5042,.F.);
#5340=ADVANCED_FACE('',(#4876),#5043,.F.);
#5341=ADVANCED_FACE('',(#4877),#5044,.T.);
#5342=ADVANCED_FACE('',(#4878),#5045,.F.);
#5343=ADVANCED_FACE('',(#4879),#5046,.F.);
#5344=ADVANCED_FACE('',(#4880),#5047,.T.);
#5345=ADVANCED_FACE('',(#4881),#5048,.T.);
#5346=ADVANCED_FACE('',(#4882,#4883),#5049,.T.);
#5347=ADVANCED_FACE('',(#4884),#5050,.F.);
#5348=ADVANCED_FACE('',(#4885),#5051,.F.);
#5349=ADVANCED_FACE('',(#4886),#5052,.T.);
#5350=ADVANCED_FACE('',(#4887),#5053,.T.);
#5351=ADVANCED_FACE('',(#4888),#5054,.T.);
#5352=ADVANCED_FACE('',(#4889),#5055,.F.);
#5353=ADVANCED_FACE('',(#4890),#5056,.F.);
#5354=ADVANCED_FACE('',(#4891),#5057,.F.);
#5355=ADVANCED_FACE('',(#4892),#5058,.T.);
#5356=ADVANCED_FACE('',(#4893),#5059,.T.);
#5357=ADVANCED_FACE('',(#4894),#5060,.F.);
#5358=ADVANCED_FACE('',(#4895),#5061,.F.);
#5359=ADVANCED_FACE('',(#4896,#4897,#4898,#4899,#4900,#4901),#5062,.T.);
#5360=ADVANCED_FACE('',(#4902,#4903,#4904,#4905,#4906,#4907),#5063,.F.);
#5361=ADVANCED_FACE('',(#4908),#1069,.T.);
#5362=ADVANCED_FACE('',(#4909),#5064,.T.);
#5363=ADVANCED_FACE('',(#4910),#5065,.F.);
#5364=ADVANCED_FACE('',(#4911),#5066,.T.);
#5365=ADVANCED_FACE('',(#4912),#5067,.F.);
#5366=ADVANCED_FACE('',(#4913),#5068,.F.);
#5367=ADVANCED_FACE('',(#4914),#5069,.T.);
#5368=ADVANCED_FACE('',(#4915,#4916),#5070,.T.);
#5369=ADVANCED_FACE('',(#4917),#5071,.F.);
#5370=ADVANCED_FACE('',(#4918,#4919),#1070,.F.);
#5371=ADVANCED_FACE('',(#4920),#1071,.F.);
#5372=ADVANCED_FACE('',(#4921),#5072,.F.);
#5373=ADVANCED_FACE('',(#4922,#4923),#1072,.F.);
#5374=ADVANCED_FACE('',(#4924,#4925),#1073,.F.);
#5375=ADVANCED_FACE('',(#4926,#4927),#1074,.F.);
#5376=ADVANCED_FACE('',(#4928,#4929,#4930,#4931,#4932,#4933,#4934,#4935,
#4936),#5073,.T.);
#5377=ADVANCED_FACE('',(#4937),#5074,.T.);
#5378=ADVANCED_FACE('',(#4938),#5075,.F.);
#5379=ADVANCED_FACE('',(#4939),#5076,.F.);
#5380=ADVANCED_FACE('',(#4940),#5077,.T.);
#5381=ADVANCED_FACE('',(#4941),#5078,.F.);
#5382=ADVANCED_FACE('',(#4942,#4943),#1075,.T.);
#5383=ADVANCED_FACE('',(#4944),#5079,.T.);
#5384=ADVANCED_FACE('',(#4945,#4946),#1076,.T.);
#5385=ADVANCED_FACE('',(#4947),#5080,.T.);
#5386=ADVANCED_FACE('',(#4948,#4949),#1077,.T.);
#5387=ADVANCED_FACE('',(#4950),#5081,.T.);
#5388=ADVANCED_FACE('',(#4951,#4952),#1078,.T.);
#5389=ADVANCED_FACE('',(#4953),#5082,.T.);
#5390=ADVANCED_FACE('',(#4954,#4955),#1079,.T.);
#5391=ADVANCED_FACE('',(#4956),#5083,.T.);
#5392=ADVANCED_FACE('',(#4957,#4958),#1080,.T.);
#5393=ADVANCED_FACE('',(#4959),#5084,.T.);
#5394=ADVANCED_FACE('',(#4960,#4961),#1081,.T.);
#5395=ADVANCED_FACE('',(#4962),#5085,.T.);
#5396=ADVANCED_FACE('',(#4963,#4964),#1082,.T.);
#5397=ADVANCED_FACE('',(#4965),#5086,.T.);
#5398=CLOSED_SHELL('',(#5087,#5088,#5089,#5090,#5091,#5092,#5093,#5094,
#5095,#5096,#5097,#5098));
#5399=CLOSED_SHELL('',(#5099,#5100,#5101,#5102,#5103,#5104,#5105,#5106,
#5107,#5108));
#5400=CLOSED_SHELL('',(#5109,#5110,#5111,#5112,#5113,#5114,#5115,#5116,
#5117,#5118,#5119,#5120,#5121,#5122,#5123,#5124,#5125,#5126));
#5401=CLOSED_SHELL('',(#5127,#5128,#5129,#5130,#5131,#5132));
#5402=CLOSED_SHELL('',(#5133,#5134,#5135,#5136,#5137,#5138,#5139,#5140,
#5141,#5142,#5143,#5144,#5145,#5146,#5147,#5148,#5149,#5150,#5151,#5152,
#5153));
#5403=CLOSED_SHELL('',(#5154,#5155,#5156,#5157,#5158));
#5404=CLOSED_SHELL('',(#5159,#5160,#5161,#5162));
#5405=CLOSED_SHELL('',(#5163,#5164,#5165,#5166));
#5406=CLOSED_SHELL('',(#5167,#5168,#5169,#5170));
#5407=CLOSED_SHELL('',(#5171,#5172,#5173,#5174,#5175,#5176,#5177,#5178,
#5179));
#5408=CLOSED_SHELL('',(#5180,#5181,#5182,#5183,#5184,#5185,#5186,#5187,
#5188,#5189,#5190,#5191));
#5409=CLOSED_SHELL('',(#5192,#5193,#5194,#5195,#5196,#5197));
#5410=CLOSED_SHELL('',(#5198,#5199,#5200,#5201,#5202,#5203,#5204,#5205,
#5206,#5207,#5208,#5209,#5210,#5211,#5212,#5213,#5214));
#5411=CLOSED_SHELL('',(#5215,#5216,#5217,#5218,#5219,#5220,#5221,#5222,
#5223,#5224,#5225,#5226,#5227,#5228,#5229,#5230,#5231,#5232,#5233,#5234,
#5235,#5236,#5237,#5238,#5239,#5240,#5241,#5242,#5243,#5244,#5245,#5246,
#5247,#5248,#5249,#5250,#5251,#5252,#5253,#5254,#5255,#5256,#5257,#5258,
#5259,#5260,#5261,#5262,#5263,#5264,#5265,#5266,#5267,#5268,#5269,#5270,
#5271,#5272,#5273,#5274,#5275,#5276,#5277,#5278,#5279,#5280,#5281,#5282,
#5283,#5284,#5285,#5286,#5287,#5288,#5289,#5290,#5291,#5292,#5293,#5294,
#5295,#5296,#5297,#5298,#5299,#5300,#5301,#5302,#5303,#5304,#5305,#5306,
#5307,#5308,#5309,#5310,#5311,#5312,#5313,#5314,#5315,#5316,#5317,#5318,
#5319,#5320,#5321,#5322,#5323,#5324,#5325,#5326,#5327,#5328,#5329,#5330,
#5331,#5332,#5333,#5334,#5335,#5336,#5337));
#5412=CLOSED_SHELL('',(#5338,#5339,#5340,#5341,#5342,#5343,#5344,#5345,
#5346,#5347,#5348,#5349,#5350,#5351,#5352,#5353,#5354,#5355,#5356,#5357,
#5358));
#5413=CLOSED_SHELL('',(#5359,#5360,#5361,#5362,#5363,#5364,#5365,#5366,
#5367,#5368,#5369,#5370,#5371,#5372,#5373,#5374,#5375));
#5414=CLOSED_SHELL('',(#5376,#5377,#5378,#5379,#5380,#5381,#5382,#5383,
#5384,#5385,#5386,#5387,#5388,#5389,#5390,#5391,#5392,#5393,#5394,#5395,
#5396,#5397));
#5415=STYLED_ITEM('',(#5432),#5540);
#5416=STYLED_ITEM('',(#5433),#5541);
#5417=STYLED_ITEM('',(#5434),#5542);
#5418=STYLED_ITEM('',(#5435),#5543);
#5419=STYLED_ITEM('',(#5436),#5544);
#5420=STYLED_ITEM('',(#5437),#5545);
#5421=STYLED_ITEM('',(#5438),#5546);
#5422=STYLED_ITEM('',(#5439),#5547);
#5423=STYLED_ITEM('',(#5440),#5548);
#5424=STYLED_ITEM('',(#5441),#5549);
#5425=STYLED_ITEM('',(#5442),#5550);
#5426=STYLED_ITEM('',(#5443),#5551);
#5427=STYLED_ITEM('',(#5444),#5552);
#5428=STYLED_ITEM('',(#5445),#5553);
#5429=STYLED_ITEM('',(#5446),#5554);
#5430=STYLED_ITEM('',(#5447),#5555);
#5431=STYLED_ITEM('',(#5448),#5556);
#5432=PRESENTATION_STYLE_ASSIGNMENT((#5449));
#5433=PRESENTATION_STYLE_ASSIGNMENT((#5450));
#5434=PRESENTATION_STYLE_ASSIGNMENT((#5451));
#5435=PRESENTATION_STYLE_ASSIGNMENT((#5452));
#5436=PRESENTATION_STYLE_ASSIGNMENT((#5453));
#5437=PRESENTATION_STYLE_ASSIGNMENT((#5454));
#5438=PRESENTATION_STYLE_ASSIGNMENT((#5455));
#5439=PRESENTATION_STYLE_ASSIGNMENT((#5456));
#5440=PRESENTATION_STYLE_ASSIGNMENT((#5457));
#5441=PRESENTATION_STYLE_ASSIGNMENT((#5458));
#5442=PRESENTATION_STYLE_ASSIGNMENT((#5459));
#5443=PRESENTATION_STYLE_ASSIGNMENT((#5460));
#5444=PRESENTATION_STYLE_ASSIGNMENT((#5461));
#5445=PRESENTATION_STYLE_ASSIGNMENT((#5462));
#5446=PRESENTATION_STYLE_ASSIGNMENT((#5463));
#5447=PRESENTATION_STYLE_ASSIGNMENT((#5464));
#5448=PRESENTATION_STYLE_ASSIGNMENT((#5465));
#5449=SURFACE_STYLE_USAGE(.BOTH.,#5466);
#5450=SURFACE_STYLE_USAGE(.BOTH.,#5467);
#5451=SURFACE_STYLE_USAGE(.BOTH.,#5468);
#5452=SURFACE_STYLE_USAGE(.BOTH.,#5469);
#5453=SURFACE_STYLE_USAGE(.BOTH.,#5470);
#5454=SURFACE_STYLE_USAGE(.BOTH.,#5471);
#5455=SURFACE_STYLE_USAGE(.BOTH.,#5472);
#5456=SURFACE_STYLE_USAGE(.BOTH.,#5473);
#5457=SURFACE_STYLE_USAGE(.BOTH.,#5474);
#5458=SURFACE_STYLE_USAGE(.BOTH.,#5475);
#5459=SURFACE_STYLE_USAGE(.BOTH.,#5476);
#5460=SURFACE_STYLE_USAGE(.BOTH.,#5477);
#5461=SURFACE_STYLE_USAGE(.BOTH.,#5478);
#5462=SURFACE_STYLE_USAGE(.BOTH.,#5479);
#5463=SURFACE_STYLE_USAGE(.BOTH.,#5480);
#5464=SURFACE_STYLE_USAGE(.BOTH.,#5481);
#5465=SURFACE_STYLE_USAGE(.BOTH.,#5482);
#5466=SURFACE_SIDE_STYLE('',(#5483));
#5467=SURFACE_SIDE_STYLE('',(#5484));
#5468=SURFACE_SIDE_STYLE('',(#5485));
#5469=SURFACE_SIDE_STYLE('',(#5486));
#5470=SURFACE_SIDE_STYLE('',(#5487));
#5471=SURFACE_SIDE_STYLE('',(#5488));
#5472=SURFACE_SIDE_STYLE('',(#5489));
#5473=SURFACE_SIDE_STYLE('',(#5490));
#5474=SURFACE_SIDE_STYLE('',(#5491));
#5475=SURFACE_SIDE_STYLE('',(#5492));
#5476=SURFACE_SIDE_STYLE('',(#5493));
#5477=SURFACE_SIDE_STYLE('',(#5494));
#5478=SURFACE_SIDE_STYLE('',(#5495));
#5479=SURFACE_SIDE_STYLE('',(#5496));
#5480=SURFACE_SIDE_STYLE('',(#5497));
#5481=SURFACE_SIDE_STYLE('',(#5498));
#5482=SURFACE_SIDE_STYLE('',(#5499));
#5483=SURFACE_STYLE_FILL_AREA(#5500);
#5484=SURFACE_STYLE_FILL_AREA(#5501);
#5485=SURFACE_STYLE_FILL_AREA(#5502);
#5486=SURFACE_STYLE_FILL_AREA(#5503);
#5487=SURFACE_STYLE_FILL_AREA(#5504);
#5488=SURFACE_STYLE_FILL_AREA(#5505);
#5489=SURFACE_STYLE_FILL_AREA(#5506);
#5490=SURFACE_STYLE_FILL_AREA(#5507);
#5491=SURFACE_STYLE_FILL_AREA(#5508);
#5492=SURFACE_STYLE_FILL_AREA(#5509);
#5493=SURFACE_STYLE_FILL_AREA(#5510);
#5494=SURFACE_STYLE_FILL_AREA(#5511);
#5495=SURFACE_STYLE_FILL_AREA(#5512);
#5496=SURFACE_STYLE_FILL_AREA(#5513);
#5497=SURFACE_STYLE_FILL_AREA(#5514);
#5498=SURFACE_STYLE_FILL_AREA(#5515);
#5499=SURFACE_STYLE_FILL_AREA(#5516);
#5500=FILL_AREA_STYLE('',(#5517));
#5501=FILL_AREA_STYLE('',(#5518));
#5502=FILL_AREA_STYLE('',(#5519));
#5503=FILL_AREA_STYLE('',(#5520));
#5504=FILL_AREA_STYLE('',(#5521));
#5505=FILL_AREA_STYLE('',(#5522));
#5506=FILL_AREA_STYLE('',(#5523));
#5507=FILL_AREA_STYLE('',(#5524));
#5508=FILL_AREA_STYLE('',(#5525));
#5509=FILL_AREA_STYLE('',(#5526));
#5510=FILL_AREA_STYLE('',(#5527));
#5511=FILL_AREA_STYLE('',(#5528));
#5512=FILL_AREA_STYLE('',(#5529));
#5513=FILL_AREA_STYLE('',(#5530));
#5514=FILL_AREA_STYLE('',(#5531));
#5515=FILL_AREA_STYLE('',(#5532));
#5516=FILL_AREA_STYLE('',(#5533));
#5517=FILL_AREA_STYLE_COLOUR('',#5534);
#5518=FILL_AREA_STYLE_COLOUR('',#806);
#5519=FILL_AREA_STYLE_COLOUR('',#5535);
#5520=FILL_AREA_STYLE_COLOUR('',#5536);
#5521=FILL_AREA_STYLE_COLOUR('',#5537);
#5522=FILL_AREA_STYLE_COLOUR('',#5537);
#5523=FILL_AREA_STYLE_COLOUR('',#5538);
#5524=FILL_AREA_STYLE_COLOUR('',#5534);
#5525=FILL_AREA_STYLE_COLOUR('',#5534);
#5526=FILL_AREA_STYLE_COLOUR('',#5539);
#5527=FILL_AREA_STYLE_COLOUR('',#5534);
#5528=FILL_AREA_STYLE_COLOUR('',#5536);
#5529=FILL_AREA_STYLE_COLOUR('',#5537);
#5530=FILL_AREA_STYLE_COLOUR('',#5534);
#5531=FILL_AREA_STYLE_COLOUR('',#5537);
#5532=FILL_AREA_STYLE_COLOUR('',#5537);
#5533=FILL_AREA_STYLE_COLOUR('',#5536);
#5534=COLOUR_RGB('',0.8,0.8,0.8);
#5535=COLOUR_RGB('',0.0862745098039216,0.32156862745098,0.580392156862745);
#5536=COLOUR_RGB('',0.941176470588235,0.874509803921569,0.67843137254902);
#5537=COLOUR_RGB('',0.341176470588236,0.776470588235294,0.741176470588235);
#5538=COLOUR_RGB('',0.647058823529412,0.647058823529412,0.647058823529412);
#5539=COLOUR_RGB('',0.6,0.6,0.6);
#5540=MANIFOLD_SOLID_BREP('Part 1',#5398);
#5541=MANIFOLD_SOLID_BREP('Part 1',#5399);
#5542=MANIFOLD_SOLID_BREP('Part 1',#5400);
#5543=MANIFOLD_SOLID_BREP('Part 1',#5401);
#5544=MANIFOLD_SOLID_BREP('Part 1',#5402);
#5545=MANIFOLD_SOLID_BREP('Part 1',#5403);
#5546=MANIFOLD_SOLID_BREP('Part 2',#5404);
#5547=MANIFOLD_SOLID_BREP('Part 1',#5405);
#5548=MANIFOLD_SOLID_BREP('Part 3',#5406);
#5549=MANIFOLD_SOLID_BREP('Part 1',#5407);
#5550=MANIFOLD_SOLID_BREP('Part 1',#5408);
#5551=MANIFOLD_SOLID_BREP('Part 1',#5409);
#5552=MANIFOLD_SOLID_BREP('Part 1',#5410);
#5553=MANIFOLD_SOLID_BREP('Spur gear (20 teeth)',#5411);
#5554=MANIFOLD_SOLID_BREP('Part 1',#5412);
#5555=MANIFOLD_SOLID_BREP('Part 1',#5413);
#5556=MANIFOLD_SOLID_BREP('Part 1',#5414);
#5557=SHAPE_DEFINITION_REPRESENTATION(#12448,#5575);
#5558=SHAPE_DEFINITION_REPRESENTATION(#12449,#5576);
#5559=SHAPE_DEFINITION_REPRESENTATION(#12451,#5577);
#5560=SHAPE_DEFINITION_REPRESENTATION(#12453,#5578);
#5561=SHAPE_DEFINITION_REPRESENTATION(#12455,#5579);
#5562=SHAPE_DEFINITION_REPRESENTATION(#12457,#5580);
#5563=SHAPE_DEFINITION_REPRESENTATION(#12459,#5581);
#5564=SHAPE_DEFINITION_REPRESENTATION(#12461,#5582);
#5565=SHAPE_DEFINITION_REPRESENTATION(#12463,#5583);
#5566=SHAPE_DEFINITION_REPRESENTATION(#12466,#5584);
#5567=SHAPE_DEFINITION_REPRESENTATION(#12468,#5585);
#5568=SHAPE_DEFINITION_REPRESENTATION(#12470,#5586);
#5569=SHAPE_DEFINITION_REPRESENTATION(#12472,#5587);
#5570=SHAPE_DEFINITION_REPRESENTATION(#12476,#5588);
#5571=SHAPE_DEFINITION_REPRESENTATION(#12478,#5589);
#5572=SHAPE_DEFINITION_REPRESENTATION(#12480,#5590);
#5573=SHAPE_DEFINITION_REPRESENTATION(#12482,#5591);
#5574=SHAPE_DEFINITION_REPRESENTATION(#12487,#5592);
#5575=SHAPE_REPRESENTATION('main',(#5593,#5618,#5637,#5676,#5683,#5729,
#5738,#5745,#5754,#5755,#5764,#5782,#5809,#5816,#5817,#5818,#5848,#6094,
#6116,#6146,#6147,#6148,#6149,#6188),#12409);
#5576=SHAPE_REPRESENTATION('Part 1',(#5593),#12410);
#5577=SHAPE_REPRESENTATION('Part 1',(#5593),#12411);
#5578=SHAPE_REPRESENTATION('Part 1',(#5593),#12412);
#5579=SHAPE_REPRESENTATION('Part 1',(#5593),#12413);
#5580=SHAPE_REPRESENTATION('Part 1',(#5593),#12414);
#5581=SHAPE_REPRESENTATION('Part 1',(#5593),#12415);
#5582=SHAPE_REPRESENTATION('Part 2',(#5593),#12416);
#5583=SHAPE_REPRESENTATION('Part 1',(#5593),#12417);
#5584=SHAPE_REPRESENTATION('Part 3',(#5593),#12418);
#5585=SHAPE_REPRESENTATION('Part 1',(#5593),#12419);
#5586=SHAPE_REPRESENTATION('Part 1',(#5593),#12420);
#5587=SHAPE_REPRESENTATION('Part 1',(#5593),#12421);
#5588=SHAPE_REPRESENTATION('Part 1',(#5593),#12422);
#5589=SHAPE_REPRESENTATION('Spur gear (20 teeth)',(#5593),#12423);
#5590=SHAPE_REPRESENTATION('Part 1',(#5593),#12424);
#5591=SHAPE_REPRESENTATION('Part 1',(#5593),#12425);
#5592=SHAPE_REPRESENTATION('Part 1',(#5593),#12426);
#5593=AXIS2_PLACEMENT_3D('',#7717,#6189,#6190);
#5594=AXIS2_PLACEMENT_3D('',#7718,#6191,#6192);
#5595=AXIS2_PLACEMENT_3D('',#7719,#6193,#6194);
#5596=AXIS2_PLACEMENT_3D('',#7721,#6195,#6196);
#5597=AXIS2_PLACEMENT_3D('',#7723,#6197,#6198);
#5598=AXIS2_PLACEMENT_3D('',#7724,#6199,#6200);
#5599=AXIS2_PLACEMENT_3D('',#7726,#6201,#6202);
#5600=AXIS2_PLACEMENT_3D('',#7728,#6203,#6204);
#5601=AXIS2_PLACEMENT_3D('',#7729,#6205,#6206);
#5602=AXIS2_PLACEMENT_3D('',#7730,#6207,#6208);
#5603=AXIS2_PLACEMENT_3D('',#7732,#6209,#6210);
#5604=AXIS2_PLACEMENT_3D('',#7734,#6211,#6212);
#5605=AXIS2_PLACEMENT_3D('',#7735,#6213,#6214);
#5606=AXIS2_PLACEMENT_3D('',#7737,#6215,#6216);
#5607=AXIS2_PLACEMENT_3D('',#7738,#6217,#6218);
#5608=AXIS2_PLACEMENT_3D('',#7740,#6219,#6220);
#5609=AXIS2_PLACEMENT_3D('',#7741,#6221,#6222);
#5610=AXIS2_PLACEMENT_3D('',#7743,#6223,#6224);
#5611=AXIS2_PLACEMENT_3D('',#7744,#6225,#6226);
#5612=AXIS2_PLACEMENT_3D('',#7746,#6227,#6228);
#5613=AXIS2_PLACEMENT_3D('',#7747,#6229,#6230);
#5614=AXIS2_PLACEMENT_3D('',#7748,#6231,#6232);
#5615=AXIS2_PLACEMENT_3D('',#7750,#6233,#6234);
#5616=AXIS2_PLACEMENT_3D('',#7751,#6235,#6236);
#5617=AXIS2_PLACEMENT_3D('',#7753,#6237,#6238);
#5618=AXIS2_PLACEMENT_3D('',#7754,#6239,#6240);
#5619=AXIS2_PLACEMENT_3D('',#7755,#6241,#6242);
#5620=AXIS2_PLACEMENT_3D('',#7756,#6243,#6244);
#5621=AXIS2_PLACEMENT_3D('',#7761,#6246,#6247);
#5622=AXIS2_PLACEMENT_3D('',#7764,#6249,#6250);
#5623=AXIS2_PLACEMENT_3D('',#7770,#6254,#6255);
#5624=AXIS2_PLACEMENT_3D('',#7771,#6256,#6257);
#5625=AXIS2_PLACEMENT_3D('',#7775,#6259,#6260);
#5626=AXIS2_PLACEMENT_3D('',#7776,#6261,#6262);
#5627=AXIS2_PLACEMENT_3D('',#7785,#6267,#6268);
#5628=AXIS2_PLACEMENT_3D('',#7786,#6269,#6270);
#5629=AXIS2_PLACEMENT_3D('',#7790,#6272,#6273);
#5630=AXIS2_PLACEMENT_3D('',#7791,#6274,#6275);
#5631=AXIS2_PLACEMENT_3D('',#7797,#6279,#6280);
#5632=AXIS2_PLACEMENT_3D('',#7798,#6281,#6282);
#5633=AXIS2_PLACEMENT_3D('',#7799,#6283,#6284);
#5634=AXIS2_PLACEMENT_3D('',#7800,#6285,#6286);
#5635=AXIS2_PLACEMENT_3D('',#7803,#6289,#6290);
#5636=AXIS2_PLACEMENT_3D('',#7804,#6291,#6292);
#5637=AXIS2_PLACEMENT_3D('',#7805,#6293,#6294);
#5638=AXIS2_PLACEMENT_3D('',#7806,#6295,#6296);
#5639=AXIS2_PLACEMENT_3D('',#7815,#6301,#6302);
#5640=AXIS2_PLACEMENT_3D('',#7816,#6303,#6304);
#5641=AXIS2_PLACEMENT_3D('',#7818,#6305,#6306);
#5642=AXIS2_PLACEMENT_3D('',#7820,#6307,#6308);
#5643=AXIS2_PLACEMENT_3D('',#7822,#6309,#6310);
#5644=AXIS2_PLACEMENT_3D('',#7827,#6312,#6313);
#5645=AXIS2_PLACEMENT_3D('',#7828,#6314,#6315);
#5646=AXIS2_PLACEMENT_3D('',#7833,#6318,#6319);
#5647=AXIS2_PLACEMENT_3D('',#7834,#6320,#6321);
#5648=AXIS2_PLACEMENT_3D('',#7836,#6322,#6323);
#5649=AXIS2_PLACEMENT_3D('',#7838,#6324,#6325);
#5650=AXIS2_PLACEMENT_3D('',#7840,#6326,#6327);
#5651=AXIS2_PLACEMENT_3D('',#7842,#6328,#6329);
#5652=AXIS2_PLACEMENT_3D('',#7850,#6333,#6334);
#5653=AXIS2_PLACEMENT_3D('',#7851,#6335,#6336);
#5654=AXIS2_PLACEMENT_3D('',#7858,#6341,#6342);
#5655=AXIS2_PLACEMENT_3D('',#7865,#6347,#6348);
#5656=AXIS2_PLACEMENT_3D('',#7868,#6351,#6352);
#5657=AXIS2_PLACEMENT_3D('',#7869,#6353,#6354);
#5658=AXIS2_PLACEMENT_3D('',#7871,#6355,#6356);
#5659=AXIS2_PLACEMENT_3D('',#7873,#6357,#6358);
#5660=AXIS2_PLACEMENT_3D('',#7875,#6359,#6360);
#5661=AXIS2_PLACEMENT_3D('',#7877,#6361,#6362);
#5662=AXIS2_PLACEMENT_3D('',#7878,#6363,#6364);
#5663=AXIS2_PLACEMENT_3D('',#7880,#6365,#6366);
#5664=AXIS2_PLACEMENT_3D('',#7882,#6367,#6368);
#5665=AXIS2_PLACEMENT_3D('',#7884,#6369,#6370);
#5666=AXIS2_PLACEMENT_3D('',#7886,#6371,#6372);
#5667=AXIS2_PLACEMENT_3D('',#7887,#6373,#6374);
#5668=AXIS2_PLACEMENT_3D('',#7888,#6375,#6376);
#5669=AXIS2_PLACEMENT_3D('',#7889,#6377,#6378);
#5670=AXIS2_PLACEMENT_3D('',#7890,#6379,#6380);
#5671=AXIS2_PLACEMENT_3D('',#7891,#6381,#6382);
#5672=AXIS2_PLACEMENT_3D('',#7892,#6383,#6384);
#5673=AXIS2_PLACEMENT_3D('',#7893,#6385,#6386);
#5674=AXIS2_PLACEMENT_3D('',#7894,#6387,#6388);
#5675=AXIS2_PLACEMENT_3D('',#7895,#6389,#6390);
#5676=AXIS2_PLACEMENT_3D('',#7896,#6391,#6392);
#5677=AXIS2_PLACEMENT_3D('',#7897,#6393,#6394);
#5678=AXIS2_PLACEMENT_3D('',#7906,#6399,#6400);
#5679=AXIS2_PLACEMENT_3D('',#7912,#6404,#6405);
#5680=AXIS2_PLACEMENT_3D('',#7918,#6409,#6410);
#5681=AXIS2_PLACEMENT_3D('',#7921,#6413,#6414);
#5682=AXIS2_PLACEMENT_3D('',#7922,#6415,#6416);
#5683=AXIS2_PLACEMENT_3D('',#7923,#6417,#6418);
#5684=AXIS2_PLACEMENT_3D('',#7924,#6419,#6420);
#5685=AXIS2_PLACEMENT_3D('',#7925,#6421,#6422);
#5686=AXIS2_PLACEMENT_3D('',#7927,#6423,#6424);
#5687=AXIS2_PLACEMENT_3D('',#7929,#6425,#6426);
#5688=AXIS2_PLACEMENT_3D('',#7931,#6427,#6428);
#5689=AXIS2_PLACEMENT_3D('',#7933,#6429,#6430);
#5690=AXIS2_PLACEMENT_3D('',#7941,#6434,#6435);
#5691=AXIS2_PLACEMENT_3D('',#7943,#6436,#6437);
#5692=AXIS2_PLACEMENT_3D('',#7951,#6441,#6442);
#5693=AXIS2_PLACEMENT_3D('',#7952,#6443,#6444);
#5694=AXIS2_PLACEMENT_3D('',#7955,#6445,#6446);
#5695=AXIS2_PLACEMENT_3D('',#7957,#6447,#6448);
#5696=AXIS2_PLACEMENT_3D('',#7959,#6449,#6450);
#5697=AXIS2_PLACEMENT_3D('',#7961,#6451,#6452);
#5698=AXIS2_PLACEMENT_3D('',#7963,#6453,#6454);
#5699=AXIS2_PLACEMENT_3D('',#7965,#6455,#6456);
#5700=AXIS2_PLACEMENT_3D('',#7967,#6457,#6458);
#5701=AXIS2_PLACEMENT_3D('',#7968,#6459,#6460);
#5702=AXIS2_PLACEMENT_3D('',#7969,#6461,#6462);
#5703=AXIS2_PLACEMENT_3D('',#7974,#6465,#6466);
#5704=AXIS2_PLACEMENT_3D('',#7977,#6468,#6469);
#5705=AXIS2_PLACEMENT_3D('',#7980,#6471,#6472);
#5706=AXIS2_PLACEMENT_3D('',#7983,#6474,#6475);
#5707=AXIS2_PLACEMENT_3D('',#7986,#6477,#6478);
#5708=AXIS2_PLACEMENT_3D('',#7989,#6480,#6481);
#5709=AXIS2_PLACEMENT_3D('',#7992,#6483,#6484);
#5710=AXIS2_PLACEMENT_3D('',#7993,#6485,#6486);
#5711=AXIS2_PLACEMENT_3D('',#7994,#6487,#6488);
#5712=AXIS2_PLACEMENT_3D('',#7995,#6489,#6490);
#5713=AXIS2_PLACEMENT_3D('',#7996,#6491,#6492);
#5714=AXIS2_PLACEMENT_3D('',#7997,#6493,#6494);
#5715=AXIS2_PLACEMENT_3D('',#7999,#6495,#6496);
#5716=AXIS2_PLACEMENT_3D('',#8002,#6499,#6500);
#5717=AXIS2_PLACEMENT_3D('',#8004,#6502,#6503);
#5718=AXIS2_PLACEMENT_3D('',#8006,#6505,#6506);
#5719=AXIS2_PLACEMENT_3D('',#8015,#6511,#6512);
#5720=AXIS2_PLACEMENT_3D('',#8021,#6516,#6517);
#5721=AXIS2_PLACEMENT_3D('',#8027,#6521,#6522);
#5722=AXIS2_PLACEMENT_3D('',#8030,#6525,#6526);
#5723=AXIS2_PLACEMENT_3D('',#8031,#6527,#6528);
#5724=AXIS2_PLACEMENT_3D('',#8032,#6529,#6530);
#5725=AXIS2_PLACEMENT_3D('',#8033,#6531,#6532);
#5726=AXIS2_PLACEMENT_3D('',#8034,#6533,#6534);
#5727=AXIS2_PLACEMENT_3D('',#8035,#6535,#6536);
#5728=AXIS2_PLACEMENT_3D('',#8036,#6537,#6538);
#5729=AXIS2_PLACEMENT_3D('',#8037,#6539,#6540);
#5730=AXIS2_PLACEMENT_3D('',#8038,#6541,#6542);
#5731=AXIS2_PLACEMENT_3D('',#8039,#6543,#6544);
#5732=AXIS2_PLACEMENT_3D('',#8043,#6546,#6547);
#5733=AXIS2_PLACEMENT_3D('',#8046,#6549,#6550);
#5734=AXIS2_PLACEMENT_3D('',#8049,#6552,#6553);
#5735=AXIS2_PLACEMENT_3D('',#8051,#6554,#6555);
#5736=AXIS2_PLACEMENT_3D('',#8052,#6556,#6557);
#5737=AXIS2_PLACEMENT_3D('',#8054,#6559,#6560);
#5738=AXIS2_PLACEMENT_3D('',#8055,#6561,#6562);
#5739=AXIS2_PLACEMENT_3D('',#8056,#6563,#6564);
#5740=AXIS2_PLACEMENT_3D('',#8065,#6569,#6570);
#5741=AXIS2_PLACEMENT_3D('',#8066,#6571,#6572);
#5742=AXIS2_PLACEMENT_3D('',#8067,#6573,#6574);
#5743=AXIS2_PLACEMENT_3D('',#8068,#6575,#6576);
#5744=AXIS2_PLACEMENT_3D('',#8069,#6577,#6578);
#5745=AXIS2_PLACEMENT_3D('',#8070,#6579,#6580);
#5746=AXIS2_PLACEMENT_3D('',#8071,#6581,#6582);
#5747=AXIS2_PLACEMENT_3D('',#8072,#6583,#6584);
#5748=AXIS2_PLACEMENT_3D('',#8074,#6585,#6586);
#5749=AXIS2_PLACEMENT_3D('',#8076,#6587,#6588);
#5750=AXIS2_PLACEMENT_3D('',#8077,#6589,#6590);
#5751=AXIS2_PLACEMENT_3D('',#8079,#6591,#6592);
#5752=AXIS2_PLACEMENT_3D('',#8080,#6593,#6594);
#5753=AXIS2_PLACEMENT_3D('',#8082,#6595,#6596);
#5754=AXIS2_PLACEMENT_3D('',#8083,#6597,#6598);
#5755=AXIS2_PLACEMENT_3D('',#8084,#6599,#6600);
#5756=AXIS2_PLACEMENT_3D('',#8085,#6601,#6602);
#5757=AXIS2_PLACEMENT_3D('',#8086,#6603,#6604);
#5758=AXIS2_PLACEMENT_3D('',#8088,#6605,#6606);
#5759=AXIS2_PLACEMENT_3D('',#8090,#6607,#6608);
#5760=AXIS2_PLACEMENT_3D('',#8091,#6609,#6610);
#5761=AXIS2_PLACEMENT_3D('',#8093,#6611,#6612);
#5762=AXIS2_PLACEMENT_3D('',#8094,#6613,#6614);
#5763=AXIS2_PLACEMENT_3D('',#8096,#6615,#6616);
#5764=AXIS2_PLACEMENT_3D('',#8097,#6617,#6618);
#5765=AXIS2_PLACEMENT_3D('',#8098,#6619,#6620);
#5766=AXIS2_PLACEMENT_3D('',#8099,#6621,#6622);
#5767=AXIS2_PLACEMENT_3D('',#8101,#6623,#6624);
#5768=AXIS2_PLACEMENT_3D('',#8103,#6625,#6626);
#5769=AXIS2_PLACEMENT_3D('',#8104,#6627,#6628);
#5770=AXIS2_PLACEMENT_3D('',#8106,#6629,#6630);
#5771=AXIS2_PLACEMENT_3D('',#8107,#6631,#6632);
#5772=AXIS2_PLACEMENT_3D('',#8109,#6633,#6634);
#5773=AXIS2_PLACEMENT_3D('',#8111,#6635,#6636);
#5774=AXIS2_PLACEMENT_3D('',#8112,#6637,#6638);
#5775=AXIS2_PLACEMENT_3D('',#8114,#6639,#6640);
#5776=AXIS2_PLACEMENT_3D('',#8115,#6641,#6642);
#5777=AXIS2_PLACEMENT_3D('',#8116,#6643,#6644);
#5778=AXIS2_PLACEMENT_3D('',#8118,#6645,#6646);
#5779=AXIS2_PLACEMENT_3D('',#8119,#6647,#6648);
#5780=AXIS2_PLACEMENT_3D('',#8120,#6649,#6650);
#5781=AXIS2_PLACEMENT_3D('',#8122,#6651,#6652);
#5782=AXIS2_PLACEMENT_3D('',#8123,#6653,#6654);
#5783=AXIS2_PLACEMENT_3D('',#8124,#6655,#6656);
#5784=AXIS2_PLACEMENT_3D('',#8125,#6657,#6658);
#5785=AXIS2_PLACEMENT_3D('',#8127,#6659,#6660);
#5786=AXIS2_PLACEMENT_3D('',#8153,#6661,#6662);
#5787=AXIS2_PLACEMENT_3D('',#8154,#6663,#6664);
#5788=AXIS2_PLACEMENT_3D('',#8156,#6665,#6666);
#5789=AXIS2_PLACEMENT_3D('',#8182,#6667,#6668);
#5790=AXIS2_PLACEMENT_3D('',#8183,#6669,#6670);
#5791=AXIS2_PLACEMENT_3D('',#8185,#6671,#6672);
#5792=AXIS2_PLACEMENT_3D('',#8187,#6673,#6674);
#5793=AXIS2_PLACEMENT_3D('',#8189,#6675,#6676);
#5794=AXIS2_PLACEMENT_3D('',#8191,#6677,#6678);
#5795=AXIS2_PLACEMENT_3D('',#8193,#6679,#6680);
#5796=AXIS2_PLACEMENT_3D('',#8194,#6681,#6682);
#5797=AXIS2_PLACEMENT_3D('',#8196,#6683,#6684);
#5798=AXIS2_PLACEMENT_3D('',#8198,#6685,#6686);
#5799=AXIS2_PLACEMENT_3D('',#8200,#6687,#6688);
#5800=AXIS2_PLACEMENT_3D('',#8202,#6689,#6690);
#5801=AXIS2_PLACEMENT_3D('',#8204,#6691,#6692);
#5802=AXIS2_PLACEMENT_3D('',#8205,#6693,#6694);
#5803=AXIS2_PLACEMENT_3D('',#8206,#6695,#6696);
#5804=AXIS2_PLACEMENT_3D('',#8207,#6697,#6698);
#5805=AXIS2_PLACEMENT_3D('',#8208,#6699,#6700);
#5806=AXIS2_PLACEMENT_3D('',#8209,#6701,#6702);
#5807=AXIS2_PLACEMENT_3D('',#8210,#6703,#6704);
#5808=AXIS2_PLACEMENT_3D('',#8211,#6705,#6706);
#5809=AXIS2_PLACEMENT_3D('',#8212,#6707,#6708);
#5810=AXIS2_PLACEMENT_3D('',#8213,#6709,#6710);
#5811=AXIS2_PLACEMENT_3D('',#8222,#6715,#6716);
#5812=AXIS2_PLACEMENT_3D('',#8228,#6720,#6721);
#5813=AXIS2_PLACEMENT_3D('',#8234,#6725,#6726);
#5814=AXIS2_PLACEMENT_3D('',#8237,#6729,#6730);
#5815=AXIS2_PLACEMENT_3D('',#8238,#6731,#6732);
#5816=AXIS2_PLACEMENT_3D('',#8239,#6733,#6734);
#5817=AXIS2_PLACEMENT_3D('',#8240,#6735,#6736);
#5818=AXIS2_PLACEMENT_3D('',#8241,#6737,#6738);
#5819=AXIS2_PLACEMENT_3D('',#8242,#6739,#6740);
#5820=AXIS2_PLACEMENT_3D('',#8243,#6741,#6742);
#5821=AXIS2_PLACEMENT_3D('',#8245,#6743,#6744);
#5822=AXIS2_PLACEMENT_3D('',#8247,#6745,#6746);
#5823=AXIS2_PLACEMENT_3D('',#8251,#6748,#6749);
#5824=AXIS2_PLACEMENT_3D('',#8253,#6750,#6751);
#5825=AXIS2_PLACEMENT_3D('',#8261,#6755,#6756);
#5826=AXIS2_PLACEMENT_3D('',#8263,#6757,#6758);
#5827=AXIS2_PLACEMENT_3D('',#8264,#6759,#6760);
#5828=AXIS2_PLACEMENT_3D('',#8269,#6762,#6763);
#5829=AXIS2_PLACEMENT_3D('',#8270,#6764,#6765);
#5830=AXIS2_PLACEMENT_3D('',#8279,#6769,#6770);
#5831=AXIS2_PLACEMENT_3D('',#8280,#6771,#6772);
#5832=AXIS2_PLACEMENT_3D('',#8282,#6773,#6774);
#5833=AXIS2_PLACEMENT_3D('',#8284,#6775,#6776);
#5834=AXIS2_PLACEMENT_3D('',#8287,#6779,#6780);
#5835=AXIS2_PLACEMENT_3D('',#8289,#6782,#6783);
#5836=AXIS2_PLACEMENT_3D('',#8291,#6785,#6786);
#5837=AXIS2_PLACEMENT_3D('',#8300,#6791,#6792);
#5838=AXIS2_PLACEMENT_3D('',#8306,#6796,#6797);
#5839=AXIS2_PLACEMENT_3D('',#8312,#6801,#6802);
#5840=AXIS2_PLACEMENT_3D('',#8315,#6805,#6806);
#5841=AXIS2_PLACEMENT_3D('',#8316,#6807,#6808);
#5842=AXIS2_PLACEMENT_3D('',#8317,#6809,#6810);
#5843=AXIS2_PLACEMENT_3D('',#8318,#6811,#6812);
#5844=AXIS2_PLACEMENT_3D('',#8321,#6815,#6816);
#5845=AXIS2_PLACEMENT_3D('',#8322,#6817,#6818);
#5846=AXIS2_PLACEMENT_3D('',#8323,#6819,#6820);
#5847=AXIS2_PLACEMENT_3D('',#8324,#6821,#6822);
#5848=AXIS2_PLACEMENT_3D('',#8325,#6823,#6824);
#5849=AXIS2_PLACEMENT_3D('',#8326,#6825,#6826);
#5850=AXIS2_PLACEMENT_3D('',#8330,#6828,#6829);
#5851=AXIS2_PLACEMENT_3D('',#8334,#6831,#6832);
#5852=AXIS2_PLACEMENT_3D('',#8335,#6833,#6834);
#5853=AXIS2_PLACEMENT_3D('',#8336,#6835,#6836);
#5854=AXIS2_PLACEMENT_3D('',#8341,#6838,#6839);
#5855=AXIS2_PLACEMENT_3D('',#8344,#6841,#6842);
#5856=AXIS2_PLACEMENT_3D('',#8345,#6843,#6844);
#5857=AXIS2_PLACEMENT_3D('',#8350,#6846,#6847);
#5858=AXIS2_PLACEMENT_3D('',#8353,#6849,#6850);
#5859=AXIS2_PLACEMENT_3D('',#8354,#6851,#6852);
#5860=AXIS2_PLACEMENT_3D('',#8359,#6854,#6855);
#5861=AXIS2_PLACEMENT_3D('',#8362,#6857,#6858);
#5862=AXIS2_PLACEMENT_3D('',#8363,#6859,#6860);
#5863=AXIS2_PLACEMENT_3D('',#8368,#6862,#6863);
#5864=AXIS2_PLACEMENT_3D('',#8371,#6865,#6866);
#5865=AXIS2_PLACEMENT_3D('',#8372,#6867,#6868);
#5866=AXIS2_PLACEMENT_3D('',#8377,#6870,#6871);
#5867=AXIS2_PLACEMENT_3D('',#8380,#6873,#6874);
#5868=AXIS2_PLACEMENT_3D('',#8381,#6875,#6876);
#5869=AXIS2_PLACEMENT_3D('',#8386,#6878,#6879);
#5870=AXIS2_PLACEMENT_3D('',#8389,#6881,#6882);
#5871=AXIS2_PLACEMENT_3D('',#8390,#6883,#6884);
#5872=AXIS2_PLACEMENT_3D('',#8395,#6886,#6887);
#5873=AXIS2_PLACEMENT_3D('',#8398,#6889,#6890);
#5874=AXIS2_PLACEMENT_3D('',#8402,#6892,#6893);
#5875=AXIS2_PLACEMENT_3D('',#8406,#6895,#6896);
#5876=AXIS2_PLACEMENT_3D('',#8407,#6897,#6898);
#5877=AXIS2_PLACEMENT_3D('',#8408,#6899,#6900);
#5878=AXIS2_PLACEMENT_3D('',#8413,#6902,#6903);
#5879=AXIS2_PLACEMENT_3D('',#8416,#6905,#6906);
#5880=AXIS2_PLACEMENT_3D('',#8420,#6908,#6909);
#5881=AXIS2_PLACEMENT_3D('',#8424,#6911,#6912);
#5882=AXIS2_PLACEMENT_3D('',#8425,#6913,#6914);
#5883=AXIS2_PLACEMENT_3D('',#8429,#6916,#6917);
#5884=AXIS2_PLACEMENT_3D('',#8433,#6919,#6920);
#5885=AXIS2_PLACEMENT_3D('',#8434,#6921,#6922);
#5886=AXIS2_PLACEMENT_3D('',#8438,#6924,#6925);
#5887=AXIS2_PLACEMENT_3D('',#8442,#6927,#6928);
#5888=AXIS2_PLACEMENT_3D('',#8443,#6929,#6930);
#5889=AXIS2_PLACEMENT_3D('',#8444,#6931,#6932);
#5890=AXIS2_PLACEMENT_3D('',#8449,#6934,#6935);
#5891=AXIS2_PLACEMENT_3D('',#8452,#6937,#6938);
#5892=AXIS2_PLACEMENT_3D('',#8453,#6939,#6940);
#5893=AXIS2_PLACEMENT_3D('',#8458,#6942,#6943);
#5894=AXIS2_PLACEMENT_3D('',#8461,#6945,#6946);
#5895=AXIS2_PLACEMENT_3D('',#8462,#6947,#6948);
#5896=AXIS2_PLACEMENT_3D('',#8467,#6950,#6951);
#5897=AXIS2_PLACEMENT_3D('',#8470,#6953,#6954);
#5898=AXIS2_PLACEMENT_3D('',#8474,#6956,#6957);
#5899=AXIS2_PLACEMENT_3D('',#8478,#6959,#6960);
#5900=AXIS2_PLACEMENT_3D('',#8479,#6961,#6962);
#5901=AXIS2_PLACEMENT_3D('',#8480,#6963,#6964);
#5902=AXIS2_PLACEMENT_3D('',#8485,#6966,#6967);
#5903=AXIS2_PLACEMENT_3D('',#8488,#6969,#6970);
#5904=AXIS2_PLACEMENT_3D('',#8489,#6971,#6972);
#5905=AXIS2_PLACEMENT_3D('',#8494,#6974,#6975);
#5906=AXIS2_PLACEMENT_3D('',#8497,#6977,#6978);
#5907=AXIS2_PLACEMENT_3D('',#8498,#6979,#6980);
#5908=AXIS2_PLACEMENT_3D('',#8500,#6981,#6982);
#5909=AXIS2_PLACEMENT_3D('',#8576,#6983,#6984);
#5910=AXIS2_PLACEMENT_3D('',#8578,#6985,#6986);
#5911=AXIS2_PLACEMENT_3D('',#8580,#6987,#6988);
#5912=AXIS2_PLACEMENT_3D('',#8655,#6989,#6990);
#5913=AXIS2_PLACEMENT_3D('',#8657,#6991,#6992);
#5914=AXIS2_PLACEMENT_3D('',#8659,#6993,#6994);
#5915=AXIS2_PLACEMENT_3D('',#8734,#6995,#6996);
#5916=AXIS2_PLACEMENT_3D('',#8736,#6997,#6998);
#5917=AXIS2_PLACEMENT_3D('',#8738,#6999,#7000);
#5918=AXIS2_PLACEMENT_3D('',#8813,#7001,#7002);
#5919=AXIS2_PLACEMENT_3D('',#8815,#7003,#7004);
#5920=AXIS2_PLACEMENT_3D('',#8817,#7005,#7006);
#5921=AXIS2_PLACEMENT_3D('',#8892,#7007,#7008);
#5922=AXIS2_PLACEMENT_3D('',#8894,#7009,#7010);
#5923=AXIS2_PLACEMENT_3D('',#8896,#7011,#7012);
#5924=AXIS2_PLACEMENT_3D('',#8971,#7013,#7014);
#5925=AXIS2_PLACEMENT_3D('',#8973,#7015,#7016);
#5926=AXIS2_PLACEMENT_3D('',#8975,#7017,#7018);
#5927=AXIS2_PLACEMENT_3D('',#9050,#7019,#7020);
#5928=AXIS2_PLACEMENT_3D('',#9052,#7021,#7022);
#5929=AXIS2_PLACEMENT_3D('',#9054,#7023,#7024);
#5930=AXIS2_PLACEMENT_3D('',#9129,#7025,#7026);
#5931=AXIS2_PLACEMENT_3D('',#9131,#7027,#7028);
#5932=AXIS2_PLACEMENT_3D('',#9133,#7029,#7030);
#5933=AXIS2_PLACEMENT_3D('',#9208,#7031,#7032);
#5934=AXIS2_PLACEMENT_3D('',#9210,#7033,#7034);
#5935=AXIS2_PLACEMENT_3D('',#9212,#7035,#7036);
#5936=AXIS2_PLACEMENT_3D('',#9287,#7037,#7038);
#5937=AXIS2_PLACEMENT_3D('',#9289,#7039,#7040);
#5938=AXIS2_PLACEMENT_3D('',#9291,#7041,#7042);
#5939=AXIS2_PLACEMENT_3D('',#9330,#7043,#7044);
#5940=AXIS2_PLACEMENT_3D('',#9369,#7045,#7046);
#5941=AXIS2_PLACEMENT_3D('',#9371,#7047,#7048);
#5942=AXIS2_PLACEMENT_3D('',#9373,#7049,#7050);
#5943=AXIS2_PLACEMENT_3D('',#9448,#7051,#7052);
#5944=AXIS2_PLACEMENT_3D('',#9450,#7053,#7054);
#5945=AXIS2_PLACEMENT_3D('',#9452,#7055,#7056);
#5946=AXIS2_PLACEMENT_3D('',#9527,#7057,#7058);
#5947=AXIS2_PLACEMENT_3D('',#9529,#7059,#7060);
#5948=AXIS2_PLACEMENT_3D('',#9531,#7061,#7062);
#5949=AXIS2_PLACEMENT_3D('',#9606,#7063,#7064);
#5950=AXIS2_PLACEMENT_3D('',#9608,#7065,#7066);
#5951=AXIS2_PLACEMENT_3D('',#9610,#7067,#7068);
#5952=AXIS2_PLACEMENT_3D('',#9685,#7069,#7070);
#5953=AXIS2_PLACEMENT_3D('',#9687,#7071,#7072);
#5954=AXIS2_PLACEMENT_3D('',#9689,#7073,#7074);
#5955=AXIS2_PLACEMENT_3D('',#9764,#7075,#7076);
#5956=AXIS2_PLACEMENT_3D('',#9766,#7077,#7078);
#5957=AXIS2_PLACEMENT_3D('',#9768,#7079,#7080);
#5958=AXIS2_PLACEMENT_3D('',#9843,#7081,#7082);
#5959=AXIS2_PLACEMENT_3D('',#9845,#7083,#7084);
#5960=AXIS2_PLACEMENT_3D('',#9847,#7085,#7086);
#5961=AXIS2_PLACEMENT_3D('',#9922,#7087,#7088);
#5962=AXIS2_PLACEMENT_3D('',#9924,#7089,#7090);
#5963=AXIS2_PLACEMENT_3D('',#9926,#7091,#7092);
#5964=AXIS2_PLACEMENT_3D('',#10001,#7093,#7094);
#5965=AXIS2_PLACEMENT_3D('',#10003,#7095,#7096);
#5966=AXIS2_PLACEMENT_3D('',#10005,#7097,#7098);
#5967=AXIS2_PLACEMENT_3D('',#10080,#7099,#7100);
#5968=AXIS2_PLACEMENT_3D('',#10082,#7101,#7102);
#5969=AXIS2_PLACEMENT_3D('',#10083,#7103,#7104);
#5970=AXIS2_PLACEMENT_3D('',#10086,#7106,#7107);
#5971=AXIS2_PLACEMENT_3D('',#10089,#7109,#7110);
#5972=AXIS2_PLACEMENT_3D('',#10090,#7111,#7112);
#5973=AXIS2_PLACEMENT_3D('',#10092,#7113,#7114);
#5974=AXIS2_PLACEMENT_3D('',#10168,#7115,#7116);
#5975=AXIS2_PLACEMENT_3D('',#10170,#7117,#7118);
#5976=AXIS2_PLACEMENT_3D('',#10172,#7119,#7120);
#5977=AXIS2_PLACEMENT_3D('',#10247,#7121,#7122);
#5978=AXIS2_PLACEMENT_3D('',#10249,#7123,#7124);
#5979=AXIS2_PLACEMENT_3D('',#10251,#7125,#7126);
#5980=AXIS2_PLACEMENT_3D('',#10326,#7127,#7128);
#5981=AXIS2_PLACEMENT_3D('',#10328,#7129,#7130);
#5982=AXIS2_PLACEMENT_3D('',#10330,#7131,#7132);
#5983=AXIS2_PLACEMENT_3D('',#10405,#7133,#7134);
#5984=AXIS2_PLACEMENT_3D('',#10407,#7135,#7136);
#5985=AXIS2_PLACEMENT_3D('',#10409,#7137,#7138);
#5986=AXIS2_PLACEMENT_3D('',#10484,#7139,#7140);
#5987=AXIS2_PLACEMENT_3D('',#10486,#7141,#7142);
#5988=AXIS2_PLACEMENT_3D('',#10488,#7143,#7144);
#5989=AXIS2_PLACEMENT_3D('',#10563,#7145,#7146);
#5990=AXIS2_PLACEMENT_3D('',#10565,#7147,#7148);
#5991=AXIS2_PLACEMENT_3D('',#10567,#7149,#7150);
#5992=AXIS2_PLACEMENT_3D('',#10642,#7151,#7152);
#5993=AXIS2_PLACEMENT_3D('',#10644,#7153,#7154);
#5994=AXIS2_PLACEMENT_3D('',#10646,#7155,#7156);
#5995=AXIS2_PLACEMENT_3D('',#10721,#7157,#7158);
#5996=AXIS2_PLACEMENT_3D('',#10723,#7159,#7160);
#5997=AXIS2_PLACEMENT_3D('',#10725,#7161,#7162);
#5998=AXIS2_PLACEMENT_3D('',#10800,#7163,#7164);
#5999=AXIS2_PLACEMENT_3D('',#10802,#7165,#7166);
#6000=AXIS2_PLACEMENT_3D('',#10804,#7167,#7168);
#6001=AXIS2_PLACEMENT_3D('',#10879,#7169,#7170);
#6002=AXIS2_PLACEMENT_3D('',#10881,#7171,#7172);
#6003=AXIS2_PLACEMENT_3D('',#10883,#7173,#7174);
#6004=AXIS2_PLACEMENT_3D('',#10958,#7175,#7176);
#6005=AXIS2_PLACEMENT_3D('',#10960,#7177,#7178);
#6006=AXIS2_PLACEMENT_3D('',#10962,#7179,#7180);
#6007=AXIS2_PLACEMENT_3D('',#11037,#7181,#7182);
#6008=AXIS2_PLACEMENT_3D('',#11039,#7183,#7184);
#6009=AXIS2_PLACEMENT_3D('',#11041,#7185,#7186);
#6010=AXIS2_PLACEMENT_3D('',#11116,#7187,#7188);
#6011=AXIS2_PLACEMENT_3D('',#11118,#7189,#7190);
#6012=AXIS2_PLACEMENT_3D('',#11120,#7191,#7192);
#6013=AXIS2_PLACEMENT_3D('',#11195,#7193,#7194);
#6014=AXIS2_PLACEMENT_3D('',#11197,#7195,#7196);
#6015=AXIS2_PLACEMENT_3D('',#11199,#7197,#7198);
#6016=AXIS2_PLACEMENT_3D('',#11274,#7199,#7200);
#6017=AXIS2_PLACEMENT_3D('',#11276,#7201,#7202);
#6018=AXIS2_PLACEMENT_3D('',#11278,#7203,#7204);
#6019=AXIS2_PLACEMENT_3D('',#11353,#7205,#7206);
#6020=AXIS2_PLACEMENT_3D('',#11355,#7207,#7208);
#6021=AXIS2_PLACEMENT_3D('',#11357,#7209,#7210);
#6022=AXIS2_PLACEMENT_3D('',#11432,#7211,#7212);
#6023=AXIS2_PLACEMENT_3D('',#11434,#7213,#7214);
#6024=AXIS2_PLACEMENT_3D('',#11436,#7215,#7216);
#6025=AXIS2_PLACEMENT_3D('',#11511,#7217,#7218);
#6026=AXIS2_PLACEMENT_3D('',#11513,#7219,#7220);
#6027=AXIS2_PLACEMENT_3D('',#11515,#7221,#7222);
#6028=AXIS2_PLACEMENT_3D('',#11590,#7223,#7224);
#6029=AXIS2_PLACEMENT_3D('',#11592,#7225,#7226);
#6030=AXIS2_PLACEMENT_3D('',#11594,#7227,#7228);
#6031=AXIS2_PLACEMENT_3D('',#11669,#7229,#7230);
#6032=AXIS2_PLACEMENT_3D('',#11671,#7231,#7232);
#6033=AXIS2_PLACEMENT_3D('',#11681,#7234,#7235);
#6034=AXIS2_PLACEMENT_3D('',#11693,#7239,#7240);
#6035=AXIS2_PLACEMENT_3D('',#11694,#7241,#7242);
#6036=AXIS2_PLACEMENT_3D('',#11704,#7244,#7245);
#6037=AXIS2_PLACEMENT_3D('',#11716,#7249,#7250);
#6038=AXIS2_PLACEMENT_3D('',#11717,#7251,#7252);
#6039=AXIS2_PLACEMENT_3D('',#11727,#7254,#7255);
#6040=AXIS2_PLACEMENT_3D('',#11739,#7259,#7260);
#6041=AXIS2_PLACEMENT_3D('',#11740,#7261,#7262);
#6042=AXIS2_PLACEMENT_3D('',#11750,#7264,#7265);
#6043=AXIS2_PLACEMENT_3D('',#11762,#7269,#7270);
#6044=AXIS2_PLACEMENT_3D('',#11763,#7271,#7272);
#6045=AXIS2_PLACEMENT_3D('',#11773,#7274,#7275);
#6046=AXIS2_PLACEMENT_3D('',#11785,#7279,#7280);
#6047=AXIS2_PLACEMENT_3D('',#11786,#7281,#7282);
#6048=AXIS2_PLACEMENT_3D('',#11796,#7284,#7285);
#6049=AXIS2_PLACEMENT_3D('',#11808,#7289,#7290);
#6050=AXIS2_PLACEMENT_3D('',#11809,#7291,#7292);
#6051=AXIS2_PLACEMENT_3D('',#11819,#7294,#7295);
#6052=AXIS2_PLACEMENT_3D('',#11831,#7299,#7300);
#6053=AXIS2_PLACEMENT_3D('',#11832,#7301,#7302);
#6054=AXIS2_PLACEMENT_3D('',#11842,#7304,#7305);
#6055=AXIS2_PLACEMENT_3D('',#11854,#7309,#7310);
#6056=AXIS2_PLACEMENT_3D('',#11855,#7311,#7312);
#6057=AXIS2_PLACEMENT_3D('',#11865,#7314,#7315);
#6058=AXIS2_PLACEMENT_3D('',#11877,#7319,#7320);
#6059=AXIS2_PLACEMENT_3D('',#11878,#7321,#7322);
#6060=AXIS2_PLACEMENT_3D('',#11888,#7324,#7325);
#6061=AXIS2_PLACEMENT_3D('',#11900,#7329,#7330);
#6062=AXIS2_PLACEMENT_3D('',#11901,#7331,#7332);
#6063=AXIS2_PLACEMENT_3D('',#11911,#7334,#7335);
#6064=AXIS2_PLACEMENT_3D('',#11923,#7339,#7340);
#6065=AXIS2_PLACEMENT_3D('',#11924,#7341,#7342);
#6066=AXIS2_PLACEMENT_3D('',#11934,#7344,#7345);
#6067=AXIS2_PLACEMENT_3D('',#11946,#7349,#7350);
#6068=AXIS2_PLACEMENT_3D('',#11947,#7351,#7352);
#6069=AXIS2_PLACEMENT_3D('',#11957,#7354,#7355);
#6070=AXIS2_PLACEMENT_3D('',#11969,#7359,#7360);
#6071=AXIS2_PLACEMENT_3D('',#11970,#7361,#7362);
#6072=AXIS2_PLACEMENT_3D('',#11980,#7364,#7365);
#6073=AXIS2_PLACEMENT_3D('',#11992,#7369,#7370);
#6074=AXIS2_PLACEMENT_3D('',#11993,#7371,#7372);
#6075=AXIS2_PLACEMENT_3D('',#12003,#7374,#7375);
#6076=AXIS2_PLACEMENT_3D('',#12015,#7379,#7380);
#6077=AXIS2_PLACEMENT_3D('',#12016,#7381,#7382);
#6078=AXIS2_PLACEMENT_3D('',#12026,#7384,#7385);
#6079=AXIS2_PLACEMENT_3D('',#12038,#7389,#7390);
#6080=AXIS2_PLACEMENT_3D('',#12039,#7391,#7392);
#6081=AXIS2_PLACEMENT_3D('',#12049,#7394,#7395);
#6082=AXIS2_PLACEMENT_3D('',#12061,#7399,#7400);
#6083=AXIS2_PLACEMENT_3D('',#12062,#7401,#7402);
#6084=AXIS2_PLACEMENT_3D('',#12072,#7404,#7405);
#6085=AXIS2_PLACEMENT_3D('',#12084,#7409,#7410);
#6086=AXIS2_PLACEMENT_3D('',#12085,#7411,#7412);
#6087=AXIS2_PLACEMENT_3D('',#12095,#7414,#7415);
#6088=AXIS2_PLACEMENT_3D('',#12107,#7419,#7420);
#6089=AXIS2_PLACEMENT_3D('',#12108,#7421,#7422);
#6090=AXIS2_PLACEMENT_3D('',#12118,#7424,#7425);
#6091=AXIS2_PLACEMENT_3D('',#12130,#7429,#7430);
#6092=AXIS2_PLACEMENT_3D('',#12131,#7431,#7432);
#6093=AXIS2_PLACEMENT_3D('',#12132,#7433,#7434);
#6094=AXIS2_PLACEMENT_3D('',#12133,#7435,#7436);
#6095=AXIS2_PLACEMENT_3D('',#12134,#7437,#7438);
#6096=AXIS2_PLACEMENT_3D('',#12163,#7453,#7454);
#6097=AXIS2_PLACEMENT_3D('',#12169,#7458,#7459);
#6098=AXIS2_PLACEMENT_3D('',#12195,#7473,#7474);
#6099=AXIS2_PLACEMENT_3D('',#12204,#7479,#7480);
#6100=AXIS2_PLACEMENT_3D('',#12210,#7484,#7485);
#6101=AXIS2_PLACEMENT_3D('',#12216,#7489,#7490);
#6102=AXIS2_PLACEMENT_3D('',#12219,#7493,#7494);
#6103=AXIS2_PLACEMENT_3D('',#12222,#7497,#7498);
#6104=AXIS2_PLACEMENT_3D('',#12223,#7499,#7500);
#6105=AXIS2_PLACEMENT_3D('',#12224,#7501,#7502);
#6106=AXIS2_PLACEMENT_3D('',#12226,#7504,#7505);
#6107=AXIS2_PLACEMENT_3D('',#12228,#7507,#7508);
#6108=AXIS2_PLACEMENT_3D('',#12230,#7510,#7511);
#6109=AXIS2_PLACEMENT_3D('',#12232,#7513,#7514);
#6110=AXIS2_PLACEMENT_3D('',#12234,#7516,#7517);
#6111=AXIS2_PLACEMENT_3D('',#12236,#7519,#7520);
#6112=AXIS2_PLACEMENT_3D('',#12238,#7522,#7523);
#6113=AXIS2_PLACEMENT_3D('',#12240,#7525,#7526);
#6114=AXIS2_PLACEMENT_3D('',#12242,#7528,#7529);
#6115=AXIS2_PLACEMENT_3D('',#12244,#7531,#7532);
#6116=AXIS2_PLACEMENT_3D('',#12245,#7533,#7534);
#6117=AXIS2_PLACEMENT_3D('',#12246,#7535,#7536);
#6118=AXIS2_PLACEMENT_3D('',#12247,#7537,#7538);
#6119=AXIS2_PLACEMENT_3D('',#12249,#7539,#7540);
#6120=AXIS2_PLACEMENT_3D('',#12251,#7541,#7542);
#6121=AXIS2_PLACEMENT_3D('',#12255,#7544,#7545);
#6122=AXIS2_PLACEMENT_3D('',#12257,#7546,#7547);
#6123=AXIS2_PLACEMENT_3D('',#12265,#7551,#7552);
#6124=AXIS2_PLACEMENT_3D('',#12267,#7553,#7554);
#6125=AXIS2_PLACEMENT_3D('',#12268,#7555,#7556);
#6126=AXIS2_PLACEMENT_3D('',#12273,#7558,#7559);
#6127=AXIS2_PLACEMENT_3D('',#12274,#7560,#7561);
#6128=AXIS2_PLACEMENT_3D('',#12283,#7565,#7566);
#6129=AXIS2_PLACEMENT_3D('',#12284,#7567,#7568);
#6130=AXIS2_PLACEMENT_3D('',#12286,#7569,#7570);
#6131=AXIS2_PLACEMENT_3D('',#12288,#7571,#7572);
#6132=AXIS2_PLACEMENT_3D('',#12291,#7575,#7576);
#6133=AXIS2_PLACEMENT_3D('',#12293,#7578,#7579);
#6134=AXIS2_PLACEMENT_3D('',#12295,#7581,#7582);
#6135=AXIS2_PLACEMENT_3D('',#12304,#7587,#7588);
#6136=AXIS2_PLACEMENT_3D('',#12310,#7592,#7593);
#6137=AXIS2_PLACEMENT_3D('',#12316,#7597,#7598);
#6138=AXIS2_PLACEMENT_3D('',#12319,#7601,#7602);
#6139=AXIS2_PLACEMENT_3D('',#12320,#7603,#7604);
#6140=AXIS2_PLACEMENT_3D('',#12321,#7605,#7606);
#6141=AXIS2_PLACEMENT_3D('',#12322,#7607,#7608);
#6142=AXIS2_PLACEMENT_3D('',#12325,#7611,#7612);
#6143=AXIS2_PLACEMENT_3D('',#12326,#7613,#7614);
#6144=AXIS2_PLACEMENT_3D('',#12327,#7615,#7616);
#6145=AXIS2_PLACEMENT_3D('',#12328,#7617,#7618);
#6146=AXIS2_PLACEMENT_3D('',#12329,#7619,#7620);
#6147=AXIS2_PLACEMENT_3D('',#12330,#7621,#7622);
#6148=AXIS2_PLACEMENT_3D('',#12331,#7623,#7624);
#6149=AXIS2_PLACEMENT_3D('',#12332,#7625,#7626);
#6150=AXIS2_PLACEMENT_3D('',#12333,#7627,#7628);
#6151=AXIS2_PLACEMENT_3D('',#12334,#7629,#7630);
#6152=AXIS2_PLACEMENT_3D('',#12336,#7631,#7632);
#6153=AXIS2_PLACEMENT_3D('',#12338,#7633,#7634);
#6154=AXIS2_PLACEMENT_3D('',#12348,#7639,#7640);
#6155=AXIS2_PLACEMENT_3D('',#12350,#7641,#7642);
#6156=AXIS2_PLACEMENT_3D('',#12352,#7643,#7644);
#6157=AXIS2_PLACEMENT_3D('',#12354,#7645,#7646);
#6158=AXIS2_PLACEMENT_3D('',#12356,#7647,#7648);
#6159=AXIS2_PLACEMENT_3D('',#12358,#7649,#7650);
#6160=AXIS2_PLACEMENT_3D('',#12364,#7654,#7655);
#6161=AXIS2_PLACEMENT_3D('',#12368,#7658,#7659);
#6162=AXIS2_PLACEMENT_3D('',#12372,#7662,#7663);
#6163=AXIS2_PLACEMENT_3D('',#12374,#7665,#7666);
#6164=AXIS2_PLACEMENT_3D('',#12375,#7667,#7668);
#6165=AXIS2_PLACEMENT_3D('',#12376,#7669,#7670);
#6166=AXIS2_PLACEMENT_3D('',#12378,#7671,#7672);
#6167=AXIS2_PLACEMENT_3D('',#12379,#7673,#7674);
#6168=AXIS2_PLACEMENT_3D('',#12380,#7675,#7676);
#6169=AXIS2_PLACEMENT_3D('',#12382,#7677,#7678);
#6170=AXIS2_PLACEMENT_3D('',#12383,#7679,#7680);
#6171=AXIS2_PLACEMENT_3D('',#12384,#7681,#7682);
#6172=AXIS2_PLACEMENT_3D('',#12386,#7683,#7684);
#6173=AXIS2_PLACEMENT_3D('',#12387,#7685,#7686);
#6174=AXIS2_PLACEMENT_3D('',#12388,#7687,#7688);
#6175=AXIS2_PLACEMENT_3D('',#12390,#7689,#7690);
#6176=AXIS2_PLACEMENT_3D('',#12391,#7691,#7692);
#6177=AXIS2_PLACEMENT_3D('',#12392,#7693,#7694);
#6178=AXIS2_PLACEMENT_3D('',#12394,#7695,#7696);
#6179=AXIS2_PLACEMENT_3D('',#12395,#7697,#7698);
#6180=AXIS2_PLACEMENT_3D('',#12396,#7699,#7700);
#6181=AXIS2_PLACEMENT_3D('',#12398,#7701,#7702);
#6182=AXIS2_PLACEMENT_3D('',#12399,#7703,#7704);
#6183=AXIS2_PLACEMENT_3D('',#12400,#7705,#7706);
#6184=AXIS2_PLACEMENT_3D('',#12402,#7707,#7708);
#6185=AXIS2_PLACEMENT_3D('',#12403,#7709,#7710);
#6186=AXIS2_PLACEMENT_3D('',#12404,#7711,#7712);
#6187=AXIS2_PLACEMENT_3D('',#12406,#7713,#7714);
#6188=AXIS2_PLACEMENT_3D('',#12407,#7715,#7716);
#6189=DIRECTION('',(0.,0.,1.));
#6190=DIRECTION('',(1.,0.,0.));
#6191=DIRECTION('',(0.,0.,1.));
#6192=DIRECTION('',(1.,0.,0.));
#6193=DIRECTION('',(0.,0.,1.));
#6194=DIRECTION('',(1.,0.,0.));
#6195=DIRECTION('',(0.,0.,1.));
#6196=DIRECTION('',(1.,0.,0.));
#6197=DIRECTION('',(0.,0.,1.));
#6198=DIRECTION('',(1.,0.,0.));
#6199=DIRECTION('',(0.,0.,1.));
#6200=DIRECTION('',(1.,0.,0.));
#6201=DIRECTION('',(0.,0.,-1.));
#6202=DIRECTION('',(-1.,0.,0.));
#6203=DIRECTION('',(0.,0.,-1.));
#6204=DIRECTION('',(-1.,0.,0.));
#6205=DIRECTION('',(0.,0.,-1.));
#6206=DIRECTION('',(-1.,0.,0.));
#6207=DIRECTION('',(0.,0.,1.));
#6208=DIRECTION('',(1.,0.,0.));
#6209=DIRECTION('',(0.,0.,1.));
#6210=DIRECTION('',(1.,0.,0.));
#6211=DIRECTION('',(0.,0.,1.));
#6212=DIRECTION('',(1.,0.,0.));
#6213=DIRECTION('',(0.,0.,1.));
#6214=DIRECTION('',(1.,0.,0.));
#6215=DIRECTION('',(0.,0.,1.));
#6216=DIRECTION('',(1.,0.,0.));
#6217=DIRECTION('',(0.,0.,-1.));
#6218=DIRECTION('',(-1.,0.,0.));
#6219=DIRECTION('',(0.,0.,-1.));
#6220=DIRECTION('',(-1.,0.,0.));
#6221=DIRECTION('',(0.,0.,-1.));
#6222=DIRECTION('',(-1.,0.,0.));
#6223=DIRECTION('',(0.,0.,-1.));
#6224=DIRECTION('',(-1.,0.,0.));
#6225=DIRECTION('',(0.,0.,-1.));
#6226=DIRECTION('',(-1.,0.,0.));
#6227=DIRECTION('',(0.,0.,-1.));
#6228=DIRECTION('',(1.,0.,0.));
#6229=DIRECTION('',(0.,0.,1.));
#6230=DIRECTION('',(1.,0.,0.));
#6231=DIRECTION('',(0.,0.,1.));
#6232=DIRECTION('',(1.,0.,0.));
#6233=DIRECTION('',(0.,0.,1.));
#6234=DIRECTION('',(1.,0.,0.));
#6235=DIRECTION('',(0.,0.,1.));
#6236=DIRECTION('',(1.,0.,0.));
#6237=DIRECTION('',(0.,0.,1.));
#6238=DIRECTION('',(1.,0.,0.));
#6239=DIRECTION('',(-1.,-6.84828711026953E-16,-1.70485623352203E-15));
#6240=DIRECTION('',(-6.32854941935809E-16,-0.742752776071771,0.669565764983305));
#6241=DIRECTION('',(0.,0.,-1.));
#6242=DIRECTION('',(-1.,0.,0.));
#6243=DIRECTION('',(0.,0.,1.));
#6244=DIRECTION('',(1.,0.,0.));
#6245=DIRECTION('',(0.,0.,-1.));
#6246=DIRECTION('',(0.,0.,1.));
#6247=DIRECTION('',(1.,0.,0.));
#6248=DIRECTION('',(0.,0.,-1.));
#6249=DIRECTION('',(1.50845519650157E-17,1.,0.));
#6250=DIRECTION('',(-1.,1.50845519650157E-17,0.));
#6251=DIRECTION('',(1.,-1.50845519650157E-17,0.));
#6252=DIRECTION('',(0.,0.,-1.));
#6253=DIRECTION('',(1.,-1.50845519650157E-17,0.));
#6254=DIRECTION('',(0.,0.,-1.));
#6255=DIRECTION('',(-1.,0.,0.));
#6256=DIRECTION('',(0.,0.,1.));
#6257=DIRECTION('',(1.,0.,0.));
#6258=DIRECTION('',(0.,0.,-1.));
#6259=DIRECTION('',(0.,0.,1.));
#6260=DIRECTION('',(1.,0.,0.));
#6261=DIRECTION('',(0.,1.,0.));
#6262=DIRECTION('',(0.,0.,1.));
#6263=DIRECTION('',(1.,0.,0.));
#6264=DIRECTION('',(0.,0.,-1.));
#6265=DIRECTION('',(1.,0.,0.));
#6266=DIRECTION('',(0.,0.,-1.));
#6267=DIRECTION('',(0.,0.,-1.));
#6268=DIRECTION('',(-1.,0.,0.));
#6269=DIRECTION('',(0.,0.,1.));
#6270=DIRECTION('',(1.,0.,0.));
#6271=DIRECTION('',(0.,0.,-1.));
#6272=DIRECTION('',(0.,0.,1.));
#6273=DIRECTION('',(1.,0.,0.));
#6274=DIRECTION('',(0.,1.,0.));
#6275=DIRECTION('',(0.,0.,1.));
#6276=DIRECTION('',(1.,0.,0.));
#6277=DIRECTION('',(0.,0.,-1.));
#6278=DIRECTION('',(1.,0.,0.));
#6279=DIRECTION('',(0.,0.,-1.));
#6280=DIRECTION('',(-1.,0.,0.));
#6281=DIRECTION('',(0.,0.,1.));
#6282=DIRECTION('',(1.,0.,0.));
#6283=DIRECTION('',(0.,0.,1.));
#6284=DIRECTION('',(1.,0.,0.));
#6285=DIRECTION('',(0.,-1.,0.));
#6286=DIRECTION('',(0.,0.,-1.));
#6287=DIRECTION('',(-1.,0.,0.));
#6288=DIRECTION('',(-1.,0.,0.));
#6289=DIRECTION('',(0.,0.,1.));
#6290=DIRECTION('',(1.,0.,0.));
#6291=DIRECTION('',(0.,0.,1.));
#6292=DIRECTION('',(1.,0.,0.));
#6293=DIRECTION('',(-1.,-1.25474169259132E-17,-4.56620947988034E-16));
#6294=DIRECTION('',(4.35202054647185E-16,-0.329864400045637,-0.944028324565811));
#6295=DIRECTION('',(0.,0.,1.));
#6296=DIRECTION('',(1.,0.,0.));
#6297=DIRECTION('',(1.,1.87537673078573E-16,0.));
#6298=DIRECTION('',(-1.87537673078573E-16,1.,0.));
#6299=DIRECTION('',(1.,1.87537673078573E-16,0.));
#6300=DIRECTION('',(-1.87537673078573E-16,1.,0.));
#6301=DIRECTION('',(1.,1.87537673078573E-16,0.));
#6302=DIRECTION('',(-1.87537673078573E-16,1.,0.));
#6303=DIRECTION('',(1.,1.87537673078573E-16,0.));
#6304=DIRECTION('',(-1.87537673078573E-16,1.,0.));
#6305=DIRECTION('',(1.,1.87537673078573E-16,0.));
#6306=DIRECTION('',(-1.87537673078573E-16,1.,0.));
#6307=DIRECTION('',(1.,1.87537673078573E-16,0.));
#6308=DIRECTION('',(-1.87537673078573E-16,1.,0.));
#6309=DIRECTION('',(1.,1.87537673078573E-16,0.));
#6310=DIRECTION('',(-1.87537673078573E-16,1.,0.));
#6311=DIRECTION('',(0.,0.,1.));
#6312=DIRECTION('',(1.,1.87537673078573E-16,0.));
#6313=DIRECTION('',(-1.87537673078573E-16,1.,0.));
#6314=DIRECTION('',(1.,1.87537673078573E-16,0.));
#6315=DIRECTION('',(-1.87537673078573E-16,1.,0.));
#6316=DIRECTION('',(0.,0.,1.));
#6317=DIRECTION('',(-1.87537673078573E-16,1.,0.));
#6318=DIRECTION('',(1.,1.87537673078573E-16,0.));
#6319=DIRECTION('',(-1.87537673078573E-16,1.,0.));
#6320=DIRECTION('',(1.,1.87537673078573E-16,0.));
#6321=DIRECTION('',(-1.87537673078573E-16,1.,0.));
#6322=DIRECTION('',(1.,1.87537673078573E-16,0.));
#6323=DIRECTION('',(-1.87537673078573E-16,1.,0.));
#6324=DIRECTION('',(1.,1.87537673078573E-16,0.));
#6325=DIRECTION('',(-1.87537673078573E-16,1.,0.));
#6326=DIRECTION('',(1.,1.87537673078573E-16,0.));
#6327=DIRECTION('',(-1.87537673078573E-16,1.,0.));
#6328=DIRECTION('',(1.,1.87537673078573E-16,0.));
#6329=DIRECTION('',(-1.87537673078573E-16,1.,0.));
#6330=DIRECTION('',(0.,0.,1.));
#6331=DIRECTION('',(-1.87537673078573E-16,1.,0.));
#6332=DIRECTION('',(0.,0.,1.));
#6333=DIRECTION('',(1.,1.87537673078573E-16,0.));
#6334=DIRECTION('',(-1.87537673078573E-16,1.,0.));
#6335=DIRECTION('',(0.,-1.,0.));
#6336=DIRECTION('',(0.,0.,-1.));
#6337=DIRECTION('',(1.,1.87537673078573E-16,0.));
#6338=DIRECTION('',(-1.,0.,0.));
#6339=DIRECTION('',(0.,0.,-1.));
#6340=DIRECTION('',(-1.,0.,0.));
#6341=DIRECTION('',(0.,-1.,0.));
#6342=DIRECTION('',(0.,0.,-1.));
#6343=DIRECTION('',(1.,1.87537673078573E-16,0.));
#6344=DIRECTION('',(-1.,0.,0.));
#6345=DIRECTION('',(0.,0.,-1.));
#6346=DIRECTION('',(-1.,0.,0.));
#6347=DIRECTION('',(-1.,-1.87537673078573E-16,0.));
#6348=DIRECTION('',(1.87537673078573E-16,-1.,0.));
#6349=DIRECTION('',(-1.87537673078573E-16,1.,0.));
#6350=DIRECTION('',(-1.87537673078573E-16,1.,0.));
#6351=DIRECTION('',(0.,0.,1.));
#6352=DIRECTION('',(1.,0.,0.));
#6353=DIRECTION('',(0.,0.,1.));
#6354=DIRECTION('',(1.,0.,0.));
#6355=DIRECTION('',(0.,0.,1.));
#6356=DIRECTION('',(1.,0.,0.));
#6357=DIRECTION('',(0.,0.,1.));
#6358=DIRECTION('',(1.,0.,0.));
#6359=DIRECTION('',(0.,0.,1.));
#6360=DIRECTION('',(1.,0.,0.));
#6361=DIRECTION('',(0.,0.,1.));
#6362=DIRECTION('',(1.,0.,0.));
#6363=DIRECTION('',(0.,0.,1.));
#6364=DIRECTION('',(1.,0.,0.));
#6365=DIRECTION('',(0.,0.,1.));
#6366=DIRECTION('',(1.,0.,0.));
#6367=DIRECTION('',(0.,0.,1.));
#6368=DIRECTION('',(1.,0.,0.));
#6369=DIRECTION('',(0.,0.,1.));
#6370=DIRECTION('',(1.,0.,0.));
#6371=DIRECTION('',(0.,0.,1.));
#6372=DIRECTION('',(1.,0.,0.));
#6373=DIRECTION('',(0.,0.,1.));
#6374=DIRECTION('',(1.,0.,0.));
#6375=DIRECTION('',(0.,0.,1.));
#6376=DIRECTION('',(1.,0.,0.));
#6377=DIRECTION('',(0.,0.,1.));
#6378=DIRECTION('',(1.,0.,0.));
#6379=DIRECTION('',(1.,1.87537673078573E-16,0.));
#6380=DIRECTION('',(-1.87537673078573E-16,1.,0.));
#6381=DIRECTION('',(1.,1.87537673078573E-16,0.));
#6382=DIRECTION('',(-1.87537673078573E-16,1.,0.));
#6383=DIRECTION('',(1.,1.87537673078573E-16,0.));
#6384=DIRECTION('',(-1.87537673078573E-16,1.,0.));
#6385=DIRECTION('',(1.,1.87537673078573E-16,0.));
#6386=DIRECTION('',(-1.87537673078573E-16,1.,0.));
#6387=DIRECTION('',(1.,1.87537673078573E-16,0.));
#6388=DIRECTION('',(-1.87537673078573E-16,1.,0.));
#6389=DIRECTION('',(1.,1.87537673078573E-16,0.));
#6390=DIRECTION('',(-1.87537673078573E-16,1.,0.));
#6391=DIRECTION('',(0.,0.,1.));
#6392=DIRECTION('',(-1.,0.,0.));
#6393=DIRECTION('',(1.7347234759768E-16,0.,-1.));
#6394=DIRECTION('',(-1.,0.,-1.7347234759768E-16));
#6395=DIRECTION('',(-1.,0.,-1.7347234759768E-16));
#6396=DIRECTION('',(0.,1.,0.));
#6397=DIRECTION('',(-1.,0.,-1.7347234759768E-16));
#6398=DIRECTION('',(0.,1.,0.));
#6399=DIRECTION('',(-1.,0.,-1.7347234759768E-16));
#6400=DIRECTION('',(-1.7347234759768E-16,0.,1.));
#6401=DIRECTION('',(-1.7347234759768E-16,0.,1.));
#6402=DIRECTION('',(0.,1.,0.));
#6403=DIRECTION('',(-1.7347234759768E-16,0.,1.));
#6404=DIRECTION('',(0.,0.,-1.));
#6405=DIRECTION('',(-1.,0.,0.));
#6406=DIRECTION('',(-1.,0.,0.));
#6407=DIRECTION('',(0.,1.,0.));
#6408=DIRECTION('',(-1.,0.,0.));
#6409=DIRECTION('',(-1.,0.,-1.7347234759768E-16));
#6410=DIRECTION('',(-1.7347234759768E-16,0.,1.));
#6411=DIRECTION('',(-1.7347234759768E-16,0.,1.));
#6412=DIRECTION('',(-1.7347234759768E-16,0.,1.));
#6413=DIRECTION('',(0.,-1.,0.));
#6414=DIRECTION('',(1.,0.,0.));
#6415=DIRECTION('',(0.,-1.,0.));
#6416=DIRECTION('',(1.,0.,0.));
#6417=DIRECTION('',(-8.36690648381899E-16,-0.943956518273797,0.330069828382435));
#6418=DIRECTION('',(1.,-3.4516672953171E-16,1.54775814152052E-15));
#6419=DIRECTION('',(0.,0.,1.));
#6420=DIRECTION('',(1.,0.,0.));
#6421=DIRECTION('',(0.,0.,1.));
#6422=DIRECTION('',(1.,0.,0.));
#6423=DIRECTION('',(0.,0.,-1.));
#6424=DIRECTION('',(1.,0.,0.));
#6425=DIRECTION('',(0.,0.,1.));
#6426=DIRECTION('',(1.,0.,0.));
#6427=DIRECTION('',(0.,0.,1.));
#6428=DIRECTION('',(1.,0.,0.));
#6429=DIRECTION('',(0.,0.,1.));
#6430=DIRECTION('',(1.,0.,0.));
#6431=DIRECTION('',(0.,1.,0.));
#6432=DIRECTION('',(1.,0.,0.));
#6433=DIRECTION('',(0.,1.,0.));
#6434=DIRECTION('',(0.,0.,-1.));
#6435=DIRECTION('',(1.,0.,0.));
#6436=DIRECTION('',(0.,0.,1.));
#6437=DIRECTION('',(1.,0.,0.));
#6438=DIRECTION('',(0.,1.,0.));
#6439=DIRECTION('',(1.,0.,0.));
#6440=DIRECTION('',(0.,1.,0.));
#6441=DIRECTION('',(0.,0.,1.));
#6442=DIRECTION('',(1.,0.,0.));
#6443=DIRECTION('',(0.,0.,-1.));
#6444=DIRECTION('',(-1.,0.,0.));
#6445=DIRECTION('',(0.,0.,1.));
#6446=DIRECTION('',(1.,0.,0.));
#6447=DIRECTION('',(0.,0.,-1.));
#6448=DIRECTION('',(-1.,0.,0.));
#6449=DIRECTION('',(0.,0.,1.));
#6450=DIRECTION('',(1.,0.,0.));
#6451=DIRECTION('',(0.,0.,-1.));
#6452=DIRECTION('',(-1.,0.,0.));
#6453=DIRECTION('',(0.,0.,1.));
#6454=DIRECTION('',(1.,0.,0.));
#6455=DIRECTION('',(0.,0.,-1.));
#6456=DIRECTION('',(-1.,0.,0.));
#6457=DIRECTION('',(0.,0.,1.));
#6458=DIRECTION('',(1.,0.,0.));
#6459=DIRECTION('',(0.,0.,-1.));
#6460=DIRECTION('',(-1.,0.,0.));
#6461=DIRECTION('',(0.,0.,-1.));
#6462=DIRECTION('',(-1.,0.,0.));
#6463=DIRECTION('',(0.,0.,1.));
#6464=DIRECTION('',(0.,0.,1.));
#6465=DIRECTION('',(0.,0.,-1.));
#6466=DIRECTION('',(-1.,0.,0.));
#6467=DIRECTION('',(0.,0.,1.));
#6468=DIRECTION('',(0.,0.,-1.));
#6469=DIRECTION('',(-1.,0.,0.));
#6470=DIRECTION('',(0.,0.,1.));
#6471=DIRECTION('',(0.,0.,-1.));
#6472=DIRECTION('',(-1.,0.,0.));
#6473=DIRECTION('',(0.,0.,1.));
#6474=DIRECTION('',(0.,0.,-1.));
#6475=DIRECTION('',(-1.,0.,0.));
#6476=DIRECTION('',(0.,0.,1.));
#6477=DIRECTION('',(0.,0.,-1.));
#6478=DIRECTION('',(-1.,0.,0.));
#6479=DIRECTION('',(0.,0.,1.));
#6480=DIRECTION('',(0.,0.,-1.));
#6481=DIRECTION('',(-1.,0.,0.));
#6482=DIRECTION('',(0.,0.,1.));
#6483=DIRECTION('',(0.,0.,-1.));
#6484=DIRECTION('',(1.,0.,0.));
#6485=DIRECTION('',(0.,0.,-1.));
#6486=DIRECTION('',(-1.,0.,0.));
#6487=DIRECTION('',(0.,0.,-1.));
#6488=DIRECTION('',(-1.,0.,0.));
#6489=DIRECTION('',(0.,0.,-1.));
#6490=DIRECTION('',(-1.,0.,0.));
#6491=DIRECTION('',(0.,0.,-1.));
#6492=DIRECTION('',(-1.,0.,0.));
#6493=DIRECTION('',(0.,0.,-1.));
#6494=DIRECTION('',(-1.,0.,0.));
#6495=DIRECTION('',(0.,0.,-1.));
#6496=DIRECTION('',(-1.,0.,0.));
#6497=DIRECTION('',(0.,0.,-1.));
#6498=DIRECTION('',(0.,0.,-1.));
#6499=DIRECTION('',(-1.,0.,0.));
#6500=DIRECTION('',(0.,0.,1.));
#6501=DIRECTION('',(0.,0.,1.));
#6502=DIRECTION('',(-1.,0.,0.));
#6503=DIRECTION('',(0.,0.,1.));
#6504=DIRECTION('',(0.,0.,1.));
#6505=DIRECTION('',(1.,0.,-1.65211759616839E-16));
#6506=DIRECTION('',(-1.65211759616839E-16,0.,-1.));
#6507=DIRECTION('',(1.65211759616839E-16,0.,1.));
#6508=DIRECTION('',(0.,-1.,0.));
#6509=DIRECTION('',(1.65211759616839E-16,0.,1.));
#6510=DIRECTION('',(0.,-1.,0.));
#6511=DIRECTION('',(-1.23908819712629E-16,0.,-1.));
#6512=DIRECTION('',(-1.,0.,1.23908819712629E-16));
#6513=DIRECTION('',(1.,0.,-1.23908819712629E-16));
#6514=DIRECTION('',(0.,-1.,0.));
#6515=DIRECTION('',(1.,0.,-1.23908819712629E-16));
#6516=DIRECTION('',(1.,0.,-1.65211759616839E-16));
#6517=DIRECTION('',(-1.65211759616839E-16,0.,-1.));
#6518=DIRECTION('',(1.65211759616839E-16,0.,1.));
#6519=DIRECTION('',(0.,-1.,0.));
#6520=DIRECTION('',(1.65211759616839E-16,0.,1.));
#6521=DIRECTION('',(0.,0.,-1.));
#6522=DIRECTION('',(-1.,0.,0.));
#6523=DIRECTION('',(1.,0.,0.));
#6524=DIRECTION('',(1.,0.,0.));
#6525=DIRECTION('',(0.,1.,0.));
#6526=DIRECTION('',(-1.,0.,0.));
#6527=DIRECTION('',(0.,-1.,0.));
#6528=DIRECTION('',(1.,0.,0.));
#6529=DIRECTION('',(0.,0.,1.));
#6530=DIRECTION('',(1.,0.,0.));
#6531=DIRECTION('',(0.,0.,1.));
#6532=DIRECTION('',(1.,0.,0.));
#6533=DIRECTION('',(0.,0.,1.));
#6534=DIRECTION('',(1.,0.,0.));
#6535=DIRECTION('',(0.,0.,1.));
#6536=DIRECTION('',(1.,0.,0.));
#6537=DIRECTION('',(0.,0.,1.));
#6538=DIRECTION('',(1.,0.,0.));
#6539=DIRECTION('',(-1.,3.45166749916122E-16,-1.54775812535689E-15));
#6540=DIRECTION('',(8.36690662288774E-16,0.943956518273797,-0.330069828382435));
#6541=DIRECTION('',(0.,0.,1.));
#6542=DIRECTION('',(1.,0.,0.));
#6543=DIRECTION('',(0.,0.,1.));
#6544=DIRECTION('',(1.,0.,0.));
#6545=DIRECTION('',(1.,0.,0.));
#6546=DIRECTION('',(0.,0.,-1.));
#6547=DIRECTION('',(-1.,0.,0.));
#6548=DIRECTION('',(0.,0.,-1.));
#6549=DIRECTION('',(0.,0.,1.));
#6550=DIRECTION('',(1.,0.,0.));
#6551=DIRECTION('',(0.,0.,-1.));
#6552=DIRECTION('',(0.,0.,1.));
#6553=DIRECTION('',(1.,0.,0.));
#6554=DIRECTION('',(0.,0.,1.));
#6555=DIRECTION('',(1.,0.,0.));
#6556=DIRECTION('',(0.,1.,0.));
#6557=DIRECTION('',(0.,0.,1.));
#6558=DIRECTION('',(1.,0.,0.));
#6559=DIRECTION('',(0.,0.,1.));
#6560=DIRECTION('',(1.,0.,0.));
#6561=DIRECTION('',(1.,7.08705477398744E-16,1.68333216002666E-15));
#6562=DIRECTION('',(1.72482456003304E-15,-0.669565764983304,-0.742752776071771));
#6563=DIRECTION('',(0.,0.,1.));
#6564=DIRECTION('',(1.,0.,0.));
#6565=DIRECTION('',(1.,0.,0.));
#6566=DIRECTION('',(0.,1.,0.));
#6567=DIRECTION('',(1.,0.,0.));
#6568=DIRECTION('',(0.,1.,0.));
#6569=DIRECTION('',(0.,1.,0.));
#6570=DIRECTION('',(0.,0.,1.));
#6571=DIRECTION('',(0.,-1.,0.));
#6572=DIRECTION('',(0.,0.,-1.));
#6573=DIRECTION('',(0.,-1.,0.));
#6574=DIRECTION('',(0.,0.,-1.));
#6575=DIRECTION('',(0.,-1.,0.));
#6576=DIRECTION('',(1.,0.,0.));
#6577=DIRECTION('',(0.,-1.,0.));
#6578=DIRECTION('',(1.,0.,0.));
#6579=DIRECTION('',(1.41060079992445E-16,-0.386880686940386,-0.922129781577699));
#6580=DIRECTION('',(2.34166413470903E-16,-0.922129781577699,0.386880686940386));
#6581=DIRECTION('',(0.,0.,-1.));
#6582=DIRECTION('',(-1.,0.,0.));
#6583=DIRECTION('',(0.,0.,1.));
#6584=DIRECTION('',(1.,0.,0.));
#6585=DIRECTION('',(0.,0.,1.));
#6586=DIRECTION('',(1.,0.,0.));
#6587=DIRECTION('',(0.,0.,1.));
#6588=DIRECTION('',(1.,0.,0.));
#6589=DIRECTION('',(0.,0.,1.));
#6590=DIRECTION('',(1.,0.,0.));
#6591=DIRECTION('',(0.,0.,1.));
#6592=DIRECTION('',(1.,0.,0.));
#6593=DIRECTION('',(0.,0.,1.));
#6594=DIRECTION('',(1.,0.,0.));
#6595=DIRECTION('',(0.,0.,-1.));
#6596=DIRECTION('',(-1.,0.,0.));
#6597=DIRECTION('',(-1.,-2.86817080549812E-16,-3.60785054416062E-16));
#6598=DIRECTION('',(-4.43654632574528E-16,0.386880686940382,0.922129781577701));
#6599=DIRECTION('',(0.,0.,1.));
#6600=DIRECTION('',(1.,0.,0.));
#6601=DIRECTION('',(0.,0.,-1.));
#6602=DIRECTION('',(-1.,0.,0.));
#6603=DIRECTION('',(0.,0.,1.));
#6604=DIRECTION('',(1.,0.,0.));
#6605=DIRECTION('',(0.,0.,1.));
#6606=DIRECTION('',(1.,0.,0.));
#6607=DIRECTION('',(0.,0.,1.));
#6608=DIRECTION('',(1.,0.,0.));
#6609=DIRECTION('',(0.,0.,-1.));
#6610=DIRECTION('',(-1.,0.,0.));
#6611=DIRECTION('',(0.,0.,1.));
#6612=DIRECTION('',(1.,0.,0.));
#6613=DIRECTION('',(0.,0.,1.));
#6614=DIRECTION('',(1.,0.,0.));
#6615=DIRECTION('',(0.,0.,-1.));
#6616=DIRECTION('',(-1.,0.,0.));
#6617=DIRECTION('',(1.,3.43345578828502E-16,1.85812803023201E-15));
#6618=DIRECTION('',(-9.89118034172381E-16,-0.742752776071771,0.669565764983305));
#6619=DIRECTION('',(0.,-1.,0.));
#6620=DIRECTION('',(0.,0.,-1.));
#6621=DIRECTION('',(0.,-1.,0.));
#6622=DIRECTION('',(0.,0.,-1.));
#6623=DIRECTION('',(0.,-1.,0.));
#6624=DIRECTION('',(0.,0.,-1.));
#6625=DIRECTION('',(0.,-1.,0.));
#6626=DIRECTION('',(1.,0.,0.));
#6627=DIRECTION('',(0.,1.,0.));
#6628=DIRECTION('',(0.,0.,1.));
#6629=DIRECTION('',(0.,-1.,0.));
#6630=DIRECTION('',(1.,0.,0.));
#6631=DIRECTION('',(0.,-1.,0.));
#6632=DIRECTION('',(0.,0.,-1.));
#6633=DIRECTION('',(0.,-1.,0.));
#6634=DIRECTION('',(0.,0.,-1.));
#6635=DIRECTION('',(0.,-1.,0.));
#6636=DIRECTION('',(0.,0.,-1.));
#6637=DIRECTION('',(0.,1.,0.));
#6638=DIRECTION('',(0.,0.,1.));
#6639=DIRECTION('',(0.,1.,0.));
#6640=DIRECTION('',(-1.,0.,0.));
#6641=DIRECTION('',(0.,1.,0.));
#6642=DIRECTION('',(0.,0.,1.));
#6643=DIRECTION('',(0.,-1.,0.));
#6644=DIRECTION('',(0.,0.,-1.));
#6645=DIRECTION('',(0.,-1.,0.));
#6646=DIRECTION('',(1.,0.,0.));
#6647=DIRECTION('',(0.,1.,0.));
#6648=DIRECTION('',(0.,0.,1.));
#6649=DIRECTION('',(0.,-1.,0.));
#6650=DIRECTION('',(0.,0.,-1.));
#6651=DIRECTION('',(0.,-1.,0.));
#6652=DIRECTION('',(1.,0.,0.));
#6653=DIRECTION('',(1.48489198712256E-31,2.78473188037984E-47,1.));
#6654=DIRECTION('',(1.87537673078573E-16,-1.,0.));
#6655=DIRECTION('',(-1.,0.,0.));
#6656=DIRECTION('',(0.,0.707106781186548,0.707106781186547));
#6657=DIRECTION('',(1.,0.,0.));
#6658=DIRECTION('',(0.,-0.707106781186548,-0.707106781186547));
#6659=DIRECTION('',(1.,0.,0.));
#6660=DIRECTION('',(0.,-0.707106781186548,-0.707106781186547));
#6661=DIRECTION('',(1.,0.,0.));
#6662=DIRECTION('',(0.,-0.707106781186548,-0.707106781186547));
#6663=DIRECTION('',(1.,0.,0.));
#6664=DIRECTION('',(0.,-0.707106781186548,-0.707106781186547));
#6665=DIRECTION('',(1.,0.,0.));
#6666=DIRECTION('',(0.,-0.707106781186548,-0.707106781186547));
#6667=DIRECTION('',(1.,0.,0.));
#6668=DIRECTION('',(0.,0.707106781186547,-0.707106781186548));
#6669=DIRECTION('',(-1.,0.,0.));
#6670=DIRECTION('',(0.,-0.707106781186548,-0.707106781186547));
#6671=DIRECTION('',(-1.,0.,0.));
#6672=DIRECTION('',(0.,-0.707106781186548,-0.707106781186547));
#6673=DIRECTION('',(1.,0.,0.));
#6674=DIRECTION('',(0.,-0.707106781186548,-0.707106781186547));
#6675=DIRECTION('',(1.,0.,0.));
#6676=DIRECTION('',(0.,-0.707106781186548,-0.707106781186547));
#6677=DIRECTION('',(1.,0.,0.));
#6678=DIRECTION('',(0.,-0.707106781186548,-0.707106781186547));
#6679=DIRECTION('',(1.,0.,0.));
#6680=DIRECTION('',(0.,0.707106781186547,-0.707106781186548));
#6681=DIRECTION('',(1.,0.,0.));
#6682=DIRECTION('',(0.,-0.707106781186548,-0.707106781186547));
#6683=DIRECTION('',(-1.,0.,0.));
#6684=DIRECTION('',(0.,-0.707106781186548,-0.707106781186547));
#6685=DIRECTION('',(-1.,0.,0.));
#6686=DIRECTION('',(0.,-0.707106781186548,-0.707106781186547));
#6687=DIRECTION('',(1.,0.,0.));
#6688=DIRECTION('',(0.,-0.707106781186548,-0.707106781186547));
#6689=DIRECTION('',(1.,0.,0.));
#6690=DIRECTION('',(0.,-0.707106781186548,-0.707106781186547));
#6691=DIRECTION('',(-1.,0.,0.));
#6692=DIRECTION('',(0.,0.707106781186548,0.707106781186547));
#6693=DIRECTION('',(1.,0.,0.));
#6694=DIRECTION('',(0.,0.707106781186547,-0.707106781186548));
#6695=DIRECTION('',(1.,0.,0.));
#6696=DIRECTION('',(0.,-0.707106781186548,-0.707106781186547));
#6697=DIRECTION('',(1.,0.,0.));
#6698=DIRECTION('',(0.,-0.707106781186548,-0.707106781186547));
#6699=DIRECTION('',(1.,0.,0.));
#6700=DIRECTION('',(0.,-0.707106781186548,-0.707106781186547));
#6701=DIRECTION('',(1.,0.,0.));
#6702=DIRECTION('',(0.,-0.707106781186548,-0.707106781186547));
#6703=DIRECTION('',(0.,0.,1.));
#6704=DIRECTION('',(1.,0.,0.));
#6705=DIRECTION('',(0.,0.,1.));
#6706=DIRECTION('',(1.,0.,0.));
#6707=DIRECTION('',(4.99515948322618E-16,0.74275277607177,-0.669565764983306));
#6708=DIRECTION('',(-1.,-1.09338766742935E-15,-1.958930313083E-15));
#6709=DIRECTION('',(1.7347234759768E-16,0.,-1.));
#6710=DIRECTION('',(-1.,0.,-1.7347234759768E-16));
#6711=DIRECTION('',(-1.,0.,-1.7347234759768E-16));
#6712=DIRECTION('',(0.,1.,0.));
#6713=DIRECTION('',(-1.,0.,-1.7347234759768E-16));
#6714=DIRECTION('',(0.,1.,0.));
#6715=DIRECTION('',(-1.,0.,-1.7347234759768E-16));
#6716=DIRECTION('',(-1.7347234759768E-16,0.,1.));
#6717=DIRECTION('',(-1.7347234759768E-16,0.,1.));
#6718=DIRECTION('',(0.,1.,0.));
#6719=DIRECTION('',(-1.7347234759768E-16,0.,1.));
#6720=DIRECTION('',(0.,0.,-1.));
#6721=DIRECTION('',(-1.,0.,0.));
#6722=DIRECTION('',(-1.,0.,0.));
#6723=DIRECTION('',(0.,1.,0.));
#6724=DIRECTION('',(-1.,0.,0.));
#6725=DIRECTION('',(-1.,0.,-1.7347234759768E-16));
#6726=DIRECTION('',(-1.7347234759768E-16,0.,1.));
#6727=DIRECTION('',(-1.7347234759768E-16,0.,1.));
#6728=DIRECTION('',(-1.7347234759768E-16,0.,1.));
#6729=DIRECTION('',(0.,-1.,0.));
#6730=DIRECTION('',(1.,0.,0.));
#6731=DIRECTION('',(0.,-1.,0.));
#6732=DIRECTION('',(1.,0.,0.));
#6733=DIRECTION('',(-1.58987890393086E-15,0.669565764983305,0.742752776071771));
#6734=DIRECTION('',(-1.,-1.78240228633133E-15,-5.3374873355858E-16));
#6735=DIRECTION('',(1.57772181044215E-30,-6.87886709352722E-28,1.));
#6736=DIRECTION('',(-1.875376730787E-16,1.,6.87886709352722E-28));
#6737=DIRECTION('',(1.,4.13176748097591E-16,1.97704520702131E-15));
#6738=DIRECTION('',(-1.016873609788E-15,-0.742752776071771,0.669565764983305));
#6739=DIRECTION('',(0.,0.,1.));
#6740=DIRECTION('',(1.,0.,0.));
#6741=DIRECTION('',(0.,0.,1.));
#6742=DIRECTION('',(1.,0.,0.));
#6743=DIRECTION('',(0.,0.,-1.));
#6744=DIRECTION('',(1.,0.,0.));
#6745=DIRECTION('',(0.,0.,1.));
#6746=DIRECTION('',(1.,0.,0.));
#6747=DIRECTION('',(1.,0.,0.));
#6748=DIRECTION('',(0.,0.,1.));
#6749=DIRECTION('',(1.,0.,0.));
#6750=DIRECTION('',(0.,0.,1.));
#6751=DIRECTION('',(1.,0.,0.));
#6752=DIRECTION('',(0.,1.,0.));
#6753=DIRECTION('',(1.,0.,0.));
#6754=DIRECTION('',(0.,1.,0.));
#6755=DIRECTION('',(0.,0.,-1.));
#6756=DIRECTION('',(1.,0.,0.));
#6757=DIRECTION('',(0.,0.,1.));
#6758=DIRECTION('',(1.,0.,0.));
#6759=DIRECTION('',(0.,0.,1.));
#6760=DIRECTION('',(1.,0.,0.));
#6761=DIRECTION('',(1.,0.,0.));
#6762=DIRECTION('',(0.,0.,1.));
#6763=DIRECTION('',(1.,0.,0.));
#6764=DIRECTION('',(0.,0.,1.));
#6765=DIRECTION('',(1.,0.,0.));
#6766=DIRECTION('',(0.,1.,0.));
#6767=DIRECTION('',(1.,0.,0.));
#6768=DIRECTION('',(0.,1.,0.));
#6769=DIRECTION('',(0.,0.,1.));
#6770=DIRECTION('',(1.,0.,0.));
#6771=DIRECTION('',(0.,0.,1.));
#6772=DIRECTION('',(1.,0.,0.));
#6773=DIRECTION('',(0.,0.,1.));
#6774=DIRECTION('',(1.,0.,0.));
#6775=DIRECTION('',(0.,0.,-1.));
#6776=DIRECTION('',(-1.,0.,0.));
#6777=DIRECTION('',(0.,0.,-1.));
#6778=DIRECTION('',(0.,0.,-1.));
#6779=DIRECTION('',(-1.,0.,0.));
#6780=DIRECTION('',(0.,0.,1.));
#6781=DIRECTION('',(0.,0.,1.));
#6782=DIRECTION('',(-1.,0.,0.));
#6783=DIRECTION('',(0.,0.,1.));
#6784=DIRECTION('',(0.,0.,1.));
#6785=DIRECTION('',(1.,0.,-1.65211759616839E-16));
#6786=DIRECTION('',(-1.65211759616839E-16,0.,-1.));
#6787=DIRECTION('',(1.65211759616839E-16,0.,1.));
#6788=DIRECTION('',(0.,-1.,0.));
#6789=DIRECTION('',(1.65211759616839E-16,0.,1.));
#6790=DIRECTION('',(0.,-1.,0.));
#6791=DIRECTION('',(-1.23908819712629E-16,0.,-1.));
#6792=DIRECTION('',(-1.,0.,1.23908819712629E-16));
#6793=DIRECTION('',(1.,0.,-1.23908819712629E-16));
#6794=DIRECTION('',(0.,-1.,0.));
#6795=DIRECTION('',(1.,0.,-1.23908819712629E-16));
#6796=DIRECTION('',(1.,0.,-1.65211759616839E-16));
#6797=DIRECTION('',(-1.65211759616839E-16,0.,-1.));
#6798=DIRECTION('',(1.65211759616839E-16,0.,1.));
#6799=DIRECTION('',(0.,-1.,0.));
#6800=DIRECTION('',(1.65211759616839E-16,0.,1.));
#6801=DIRECTION('',(0.,0.,-1.));
#6802=DIRECTION('',(-1.,0.,0.));
#6803=DIRECTION('',(1.,0.,0.));
#6804=DIRECTION('',(1.,0.,0.));
#6805=DIRECTION('',(0.,1.,0.));
#6806=DIRECTION('',(-1.,0.,0.));
#6807=DIRECTION('',(0.,-1.,0.));
#6808=DIRECTION('',(1.,0.,0.));
#6809=DIRECTION('',(0.,0.,1.));
#6810=DIRECTION('',(1.,0.,0.));
#6811=DIRECTION('',(0.,0.,1.));
#6812=DIRECTION('',(1.,0.,0.));
#6813=DIRECTION('',(0.,0.,1.));
#6814=DIRECTION('',(0.,0.,1.));
#6815=DIRECTION('',(0.,-1.,0.));
#6816=DIRECTION('',(0.,0.,-1.));
#6817=DIRECTION('',(0.,0.,1.));
#6818=DIRECTION('',(1.,0.,0.));
#6819=DIRECTION('',(0.,0.,1.));
#6820=DIRECTION('',(1.,0.,0.));
#6821=DIRECTION('',(0.,0.,1.));
#6822=DIRECTION('',(1.,0.,0.));
#6823=DIRECTION('',(-1.,-2.72690216889706E-16,-1.89470159599869E-15));
#6824=DIRECTION('',(1.58987890393086E-15,-0.669565764983305,-0.742752776071771));
#6825=DIRECTION('',(0.,0.,-1.));
#6826=DIRECTION('',(-1.,0.,0.));
#6827=DIRECTION('',(0.,0.,-1.));
#6828=DIRECTION('',(0.,0.,1.));
#6829=DIRECTION('',(1.,0.,0.));
#6830=DIRECTION('',(0.,0.,-1.));
#6831=DIRECTION('',(0.,0.,1.));
#6832=DIRECTION('',(1.,0.,0.));
#6833=DIRECTION('',(0.,0.,-1.));
#6834=DIRECTION('',(-1.,0.,0.));
#6835=DIRECTION('',(0.,0.,1.));
#6836=DIRECTION('',(1.,0.,0.));
#6837=DIRECTION('',(0.,0.,-1.));
#6838=DIRECTION('',(0.,0.,1.));
#6839=DIRECTION('',(1.,0.,0.));
#6840=DIRECTION('',(0.,0.,-1.));
#6841=DIRECTION('',(0.,0.,-1.));
#6842=DIRECTION('',(-1.,0.,0.));
#6843=DIRECTION('',(0.,0.,1.));
#6844=DIRECTION('',(1.,0.,0.));
#6845=DIRECTION('',(0.,0.,-1.));
#6846=DIRECTION('',(0.,0.,1.));
#6847=DIRECTION('',(1.,0.,0.));
#6848=DIRECTION('',(0.,0.,-1.));
#6849=DIRECTION('',(0.,0.,-1.));
#6850=DIRECTION('',(-1.,0.,0.));
#6851=DIRECTION('',(0.,0.,1.));
#6852=DIRECTION('',(1.,0.,0.));
#6853=DIRECTION('',(0.,0.,-1.));
#6854=DIRECTION('',(0.,0.,1.));
#6855=DIRECTION('',(1.,0.,0.));
#6856=DIRECTION('',(0.,0.,-1.));
#6857=DIRECTION('',(0.,0.,-1.));
#6858=DIRECTION('',(-1.,0.,0.));
#6859=DIRECTION('',(0.,0.,1.));
#6860=DIRECTION('',(1.,0.,0.));
#6861=DIRECTION('',(0.,0.,-1.));
#6862=DIRECTION('',(0.,0.,1.));
#6863=DIRECTION('',(1.,0.,0.));
#6864=DIRECTION('',(0.,0.,-1.));
#6865=DIRECTION('',(0.,0.,-1.));
#6866=DIRECTION('',(-1.,0.,0.));
#6867=DIRECTION('',(0.,0.,1.));
#6868=DIRECTION('',(1.,0.,0.));
#6869=DIRECTION('',(0.,0.,-1.));
#6870=DIRECTION('',(0.,0.,1.));
#6871=DIRECTION('',(1.,0.,0.));
#6872=DIRECTION('',(0.,0.,-1.));
#6873=DIRECTION('',(0.,0.,-1.));
#6874=DIRECTION('',(-1.,0.,0.));
#6875=DIRECTION('',(0.,0.,1.));
#6876=DIRECTION('',(1.,0.,0.));
#6877=DIRECTION('',(0.,0.,-1.));
#6878=DIRECTION('',(0.,0.,1.));
#6879=DIRECTION('',(1.,0.,0.));
#6880=DIRECTION('',(0.,0.,-1.));
#6881=DIRECTION('',(0.,0.,-1.));
#6882=DIRECTION('',(-1.,0.,0.));
#6883=DIRECTION('',(0.,0.,1.));
#6884=DIRECTION('',(1.,0.,0.));
#6885=DIRECTION('',(0.,0.,-1.));
#6886=DIRECTION('',(0.,0.,1.));
#6887=DIRECTION('',(1.,0.,0.));
#6888=DIRECTION('',(0.,0.,-1.));
#6889=DIRECTION('',(0.,0.,-1.));
#6890=DIRECTION('',(-1.,0.,0.));
#6891=DIRECTION('',(0.,0.,-1.));
#6892=DIRECTION('',(0.,0.,1.));
#6893=DIRECTION('',(1.,0.,0.));
#6894=DIRECTION('',(0.,0.,-1.));
#6895=DIRECTION('',(0.,0.,1.));
#6896=DIRECTION('',(1.,0.,0.));
#6897=DIRECTION('',(0.,0.,-1.));
#6898=DIRECTION('',(-1.,0.,0.));
#6899=DIRECTION('',(0.,0.,1.));
#6900=DIRECTION('',(1.,0.,0.));
#6901=DIRECTION('',(0.,0.,-1.));
#6902=DIRECTION('',(0.,0.,1.));
#6903=DIRECTION('',(1.,0.,0.));
#6904=DIRECTION('',(0.,0.,-1.));
#6905=DIRECTION('',(0.,0.,-1.));
#6906=DIRECTION('',(-1.,0.,0.));
#6907=DIRECTION('',(0.,0.,-1.));
#6908=DIRECTION('',(0.,0.,1.));
#6909=DIRECTION('',(1.,0.,0.));
#6910=DIRECTION('',(0.,0.,-1.));
#6911=DIRECTION('',(0.,0.,1.));
#6912=DIRECTION('',(1.,0.,0.));
#6913=DIRECTION('',(0.,0.,-1.));
#6914=DIRECTION('',(-1.,0.,0.));
#6915=DIRECTION('',(0.,0.,-1.));
#6916=DIRECTION('',(0.,0.,1.));
#6917=DIRECTION('',(1.,0.,0.));
#6918=DIRECTION('',(0.,0.,-1.));
#6919=DIRECTION('',(0.,0.,1.));
#6920=DIRECTION('',(1.,0.,0.));
#6921=DIRECTION('',(0.,0.,-1.));
#6922=DIRECTION('',(-1.,0.,0.));
#6923=DIRECTION('',(0.,0.,-1.));
#6924=DIRECTION('',(0.,0.,1.));
#6925=DIRECTION('',(1.,0.,0.));
#6926=DIRECTION('',(0.,0.,-1.));
#6927=DIRECTION('',(0.,0.,1.));
#6928=DIRECTION('',(1.,0.,0.));
#6929=DIRECTION('',(0.,0.,-1.));
#6930=DIRECTION('',(-1.,0.,0.));
#6931=DIRECTION('',(0.,0.,1.));
#6932=DIRECTION('',(1.,0.,0.));
#6933=DIRECTION('',(0.,0.,-1.));
#6934=DIRECTION('',(0.,0.,1.));
#6935=DIRECTION('',(1.,0.,0.));
#6936=DIRECTION('',(0.,0.,-1.));
#6937=DIRECTION('',(0.,0.,-1.));
#6938=DIRECTION('',(-1.,0.,0.));
#6939=DIRECTION('',(0.,0.,1.));
#6940=DIRECTION('',(1.,0.,0.));
#6941=DIRECTION('',(0.,0.,-1.));
#6942=DIRECTION('',(0.,0.,1.));
#6943=DIRECTION('',(1.,0.,0.));
#6944=DIRECTION('',(0.,0.,-1.));
#6945=DIRECTION('',(0.,0.,-1.));
#6946=DIRECTION('',(-1.,0.,0.));
#6947=DIRECTION('',(0.,0.,1.));
#6948=DIRECTION('',(1.,0.,0.));
#6949=DIRECTION('',(0.,0.,-1.));
#6950=DIRECTION('',(0.,0.,1.));
#6951=DIRECTION('',(1.,0.,0.));
#6952=DIRECTION('',(0.,0.,-1.));
#6953=DIRECTION('',(0.,0.,-1.));
#6954=DIRECTION('',(-1.,0.,0.));
#6955=DIRECTION('',(0.,0.,-1.));
#6956=DIRECTION('',(0.,0.,1.));
#6957=DIRECTION('',(1.,0.,0.));
#6958=DIRECTION('',(0.,0.,-1.));
#6959=DIRECTION('',(0.,0.,1.));
#6960=DIRECTION('',(1.,0.,0.));
#6961=DIRECTION('',(0.,0.,-1.));
#6962=DIRECTION('',(-1.,0.,0.));
#6963=DIRECTION('',(0.,0.,1.));
#6964=DIRECTION('',(1.,0.,0.));
#6965=DIRECTION('',(0.,0.,-1.));
#6966=DIRECTION('',(0.,0.,1.));
#6967=DIRECTION('',(1.,0.,0.));
#6968=DIRECTION('',(0.,0.,-1.));
#6969=DIRECTION('',(0.,0.,-1.));
#6970=DIRECTION('',(-1.,0.,0.));
#6971=DIRECTION('',(0.,0.,1.));
#6972=DIRECTION('',(1.,0.,0.));
#6973=DIRECTION('',(0.,0.,-1.));
#6974=DIRECTION('',(0.,0.,1.));
#6975=DIRECTION('',(1.,0.,0.));
#6976=DIRECTION('',(0.,0.,-1.));
#6977=DIRECTION('',(0.,0.,1.));
#6978=DIRECTION('',(1.,0.,0.));
#6979=DIRECTION('',(0.,0.,1.));
#6980=DIRECTION('',(1.,0.,0.));
#6981=DIRECTION('',(0.,0.,1.));
#6982=DIRECTION('',(-0.951056516295154,0.309016994374948,0.));
#6983=DIRECTION('',(0.,0.,1.));
#6984=DIRECTION('',(-1.,1.22464679914735E-16,0.));
#6985=DIRECTION('',(0.,0.,1.));
#6986=DIRECTION('',(-1.,1.22464679914735E-16,0.));
#6987=DIRECTION('',(0.,0.,1.));
#6988=DIRECTION('',(-1.,1.22464679914735E-16,0.));
#6989=DIRECTION('',(0.,0.,1.));
#6990=DIRECTION('',(-0.951056516295154,-0.309016994374948,0.));
#6991=DIRECTION('',(0.,0.,1.));
#6992=DIRECTION('',(-0.951056516295154,-0.309016994374948,0.));
#6993=DIRECTION('',(0.,0.,1.));
#6994=DIRECTION('',(-0.951056516295154,-0.309016994374948,0.));
#6995=DIRECTION('',(0.,0.,1.));
#6996=DIRECTION('',(-0.809016994374948,-0.587785252292473,0.));
#6997=DIRECTION('',(0.,0.,1.));
#6998=DIRECTION('',(-0.809016994374948,-0.587785252292473,0.));
#6999=DIRECTION('',(0.,0.,1.));
#7000=DIRECTION('',(-0.809016994374948,-0.587785252292473,0.));
#7001=DIRECTION('',(0.,0.,1.));
#7002=DIRECTION('',(-0.587785252292473,-0.809016994374947,0.));
#7003=DIRECTION('',(0.,0.,1.));
#7004=DIRECTION('',(-0.587785252292473,-0.809016994374947,0.));
#7005=DIRECTION('',(0.,0.,1.));
#7006=DIRECTION('',(-0.587785252292473,-0.809016994374947,0.));
#7007=DIRECTION('',(0.,0.,1.));
#7008=DIRECTION('',(-0.309016994374948,-0.951056516295154,0.));
#7009=DIRECTION('',(0.,0.,1.));
#7010=DIRECTION('',(-0.309016994374948,-0.951056516295154,0.));
#7011=DIRECTION('',(0.,0.,1.));
#7012=DIRECTION('',(-0.309016994374948,-0.951056516295154,0.));
#7013=DIRECTION('',(0.,0.,1.));
#7014=DIRECTION('',(-1.83697019872103E-16,-1.,0.));
#7015=DIRECTION('',(0.,0.,1.));
#7016=DIRECTION('',(-1.83697019872103E-16,-1.,0.));
#7017=DIRECTION('',(0.,0.,1.));
#7018=DIRECTION('',(-1.83697019872103E-16,-1.,0.));
#7019=DIRECTION('',(0.,0.,1.));
#7020=DIRECTION('',(0.309016994374948,-0.951056516295154,0.));
#7021=DIRECTION('',(0.,0.,1.));
#7022=DIRECTION('',(0.309016994374948,-0.951056516295154,0.));
#7023=DIRECTION('',(0.,0.,1.));
#7024=DIRECTION('',(0.309016994374948,-0.951056516295154,0.));
#7025=DIRECTION('',(0.,0.,1.));
#7026=DIRECTION('',(0.587785252292473,-0.809016994374948,0.));
#7027=DIRECTION('',(0.,0.,1.));
#7028=DIRECTION('',(0.587785252292473,-0.809016994374948,0.));
#7029=DIRECTION('',(0.,0.,1.));
#7030=DIRECTION('',(0.587785252292473,-0.809016994374948,0.));
#7031=DIRECTION('',(0.,0.,1.));
#7032=DIRECTION('',(0.809016994374947,-0.587785252292473,0.));
#7033=DIRECTION('',(0.,0.,1.));
#7034=DIRECTION('',(0.809016994374947,-0.587785252292473,0.));
#7035=DIRECTION('',(0.,0.,1.));
#7036=DIRECTION('',(0.809016994374947,-0.587785252292473,0.));
#7037=DIRECTION('',(0.,0.,1.));
#7038=DIRECTION('',(0.951056516295154,-0.309016994374948,0.));
#7039=DIRECTION('',(0.,0.,1.));
#7040=DIRECTION('',(0.951056516295154,-0.309016994374948,0.));
#7041=DIRECTION('',(0.,0.,1.));
#7042=DIRECTION('',(0.951056516295154,-0.309016994374948,0.));
#7043=DIRECTION('',(0.,0.,1.));
#7044=DIRECTION('',(1.,0.,0.));
#7045=DIRECTION('',(0.,0.,1.));
#7046=DIRECTION('',(1.,0.,0.));
#7047=DIRECTION('',(0.,0.,1.));
#7048=DIRECTION('',(1.,0.,0.));
#7049=DIRECTION('',(0.,0.,1.));
#7050=DIRECTION('',(1.,0.,0.));
#7051=DIRECTION('',(0.,0.,1.));
#7052=DIRECTION('',(0.951056516295154,0.309016994374948,0.));
#7053=DIRECTION('',(0.,0.,1.));
#7054=DIRECTION('',(0.951056516295154,0.309016994374948,0.));
#7055=DIRECTION('',(0.,0.,1.));
#7056=DIRECTION('',(0.951056516295154,0.309016994374948,0.));
#7057=DIRECTION('',(0.,0.,1.));
#7058=DIRECTION('',(0.809016994374948,0.587785252292473,0.));
#7059=DIRECTION('',(0.,0.,1.));
#7060=DIRECTION('',(0.809016994374948,0.587785252292473,0.));
#7061=DIRECTION('',(0.,0.,1.));
#7062=DIRECTION('',(0.809016994374948,0.587785252292473,0.));
#7063=DIRECTION('',(0.,0.,1.));
#7064=DIRECTION('',(0.587785252292473,0.809016994374948,0.));
#7065=DIRECTION('',(0.,0.,1.));
#7066=DIRECTION('',(0.587785252292473,0.809016994374948,0.));
#7067=DIRECTION('',(0.,0.,1.));
#7068=DIRECTION('',(0.587785252292473,0.809016994374948,0.));
#7069=DIRECTION('',(0.,0.,1.));
#7070=DIRECTION('',(0.309016994374948,0.951056516295154,0.));
#7071=DIRECTION('',(0.,0.,1.));
#7072=DIRECTION('',(0.309016994374948,0.951056516295154,0.));
#7073=DIRECTION('',(0.,0.,1.));
#7074=DIRECTION('',(0.309016994374948,0.951056516295154,0.));
#7075=DIRECTION('',(0.,0.,1.));
#7076=DIRECTION('',(6.12323399573677E-17,1.,0.));
#7077=DIRECTION('',(0.,0.,1.));
#7078=DIRECTION('',(6.12323399573677E-17,1.,0.));
#7079=DIRECTION('',(0.,0.,1.));
#7080=DIRECTION('',(6.12323399573677E-17,1.,0.));
#7081=DIRECTION('',(0.,0.,1.));
#7082=DIRECTION('',(-0.309016994374948,0.951056516295154,0.));
#7083=DIRECTION('',(0.,0.,1.));
#7084=DIRECTION('',(-0.309016994374948,0.951056516295154,0.));
#7085=DIRECTION('',(0.,0.,1.));
#7086=DIRECTION('',(-0.309016994374948,0.951056516295154,0.));
#7087=DIRECTION('',(0.,0.,1.));
#7088=DIRECTION('',(-0.587785252292473,0.809016994374948,0.));
#7089=DIRECTION('',(0.,0.,1.));
#7090=DIRECTION('',(-0.587785252292473,0.809016994374948,0.));
#7091=DIRECTION('',(0.,0.,1.));
#7092=DIRECTION('',(-0.587785252292473,0.809016994374948,0.));
#7093=DIRECTION('',(0.,0.,1.));
#7094=DIRECTION('',(-0.809016994374947,0.587785252292473,0.));
#7095=DIRECTION('',(0.,0.,1.));
#7096=DIRECTION('',(-0.809016994374947,0.587785252292473,0.));
#7097=DIRECTION('',(0.,0.,1.));
#7098=DIRECTION('',(-0.809016994374947,0.587785252292473,0.));
#7099=DIRECTION('',(0.,0.,1.));
#7100=DIRECTION('',(-0.951056516295154,0.309016994374948,0.));
#7101=DIRECTION('',(0.,0.,1.));
#7102=DIRECTION('',(-0.951056516295154,0.309016994374948,0.));
#7103=DIRECTION('',(0.,0.,-1.));
#7104=DIRECTION('',(-1.,0.,0.));
#7105=DIRECTION('',(0.,0.,-1.));
#7106=DIRECTION('',(0.,0.,1.));
#7107=DIRECTION('',(1.,0.,0.));
#7108=DIRECTION('',(0.,0.,-1.));
#7109=DIRECTION('',(0.,0.,1.));
#7110=DIRECTION('',(1.,0.,0.));
#7111=DIRECTION('',(0.,0.,1.));
#7112=DIRECTION('',(1.,0.,0.));
#7113=DIRECTION('',(0.,0.,1.));
#7114=DIRECTION('',(-0.951056516295154,0.309016994374948,0.));
#7115=DIRECTION('',(0.,0.,1.));
#7116=DIRECTION('',(-0.809016994374947,0.587785252292473,0.));
#7117=DIRECTION('',(0.,0.,1.));
#7118=DIRECTION('',(-0.809016994374947,0.587785252292473,0.));
#7119=DIRECTION('',(0.,0.,1.));
#7120=DIRECTION('',(-0.809016994374947,0.587785252292473,0.));
#7121=DIRECTION('',(0.,0.,1.));
#7122=DIRECTION('',(-0.587785252292473,0.809016994374948,0.));
#7123=DIRECTION('',(0.,0.,1.));
#7124=DIRECTION('',(-0.587785252292473,0.809016994374948,0.));
#7125=DIRECTION('',(0.,0.,1.));
#7126=DIRECTION('',(-0.587785252292473,0.809016994374948,0.));
#7127=DIRECTION('',(0.,0.,1.));
#7128=DIRECTION('',(-0.309016994374948,0.951056516295154,0.));
#7129=DIRECTION('',(0.,0.,1.));
#7130=DIRECTION('',(-0.309016994374948,0.951056516295154,0.));
#7131=DIRECTION('',(0.,0.,1.));
#7132=DIRECTION('',(-0.309016994374948,0.951056516295154,0.));
#7133=DIRECTION('',(0.,0.,1.));
#7134=DIRECTION('',(6.12323399573677E-17,1.,0.));
#7135=DIRECTION('',(0.,0.,1.));
#7136=DIRECTION('',(6.12323399573677E-17,1.,0.));
#7137=DIRECTION('',(0.,0.,1.));
#7138=DIRECTION('',(6.12323399573677E-17,1.,0.));
#7139=DIRECTION('',(0.,0.,1.));
#7140=DIRECTION('',(0.309016994374948,0.951056516295154,0.));
#7141=DIRECTION('',(0.,0.,1.));
#7142=DIRECTION('',(0.309016994374948,0.951056516295154,0.));
#7143=DIRECTION('',(0.,0.,1.));
#7144=DIRECTION('',(0.309016994374948,0.951056516295154,0.));
#7145=DIRECTION('',(0.,0.,1.));
#7146=DIRECTION('',(0.587785252292473,0.809016994374948,0.));
#7147=DIRECTION('',(0.,0.,1.));
#7148=DIRECTION('',(0.587785252292473,0.809016994374948,0.));
#7149=DIRECTION('',(0.,0.,1.));
#7150=DIRECTION('',(0.587785252292473,0.809016994374948,0.));
#7151=DIRECTION('',(0.,0.,1.));
#7152=DIRECTION('',(0.809016994374948,0.587785252292473,0.));
#7153=DIRECTION('',(0.,0.,1.));
#7154=DIRECTION('',(0.809016994374948,0.587785252292473,0.));
#7155=DIRECTION('',(0.,0.,1.));
#7156=DIRECTION('',(0.809016994374948,0.587785252292473,0.));
#7157=DIRECTION('',(0.,0.,1.));
#7158=DIRECTION('',(0.951056516295154,0.309016994374948,0.));
#7159=DIRECTION('',(0.,0.,1.));
#7160=DIRECTION('',(0.951056516295154,0.309016994374948,0.));
#7161=DIRECTION('',(0.,0.,1.));
#7162=DIRECTION('',(0.951056516295154,0.309016994374948,0.));
#7163=DIRECTION('',(0.,0.,1.));
#7164=DIRECTION('',(1.,0.,0.));
#7165=DIRECTION('',(0.,0.,1.));
#7166=DIRECTION('',(1.,0.,0.));
#7167=DIRECTION('',(0.,0.,1.));
#7168=DIRECTION('',(1.,0.,0.));
#7169=DIRECTION('',(0.,0.,1.));
#7170=DIRECTION('',(0.951056516295154,-0.309016994374948,0.));
#7171=DIRECTION('',(0.,0.,1.));
#7172=DIRECTION('',(0.951056516295154,-0.309016994374948,0.));
#7173=DIRECTION('',(0.,0.,1.));
#7174=DIRECTION('',(0.951056516295154,-0.309016994374948,0.));
#7175=DIRECTION('',(0.,0.,1.));
#7176=DIRECTION('',(0.809016994374947,-0.587785252292473,0.));
#7177=DIRECTION('',(0.,0.,1.));
#7178=DIRECTION('',(0.809016994374947,-0.587785252292473,0.));
#7179=DIRECTION('',(0.,0.,1.));
#7180=DIRECTION('',(0.809016994374947,-0.587785252292473,0.));
#7181=DIRECTION('',(0.,0.,1.));
#7182=DIRECTION('',(0.587785252292473,-0.809016994374948,0.));
#7183=DIRECTION('',(0.,0.,1.));
#7184=DIRECTION('',(0.587785252292473,-0.809016994374948,0.));
#7185=DIRECTION('',(0.,0.,1.));
#7186=DIRECTION('',(0.587785252292473,-0.809016994374948,0.));
#7187=DIRECTION('',(0.,0.,1.));
#7188=DIRECTION('',(0.309016994374948,-0.951056516295154,0.));
#7189=DIRECTION('',(0.,0.,1.));
#7190=DIRECTION('',(0.309016994374948,-0.951056516295154,0.));
#7191=DIRECTION('',(0.,0.,1.));
#7192=DIRECTION('',(0.309016994374948,-0.951056516295154,0.));
#7193=DIRECTION('',(0.,0.,1.));
#7194=DIRECTION('',(-1.83697019872103E-16,-1.,0.));
#7195=DIRECTION('',(0.,0.,1.));
#7196=DIRECTION('',(-1.83697019872103E-16,-1.,0.));
#7197=DIRECTION('',(0.,0.,1.));
#7198=DIRECTION('',(-1.83697019872103E-16,-1.,0.));
#7199=DIRECTION('',(0.,0.,1.));
#7200=DIRECTION('',(-0.309016994374948,-0.951056516295154,0.));
#7201=DIRECTION('',(0.,0.,1.));
#7202=DIRECTION('',(-0.309016994374948,-0.951056516295154,0.));
#7203=DIRECTION('',(0.,0.,1.));
#7204=DIRECTION('',(-0.309016994374948,-0.951056516295154,0.));
#7205=DIRECTION('',(0.,0.,1.));
#7206=DIRECTION('',(-0.587785252292473,-0.809016994374947,0.));
#7207=DIRECTION('',(0.,0.,1.));
#7208=DIRECTION('',(-0.587785252292473,-0.809016994374947,0.));
#7209=DIRECTION('',(0.,0.,1.));
#7210=DIRECTION('',(-0.587785252292473,-0.809016994374947,0.));
#7211=DIRECTION('',(0.,0.,1.));
#7212=DIRECTION('',(-0.809016994374948,-0.587785252292473,0.));
#7213=DIRECTION('',(0.,0.,1.));
#7214=DIRECTION('',(-0.809016994374948,-0.587785252292473,0.));
#7215=DIRECTION('',(0.,0.,1.));
#7216=DIRECTION('',(-0.809016994374948,-0.587785252292473,0.));
#7217=DIRECTION('',(0.,0.,1.));
#7218=DIRECTION('',(-0.951056516295154,-0.309016994374948,0.));
#7219=DIRECTION('',(0.,0.,1.));
#7220=DIRECTION('',(-0.951056516295154,-0.309016994374948,0.));
#7221=DIRECTION('',(0.,0.,1.));
#7222=DIRECTION('',(-0.951056516295154,-0.309016994374948,0.));
#7223=DIRECTION('',(0.,0.,1.));
#7224=DIRECTION('',(-1.,1.22464679914735E-16,0.));
#7225=DIRECTION('',(0.,0.,1.));
#7226=DIRECTION('',(-1.,1.22464679914735E-16,0.));
#7227=DIRECTION('',(0.,0.,1.));
#7228=DIRECTION('',(-1.,1.22464679914735E-16,0.));
#7229=DIRECTION('',(0.,0.,1.));
#7230=DIRECTION('',(-0.951056516295154,0.309016994374948,0.));
#7231=DIRECTION('',(0.,0.,1.));
#7232=DIRECTION('',(-0.951056516295154,0.309016994374948,0.));
#7233=DIRECTION('',(0.,0.,-1.));
#7234=DIRECTION('',(0.,0.,-1.));
#7235=DIRECTION('',(-1.,0.,0.));
#7236=DIRECTION('',(0.,0.,-1.));
#7237=DIRECTION('',(0.,0.,-1.));
#7238=DIRECTION('',(0.,0.,-1.));
#7239=DIRECTION('',(0.,0.,-1.));
#7240=DIRECTION('',(-1.,0.,0.));
#7241=DIRECTION('',(0.,0.,-1.));
#7242=DIRECTION('',(-1.,0.,0.));
#7243=DIRECTION('',(0.,0.,-1.));
#7244=DIRECTION('',(0.,0.,-1.));
#7245=DIRECTION('',(-0.951056516295154,0.309016994374948,0.));
#7246=DIRECTION('',(0.,0.,-1.));
#7247=DIRECTION('',(0.,0.,-1.));
#7248=DIRECTION('',(0.,0.,-1.));
#7249=DIRECTION('',(0.,0.,-1.));
#7250=DIRECTION('',(-0.951056516295154,0.309016994374948,0.));
#7251=DIRECTION('',(0.,0.,-1.));
#7252=DIRECTION('',(-0.951056516295154,0.309016994374948,0.));
#7253=DIRECTION('',(0.,0.,-1.));
#7254=DIRECTION('',(0.,0.,-1.));
#7255=DIRECTION('',(-0.587785252292473,0.809016994374948,0.));
#7256=DIRECTION('',(0.,0.,-1.));
#7257=DIRECTION('',(0.,0.,-1.));
#7258=DIRECTION('',(0.,0.,-1.));
#7259=DIRECTION('',(0.,0.,-1.));
#7260=DIRECTION('',(-0.587785252292473,0.809016994374948,0.));
#7261=DIRECTION('',(0.,0.,-1.));
#7262=DIRECTION('',(-0.587785252292473,0.809016994374948,0.));
#7263=DIRECTION('',(0.,0.,-1.));
#7264=DIRECTION('',(0.,0.,-1.));
#7265=DIRECTION('',(-0.809016994374947,0.587785252292473,0.));
#7266=DIRECTION('',(0.,0.,-1.));
#7267=DIRECTION('',(0.,0.,-1.));
#7268=DIRECTION('',(0.,0.,-1.));
#7269=DIRECTION('',(0.,0.,-1.));
#7270=DIRECTION('',(-0.809016994374947,0.587785252292473,0.));
#7271=DIRECTION('',(0.,0.,-1.));
#7272=DIRECTION('',(-0.809016994374947,0.587785252292473,0.));
#7273=DIRECTION('',(0.,0.,-1.));
#7274=DIRECTION('',(0.,0.,-1.));
#7275=DIRECTION('',(-0.309016994374948,-0.951056516295154,0.));
#7276=DIRECTION('',(0.,0.,-1.));
#7277=DIRECTION('',(0.,0.,-1.));
#7278=DIRECTION('',(0.,0.,-1.));
#7279=DIRECTION('',(0.,0.,-1.));
#7280=DIRECTION('',(-0.309016994374948,-0.951056516295154,0.));
#7281=DIRECTION('',(0.,0.,-1.));
#7282=DIRECTION('',(-0.309016994374948,-0.951056516295154,0.));
#7283=DIRECTION('',(0.,0.,-1.));
#7284=DIRECTION('',(0.,0.,-1.));
#7285=DIRECTION('',(-0.587785252292473,-0.809016994374948,0.));
#7286=DIRECTION('',(0.,0.,-1.));
#7287=DIRECTION('',(0.,0.,-1.));
#7288=DIRECTION('',(0.,0.,-1.));
#7289=DIRECTION('',(0.,0.,-1.));
#7290=DIRECTION('',(-0.587785252292473,-0.809016994374948,0.));
#7291=DIRECTION('',(0.,0.,-1.));
#7292=DIRECTION('',(-0.587785252292473,-0.809016994374948,0.));
#7293=DIRECTION('',(0.,0.,-1.));
#7294=DIRECTION('',(0.,0.,-1.));
#7295=DIRECTION('',(-0.809016994374948,-0.587785252292473,0.));
#7296=DIRECTION('',(0.,0.,-1.));
#7297=DIRECTION('',(0.,0.,-1.));
#7298=DIRECTION('',(0.,0.,-1.));
#7299=DIRECTION('',(0.,0.,-1.));
#7300=DIRECTION('',(-0.809016994374948,-0.587785252292473,0.));
#7301=DIRECTION('',(0.,0.,-1.));
#7302=DIRECTION('',(-0.809016994374948,-0.587785252292473,0.));
#7303=DIRECTION('',(0.,0.,-1.));
#7304=DIRECTION('',(0.,0.,-1.));
#7305=DIRECTION('',(-0.951056516295154,-0.309016994374948,0.));
#7306=DIRECTION('',(0.,0.,-1.));
#7307=DIRECTION('',(0.,0.,-1.));
#7308=DIRECTION('',(0.,0.,-1.));
#7309=DIRECTION('',(0.,0.,-1.));
#7310=DIRECTION('',(-0.951056516295154,-0.309016994374948,0.));
#7311=DIRECTION('',(0.,0.,-1.));
#7312=DIRECTION('',(-0.951056516295154,-0.309016994374948,0.));
#7313=DIRECTION('',(0.,0.,-1.));
#7314=DIRECTION('',(0.,0.,-1.));
#7315=DIRECTION('',(-6.12323399573677E-17,-1.,0.));
#7316=DIRECTION('',(0.,0.,-1.));
#7317=DIRECTION('',(0.,0.,-1.));
#7318=DIRECTION('',(0.,0.,-1.));
#7319=DIRECTION('',(0.,0.,-1.));
#7320=DIRECTION('',(-6.12323399573677E-17,-1.,0.));
#7321=DIRECTION('',(0.,0.,-1.));
#7322=DIRECTION('',(-6.12323399573677E-17,-1.,0.));
#7323=DIRECTION('',(0.,0.,-1.));
#7324=DIRECTION('',(0.,0.,-1.));
#7325=DIRECTION('',(0.309016994374948,-0.951056516295154,0.));
#7326=DIRECTION('',(0.,0.,-1.));
#7327=DIRECTION('',(0.,0.,-1.));
#7328=DIRECTION('',(0.,0.,-1.));
#7329=DIRECTION('',(0.,0.,-1.));
#7330=DIRECTION('',(0.309016994374948,-0.951056516295154,0.));
#7331=DIRECTION('',(0.,0.,-1.));
#7332=DIRECTION('',(0.309016994374948,-0.951056516295154,0.));
#7333=DIRECTION('',(0.,0.,-1.));
#7334=DIRECTION('',(0.,0.,-1.));
#7335=DIRECTION('',(0.809016994374947,-0.587785252292473,0.));
#7336=DIRECTION('',(0.,0.,-1.));
#7337=DIRECTION('',(0.,0.,-1.));
#7338=DIRECTION('',(0.,0.,-1.));
#7339=DIRECTION('',(0.,0.,-1.));
#7340=DIRECTION('',(0.809016994374947,-0.587785252292473,0.));
#7341=DIRECTION('',(0.,0.,-1.));
#7342=DIRECTION('',(0.809016994374947,-0.587785252292473,0.));
#7343=DIRECTION('',(0.,0.,-1.));
#7344=DIRECTION('',(0.,0.,-1.));
#7345=DIRECTION('',(0.587785252292473,-0.809016994374948,0.));
#7346=DIRECTION('',(0.,0.,-1.));
#7347=DIRECTION('',(0.,0.,-1.));
#7348=DIRECTION('',(0.,0.,-1.));
#7349=DIRECTION('',(0.,0.,-1.));
#7350=DIRECTION('',(0.587785252292473,-0.809016994374948,0.));
#7351=DIRECTION('',(0.,0.,-1.));
#7352=DIRECTION('',(0.587785252292473,-0.809016994374948,0.));
#7353=DIRECTION('',(0.,0.,-1.));
#7354=DIRECTION('',(0.,0.,-1.));
#7355=DIRECTION('',(-0.309016994374948,0.951056516295154,0.));
#7356=DIRECTION('',(0.,0.,-1.));
#7357=DIRECTION('',(0.,0.,-1.));
#7358=DIRECTION('',(0.,0.,-1.));
#7359=DIRECTION('',(0.,0.,-1.));
#7360=DIRECTION('',(-0.309016994374948,0.951056516295154,0.));
#7361=DIRECTION('',(0.,0.,-1.));
#7362=DIRECTION('',(-0.309016994374948,0.951056516295154,0.));
#7363=DIRECTION('',(0.,0.,-1.));
#7364=DIRECTION('',(0.,0.,-1.));
#7365=DIRECTION('',(1.83697019872103E-16,1.,0.));
#7366=DIRECTION('',(0.,0.,-1.));
#7367=DIRECTION('',(0.,0.,-1.));
#7368=DIRECTION('',(0.,0.,-1.));
#7369=DIRECTION('',(0.,0.,-1.));
#7370=DIRECTION('',(1.83697019872103E-16,1.,0.));
#7371=DIRECTION('',(0.,0.,-1.));
#7372=DIRECTION('',(1.83697019872103E-16,1.,0.));
#7373=DIRECTION('',(0.,0.,-1.));
#7374=DIRECTION('',(0.,0.,-1.));
#7375=DIRECTION('',(0.309016994374948,0.951056516295154,0.));
#7376=DIRECTION('',(0.,0.,-1.));
#7377=DIRECTION('',(0.,0.,-1.));
#7378=DIRECTION('',(0.,0.,-1.));
#7379=DIRECTION('',(0.,0.,-1.));
#7380=DIRECTION('',(0.309016994374948,0.951056516295154,0.));
#7381=DIRECTION('',(0.,0.,-1.));
#7382=DIRECTION('',(0.309016994374948,0.951056516295154,0.));
#7383=DIRECTION('',(0.,0.,-1.));
#7384=DIRECTION('',(0.,0.,-1.));
#7385=DIRECTION('',(0.587785252292473,0.809016994374947,0.));
#7386=DIRECTION('',(0.,0.,-1.));
#7387=DIRECTION('',(0.,0.,-1.));
#7388=DIRECTION('',(0.,0.,-1.));
#7389=DIRECTION('',(0.,0.,-1.));
#7390=DIRECTION('',(0.587785252292473,0.809016994374947,0.));
#7391=DIRECTION('',(0.,0.,-1.));
#7392=DIRECTION('',(0.587785252292473,0.809016994374947,0.));
#7393=DIRECTION('',(0.,0.,-1.));
#7394=DIRECTION('',(0.,0.,-1.));
#7395=DIRECTION('',(0.809016994374948,0.587785252292473,0.));
#7396=DIRECTION('',(0.,0.,-1.));
#7397=DIRECTION('',(0.,0.,-1.));
#7398=DIRECTION('',(0.,0.,-1.));
#7399=DIRECTION('',(0.,0.,-1.));
#7400=DIRECTION('',(0.809016994374948,0.587785252292473,0.));
#7401=DIRECTION('',(0.,0.,-1.));
#7402=DIRECTION('',(0.809016994374948,0.587785252292473,0.));
#7403=DIRECTION('',(0.,0.,-1.));
#7404=DIRECTION('',(0.,0.,-1.));
#7405=DIRECTION('',(0.951056516295154,0.309016994374948,0.));
#7406=DIRECTION('',(0.,0.,-1.));
#7407=DIRECTION('',(0.,0.,-1.));
#7408=DIRECTION('',(0.,0.,-1.));
#7409=DIRECTION('',(0.,0.,-1.));
#7410=DIRECTION('',(0.951056516295154,0.309016994374948,0.));
#7411=DIRECTION('',(0.,0.,-1.));
#7412=DIRECTION('',(0.951056516295154,0.309016994374948,0.));
#7413=DIRECTION('',(0.,0.,-1.));
#7414=DIRECTION('',(0.,0.,-1.));
#7415=DIRECTION('',(1.,-1.22464679914735E-16,0.));
#7416=DIRECTION('',(0.,0.,-1.));
#7417=DIRECTION('',(0.,0.,-1.));
#7418=DIRECTION('',(0.,0.,-1.));
#7419=DIRECTION('',(0.,0.,-1.));
#7420=DIRECTION('',(1.,-1.22464679914735E-16,0.));
#7421=DIRECTION('',(0.,0.,-1.));
#7422=DIRECTION('',(1.,-1.22464679914735E-16,0.));
#7423=DIRECTION('',(0.,0.,-1.));
#7424=DIRECTION('',(0.,0.,-1.));
#7425=DIRECTION('',(0.951056516295154,-0.309016994374948,0.));
#7426=DIRECTION('',(0.,0.,-1.));
#7427=DIRECTION('',(0.,0.,-1.));
#7428=DIRECTION('',(0.,0.,-1.));
#7429=DIRECTION('',(0.,0.,-1.));
#7430=DIRECTION('',(0.951056516295154,-0.309016994374948,0.));
#7431=DIRECTION('',(0.,0.,-1.));
#7432=DIRECTION('',(0.951056516295154,-0.309016994374948,0.));
#7433=DIRECTION('',(0.,0.,-1.));
#7434=DIRECTION('',(-1.,0.,0.));
#7435=DIRECTION('',(1.,4.11512602180535E-16,1.93374606281248E-15));
#7436=DIRECTION('',(-9.89118034172376E-16,-0.742752776071772,0.669565764983303));
#7437=DIRECTION('',(1.28498035257541E-16,0.,-1.));
#7438=DIRECTION('',(-1.,0.,-1.28498035257541E-16));
#7439=DIRECTION('',(0.,1.,0.));
#7440=DIRECTION('',(-0.707106781186548,0.707106781186548,-9.08618320997555E-17));
#7441=DIRECTION('',(0.573576436351046,0.819152044288992,7.37034451411316E-17));
#7442=DIRECTION('',(0.819152044288994,-0.573576436351044,1.05259428268334E-16));
#7443=DIRECTION('',(0.573576436351046,0.819152044288992,7.37034451411316E-17));
#7444=DIRECTION('',(-0.707106781186548,0.707106781186548,-9.08618320997555E-17));
#7445=DIRECTION('',(1.,0.,1.28498035257541E-16));
#7446=DIRECTION('',(0.707106781186548,0.707106781186548,9.08618320997555E-17));
#7447=DIRECTION('',(-0.573576436351046,0.819152044288992,-7.37034451411316E-17));
#7448=DIRECTION('',(-0.819152044288994,-0.573576436351044,-1.05259428268334E-16));
#7449=DIRECTION('',(-0.573576436351046,0.819152044288992,-7.37034451411316E-17));
#7450=DIRECTION('',(0.707106781186548,0.707106781186548,9.08618320997555E-17));
#7451=DIRECTION('',(0.,1.,0.));
#7452=DIRECTION('',(-1.,0.,-1.28498035257541E-16));
#7453=DIRECTION('',(-1.,0.,-1.28498035257541E-16));
#7454=DIRECTION('',(-1.28498035257541E-16,0.,1.));
#7455=DIRECTION('',(-1.28498035257541E-16,0.,1.));
#7456=DIRECTION('',(0.,1.,0.));
#7457=DIRECTION('',(-1.28498035257541E-16,0.,1.));
#7458=DIRECTION('',(1.28498035257541E-16,0.,-1.));
#7459=DIRECTION('',(-1.,0.,-1.28498035257541E-16));
#7460=DIRECTION('',(0.707106781186548,0.707106781186548,9.08618320997555E-17));
#7461=DIRECTION('',(-0.573576436351046,0.819152044288992,-7.37034451411316E-17));
#7462=DIRECTION('',(-0.819152044288994,-0.573576436351044,-1.05259428268334E-16));
#7463=DIRECTION('',(-0.573576436351046,0.819152044288992,-7.37034451411316E-17));
#7464=DIRECTION('',(0.707106781186548,0.707106781186548,9.08618320997555E-17));
#7465=DIRECTION('',(1.,0.,1.28498035257541E-16));
#7466=DIRECTION('',(-0.707106781186548,0.707106781186548,-9.08618320997555E-17));
#7467=DIRECTION('',(0.573576436351046,0.819152044288992,7.37034451411316E-17));
#7468=DIRECTION('',(0.819152044288994,-0.573576436351044,1.05259428268334E-16));
#7469=DIRECTION('',(0.573576436351046,0.819152044288992,7.37034451411316E-17));
#7470=DIRECTION('',(-0.707106781186548,0.707106781186548,-9.08618320997555E-17));
#7471=DIRECTION('',(0.,1.,0.));
#7472=DIRECTION('',(-1.,0.,-1.28498035257541E-16));
#7473=DIRECTION('',(-1.,0.,0.));
#7474=DIRECTION('',(0.,0.,1.));
#7475=DIRECTION('',(0.,0.,1.));
#7476=DIRECTION('',(0.,1.,0.));
#7477=DIRECTION('',(0.,0.,1.));
#7478=DIRECTION('',(0.,1.,0.));
#7479=DIRECTION('',(1.65211759616839E-16,0.,-1.));
#7480=DIRECTION('',(-1.,0.,-1.65211759616839E-16));
#7481=DIRECTION('',(-1.,0.,-1.65211759616839E-16));
#7482=DIRECTION('',(0.,1.,0.));
#7483=DIRECTION('',(-1.,0.,-1.65211759616839E-16));
#7484=DIRECTION('',(-1.,0.,0.));
#7485=DIRECTION('',(0.,0.,1.));
#7486=DIRECTION('',(0.,0.,1.));
#7487=DIRECTION('',(0.,1.,0.));
#7488=DIRECTION('',(0.,0.,1.));
#7489=DIRECTION('',(1.65211759616839E-16,0.,-1.));
#7490=DIRECTION('',(-1.,0.,-1.65211759616839E-16));
#7491=DIRECTION('',(-1.,0.,-1.65211759616839E-16));
#7492=DIRECTION('',(-1.,0.,-1.65211759616839E-16));
#7493=DIRECTION('',(-1.,0.,-1.28498035257541E-16));
#7494=DIRECTION('',(-1.28498035257541E-16,0.,1.));
#7495=DIRECTION('',(-1.28498035257541E-16,0.,1.));
#7496=DIRECTION('',(-1.28498035257541E-16,0.,1.));
#7497=DIRECTION('',(0.,-1.,0.));
#7498=DIRECTION('',(1.,0.,0.));
#7499=DIRECTION('',(0.,1.,0.));
#7500=DIRECTION('',(0.,0.,1.));
#7501=DIRECTION('',(0.707106781186548,0.707106781186548,9.08618320997555E-17));
#7502=DIRECTION('',(-0.707106781186548,0.707106781186548,0.));
#7503=DIRECTION('',(-1.28498035257541E-16,0.,1.));
#7504=DIRECTION('',(0.707106781186548,-0.707106781186548,9.08618320997555E-17));
#7505=DIRECTION('',(0.707106781186548,0.707106781186548,0.));
#7506=DIRECTION('',(-1.28498035257541E-16,0.,1.));
#7507=DIRECTION('',(0.819152044288992,0.573576436351046,1.05259428268334E-16));
#7508=DIRECTION('',(-0.573576436351046,0.819152044288992,0.));
#7509=DIRECTION('',(-1.28498035257541E-16,0.,1.));
#7510=DIRECTION('',(-0.573576436351044,0.819152044288994,-7.37034451411313E-17));
#7511=DIRECTION('',(-0.819152044288994,-0.573576436351044,0.));
#7512=DIRECTION('',(-1.28498035257541E-16,0.,1.));
#7513=DIRECTION('',(0.819152044288992,0.573576436351046,1.05259428268334E-16));
#7514=DIRECTION('',(-0.573576436351046,0.819152044288992,0.));
#7515=DIRECTION('',(-1.28498035257541E-16,0.,1.));
#7516=DIRECTION('',(0.707106781186548,-0.707106781186548,9.08618320997555E-17));
#7517=DIRECTION('',(0.707106781186548,0.707106781186548,0.));
#7518=DIRECTION('',(-1.28498035257541E-16,0.,1.));
#7519=DIRECTION('',(0.,-1.,0.));
#7520=DIRECTION('',(0.,0.,-1.));
#7521=DIRECTION('',(-1.28498035257541E-16,0.,1.));
#7522=DIRECTION('',(0.707106781186548,0.707106781186548,9.08618320997555E-17));
#7523=DIRECTION('',(-0.707106781186548,0.707106781186548,0.));
#7524=DIRECTION('',(-1.28498035257541E-16,0.,1.));
#7525=DIRECTION('',(0.819152044288992,-0.573576436351046,1.05259428268334E-16));
#7526=DIRECTION('',(0.573576436351046,0.819152044288992,0.));
#7527=DIRECTION('',(-1.28498035257541E-16,0.,1.));
#7528=DIRECTION('',(-0.573576436351044,-0.819152044288994,-7.37034451411313E-17));
#7529=DIRECTION('',(0.819152044288994,-0.573576436351044,0.));
#7530=DIRECTION('',(-1.28498035257541E-16,0.,1.));
#7531=DIRECTION('',(0.819152044288992,-0.573576436351046,1.05259428268334E-16));
#7532=DIRECTION('',(0.573576436351046,0.819152044288992,0.));
#7533=DIRECTION('',(1.,9.58721828264087E-18,3.12068222085729E-15));
#7534=DIRECTION('',(-2.32431465592305E-15,0.669565764983305,0.74275277607177));
#7535=DIRECTION('',(0.,0.,1.));
#7536=DIRECTION('',(1.,0.,0.));
#7537=DIRECTION('',(0.,0.,1.));
#7538=DIRECTION('',(1.,0.,0.));
#7539=DIRECTION('',(0.,0.,-1.));
#7540=DIRECTION('',(1.,0.,0.));
#7541=DIRECTION('',(0.,0.,1.));
#7542=DIRECTION('',(1.,0.,0.));
#7543=DIRECTION('',(1.,0.,0.));
#7544=DIRECTION('',(0.,0.,1.));
#7545=DIRECTION('',(1.,0.,0.));
#7546=DIRECTION('',(0.,0.,1.));
#7547=DIRECTION('',(1.,0.,0.));
#7548=DIRECTION('',(0.,1.,0.));
#7549=DIRECTION('',(1.,0.,0.));
#7550=DIRECTION('',(0.,1.,0.));
#7551=DIRECTION('',(0.,0.,-1.));
#7552=DIRECTION('',(1.,0.,0.));
#7553=DIRECTION('',(0.,0.,1.));
#7554=DIRECTION('',(1.,0.,0.));
#7555=DIRECTION('',(0.,0.,1.));
#7556=DIRECTION('',(1.,0.,0.));
#7557=DIRECTION('',(1.,0.,0.));
#7558=DIRECTION('',(0.,0.,1.));
#7559=DIRECTION('',(1.,0.,0.));
#7560=DIRECTION('',(0.,0.,1.));
#7561=DIRECTION('',(1.,0.,0.));
#7562=DIRECTION('',(0.,1.,0.));
#7563=DIRECTION('',(1.,0.,0.));
#7564=DIRECTION('',(0.,1.,0.));
#7565=DIRECTION('',(0.,0.,1.));
#7566=DIRECTION('',(1.,0.,0.));
#7567=DIRECTION('',(0.,0.,1.));
#7568=DIRECTION('',(1.,0.,0.));
#7569=DIRECTION('',(0.,0.,1.));
#7570=DIRECTION('',(1.,0.,0.));
#7571=DIRECTION('',(0.,0.,-1.));
#7572=DIRECTION('',(-1.,0.,0.));
#7573=DIRECTION('',(0.,0.,-1.));
#7574=DIRECTION('',(0.,0.,-1.));
#7575=DIRECTION('',(-1.,0.,0.));
#7576=DIRECTION('',(0.,0.,1.));
#7577=DIRECTION('',(0.,0.,1.));
#7578=DIRECTION('',(-1.,0.,0.));
#7579=DIRECTION('',(0.,0.,1.));
#7580=DIRECTION('',(0.,0.,1.));
#7581=DIRECTION('',(1.,0.,-1.65211759616839E-16));
#7582=DIRECTION('',(-1.65211759616839E-16,0.,-1.));
#7583=DIRECTION('',(1.65211759616839E-16,0.,1.));
#7584=DIRECTION('',(0.,-1.,0.));
#7585=DIRECTION('',(1.65211759616839E-16,0.,1.));
#7586=DIRECTION('',(0.,-1.,0.));
#7587=DIRECTION('',(-1.23908819712629E-16,0.,-1.));
#7588=DIRECTION('',(-1.,0.,1.23908819712629E-16));
#7589=DIRECTION('',(1.,0.,-1.23908819712629E-16));
#7590=DIRECTION('',(0.,-1.,0.));
#7591=DIRECTION('',(1.,0.,-1.23908819712629E-16));
#7592=DIRECTION('',(1.,0.,-1.65211759616839E-16));
#7593=DIRECTION('',(-1.65211759616839E-16,0.,-1.));
#7594=DIRECTION('',(1.65211759616839E-16,0.,1.));
#7595=DIRECTION('',(0.,-1.,0.));
#7596=DIRECTION('',(1.65211759616839E-16,0.,1.));
#7597=DIRECTION('',(0.,0.,-1.));
#7598=DIRECTION('',(-1.,0.,0.));
#7599=DIRECTION('',(1.,0.,0.));
#7600=DIRECTION('',(1.,0.,0.));
#7601=DIRECTION('',(0.,1.,0.));
#7602=DIRECTION('',(-1.,0.,0.));
#7603=DIRECTION('',(0.,-1.,0.));
#7604=DIRECTION('',(1.,0.,0.));
#7605=DIRECTION('',(0.,0.,1.));
#7606=DIRECTION('',(1.,0.,0.));
#7607=DIRECTION('',(0.,0.,1.));
#7608=DIRECTION('',(1.,0.,0.));
#7609=DIRECTION('',(0.,0.,1.));
#7610=DIRECTION('',(0.,0.,1.));
#7611=DIRECTION('',(0.,-1.,0.));
#7612=DIRECTION('',(0.,0.,-1.));
#7613=DIRECTION('',(0.,0.,1.));
#7614=DIRECTION('',(1.,0.,0.));
#7615=DIRECTION('',(0.,0.,1.));
#7616=DIRECTION('',(1.,0.,0.));
#7617=DIRECTION('',(0.,0.,1.));
#7618=DIRECTION('',(1.,0.,0.));
#7619=DIRECTION('',(-1.,3.63814596872577E-16,-1.47732195603114E-15));
#7620=DIRECTION('',(-8.31044564653824E-16,-0.943956518273797,0.330069828382435));
#7621=DIRECTION('',(1.,3.50223167819566E-17,-1.74902848400205E-18));
#7622=DIRECTION('',(1.19366267209211E-17,-0.386880686940382,-0.922129781577701));
#7623=DIRECTION('',(6.56470979300875E-17,-0.330069828382434,-0.943956518273798));
#7624=DIRECTION('',(3.76226676264174E-16,-0.943956518273798,0.330069828382434));
#7625=DIRECTION('',(-1.,-8.88763348193527E-16,-2.03314197898773E-15));
#7626=DIRECTION('',(-3.29717866658597E-17,0.922129781577701,-0.386880686940382));
#7627=DIRECTION('',(0.,0.,1.));
#7628=DIRECTION('',(1.,0.,0.));
#7629=DIRECTION('',(0.,0.,-1.));
#7630=DIRECTION('',(1.,0.,0.));
#7631=DIRECTION('',(0.,0.,-1.));
#7632=DIRECTION('',(1.,0.,0.));
#7633=DIRECTION('',(0.,0.,1.));
#7634=DIRECTION('',(1.,0.,0.));
#7635=DIRECTION('',(-1.,-9.25185853854297E-17,0.));
#7636=DIRECTION('',(-1.38777878078145E-16,1.,0.));
#7637=DIRECTION('',(-1.,-9.25185853854297E-17,0.));
#7638=DIRECTION('',(-1.38777878078145E-16,1.,0.));
#7639=DIRECTION('',(0.,0.,-1.));
#7640=DIRECTION('',(1.,0.,0.));
#7641=DIRECTION('',(0.,0.,1.));
#7642=DIRECTION('',(1.,0.,0.));
#7643=DIRECTION('',(0.,0.,1.));
#7644=DIRECTION('',(1.,0.,0.));
#7645=DIRECTION('',(0.,0.,1.));
#7646=DIRECTION('',(1.,0.,0.));
#7647=DIRECTION('',(0.,0.,-1.));
#7648=DIRECTION('',(1.,0.,0.));
#7649=DIRECTION('',(9.25185853854297E-17,-1.,0.));
#7650=DIRECTION('',(1.,9.25185853854297E-17,0.));
#7651=DIRECTION('',(-1.,-9.25185853854297E-17,0.));
#7652=DIRECTION('',(0.,0.,-1.));
#7653=DIRECTION('',(0.,0.,-1.));
#7654=DIRECTION('',(-1.,-1.38777878078145E-16,0.));
#7655=DIRECTION('',(1.38777878078145E-16,-1.,0.));
#7656=DIRECTION('',(-1.38777878078145E-16,1.,0.));
#7657=DIRECTION('',(0.,0.,-1.));
#7658=DIRECTION('',(9.25185853854297E-17,-1.,0.));
#7659=DIRECTION('',(1.,9.25185853854297E-17,0.));
#7660=DIRECTION('',(-1.,-9.25185853854297E-17,0.));
#7661=DIRECTION('',(0.,0.,-1.));
#7662=DIRECTION('',(-1.,-1.38777878078145E-16,0.));
#7663=DIRECTION('',(1.38777878078145E-16,-1.,0.));
#7664=DIRECTION('',(-1.38777878078145E-16,1.,0.));
#7665=DIRECTION('',(0.,0.,1.));
#7666=DIRECTION('',(1.,0.,0.));
#7667=DIRECTION('',(0.,0.,-1.));
#7668=DIRECTION('',(-1.,0.,0.));
#7669=DIRECTION('',(0.,0.,1.));
#7670=DIRECTION('',(1.,0.,0.));
#7671=DIRECTION('',(0.,0.,1.));
#7672=DIRECTION('',(1.,0.,0.));
#7673=DIRECTION('',(0.,0.,-1.));
#7674=DIRECTION('',(-1.,0.,0.));
#7675=DIRECTION('',(0.,0.,-1.));
#7676=DIRECTION('',(1.,0.,0.));
#7677=DIRECTION('',(0.,0.,1.));
#7678=DIRECTION('',(1.,0.,0.));
#7679=DIRECTION('',(0.,0.,-1.));
#7680=DIRECTION('',(-1.,0.,0.));
#7681=DIRECTION('',(0.,0.,-1.));
#7682=DIRECTION('',(1.,0.,0.));
#7683=DIRECTION('',(0.,0.,1.));
#7684=DIRECTION('',(1.,0.,0.));
#7685=DIRECTION('',(0.,0.,-1.));
#7686=DIRECTION('',(-1.,0.,0.));
#7687=DIRECTION('',(0.,0.,-1.));
#7688=DIRECTION('',(1.,0.,0.));
#7689=DIRECTION('',(0.,0.,1.));
#7690=DIRECTION('',(1.,0.,0.));
#7691=DIRECTION('',(0.,0.,-1.));
#7692=DIRECTION('',(-1.,0.,0.));
#7693=DIRECTION('',(0.,0.,1.));
#7694=DIRECTION('',(1.,0.,0.));
#7695=DIRECTION('',(0.,0.,1.));
#7696=DIRECTION('',(1.,0.,0.));
#7697=DIRECTION('',(0.,0.,-1.));
#7698=DIRECTION('',(-1.,0.,0.));
#7699=DIRECTION('',(0.,0.,1.));
#7700=DIRECTION('',(1.,0.,0.));
#7701=DIRECTION('',(0.,0.,1.));
#7702=DIRECTION('',(1.,0.,0.));
#7703=DIRECTION('',(0.,0.,-1.));
#7704=DIRECTION('',(-1.,0.,0.));
#7705=DIRECTION('',(0.,0.,1.));
#7706=DIRECTION('',(1.,0.,0.));
#7707=DIRECTION('',(0.,0.,1.));
#7708=DIRECTION('',(1.,0.,0.));
#7709=DIRECTION('',(0.,0.,-1.));
#7710=DIRECTION('',(-1.,0.,0.));
#7711=DIRECTION('',(0.,0.,-1.));
#7712=DIRECTION('',(1.,0.,0.));
#7713=DIRECTION('',(0.,0.,1.));
#7714=DIRECTION('',(1.,0.,0.));
#7715=DIRECTION('',(0.,0.,1.));
#7716=DIRECTION('',(1.,0.,0.));
#7717=CARTESIAN_POINT('',(0.,0.,0.));
#7718=CARTESIAN_POINT('',(0.,0.,0.005));
#7719=CARTESIAN_POINT('',(0.,1.53080849893419E-19,0.005));
#7720=CARTESIAN_POINT('',(0.0025,1.53080849893419E-19,0.005));
#7721=CARTESIAN_POINT('',(0.,4.89858719658941E-19,0.005));
#7722=CARTESIAN_POINT('',(0.0055,4.89858719658941E-19,0.005));
#7723=CARTESIAN_POINT('',(0.,0.,0.));
#7724=CARTESIAN_POINT('',(0.,1.53080849893419E-19,0.));
#7725=CARTESIAN_POINT('',(0.0025,1.53080849893419E-19,0.));
#7726=CARTESIAN_POINT('',(0.,-3.36777869765522E-19,0.));
#7727=CARTESIAN_POINT('',(-0.0055,-3.36777869765522E-19,0.));
#7728=CARTESIAN_POINT('',(0.,1.53080849893419E-19,0.005));
#7729=CARTESIAN_POINT('',(0.,4.89858719658941E-19,0.005));
#7730=CARTESIAN_POINT('',(0.,4.89858719658941E-19,0.005));
#7731=CARTESIAN_POINT('',(0.008,4.89858719658941E-19,0.005));
#7732=CARTESIAN_POINT('',(0.,4.89858719658941E-19,0.));
#7733=CARTESIAN_POINT('',(0.008,4.89858719658941E-19,0.));
#7734=CARTESIAN_POINT('',(0.,0.,0.005));
#7735=CARTESIAN_POINT('',(0.,5.51091059616309E-19,0.005));
#7736=CARTESIAN_POINT('',(0.0065,5.51091059616309E-19,0.005));
#7737=CARTESIAN_POINT('',(0.,0.,0.));
#7738=CARTESIAN_POINT('',(0.,-3.9801020972289E-19,0.));
#7739=CARTESIAN_POINT('',(-0.0065,-3.9801020972289E-19,0.));
#7740=CARTESIAN_POINT('',(0.,-3.36777869765522E-19,0.0005));
#7741=CARTESIAN_POINT('',(0.,-3.36777869765522E-19,0.0005));
#7742=CARTESIAN_POINT('',(-0.0055,-3.36777869765522E-19,0.0005));
#7743=CARTESIAN_POINT('',(0.,-3.9801020972289E-19,0.0005));
#7744=CARTESIAN_POINT('',(0.,-3.9801020972289E-19,0.0005));
#7745=CARTESIAN_POINT('',(-0.0065,-3.9801020972289E-19,0.0005));
#7746=CARTESIAN_POINT('',(0.,0.,0.0005));
#7747=CARTESIAN_POINT('',(0.,4.89858719658941E-19,0.0045));
#7748=CARTESIAN_POINT('',(0.,4.89858719658941E-19,0.0045));
#7749=CARTESIAN_POINT('',(0.0055,4.89858719658941E-19,0.0045));
#7750=CARTESIAN_POINT('',(0.,5.51091059616309E-19,0.0045));
#7751=CARTESIAN_POINT('',(0.,5.51091059616309E-19,0.0045));
#7752=CARTESIAN_POINT('',(0.0065,5.51091059616309E-19,0.0045));
#7753=CARTESIAN_POINT('',(0.,0.,0.0045));
#7754=CARTESIAN_POINT('',(-0.119781632137299,0.0541919590356062,0.280758556613299));
#7755=CARTESIAN_POINT('',(0.23,4.7197770147833E-17,0.0135));
#7756=CARTESIAN_POINT('',(0.23,4.7197770147833E-17,0.0075));
#7757=CARTESIAN_POINT('',(0.23,-0.008,0.0075));
#7758=CARTESIAN_POINT('',(0.23,0.008,0.0075));
#7759=CARTESIAN_POINT('',(0.23,0.008,0.0135));
#7760=CARTESIAN_POINT('',(0.23,0.008,0.0135));
#7761=CARTESIAN_POINT('',(0.23,4.7197770147833E-17,0.0135));
#7762=CARTESIAN_POINT('',(0.23,-0.008,0.0135));
#7763=CARTESIAN_POINT('',(0.23,-0.008,0.0135));
#7764=CARTESIAN_POINT('',(0.115,0.008,0.0135));
#7765=CARTESIAN_POINT('',(0.115,0.008,0.0075));
#7766=CARTESIAN_POINT('',(0.,0.008,0.0075));
#7767=CARTESIAN_POINT('',(0.,0.008,0.0135));
#7768=CARTESIAN_POINT('',(0.,0.008,0.0135));
#7769=CARTESIAN_POINT('',(0.115,0.008,0.0135));
#7770=CARTESIAN_POINT('',(-1.35722045764734E-18,3.46944695195361E-18,0.0135));
#7771=CARTESIAN_POINT('',(-1.35722045764734E-18,3.46944695195361E-18,0.0075));
#7772=CARTESIAN_POINT('',(-3.77503018329462E-19,-0.008,0.0075));
#7773=CARTESIAN_POINT('',(-3.77503018329462E-19,-0.008,0.0135));
#7774=CARTESIAN_POINT('',(-3.77503018329462E-19,-0.008,0.0135));
#7775=CARTESIAN_POINT('',(-1.35722045764734E-18,3.46944695195361E-18,0.0135));
#7776=CARTESIAN_POINT('',(0.112354248688935,0.006,0.0135));
#7777=CARTESIAN_POINT('',(0.112354248688935,0.006,0.0075));
#7778=CARTESIAN_POINT('',(0.,0.006,0.0075));
#7779=CARTESIAN_POINT('',(0.23,0.006,0.0075));
#7780=CARTESIAN_POINT('',(0.23,0.006,0.0135));
#7781=CARTESIAN_POINT('',(0.23,0.006,0.0135));
#7782=CARTESIAN_POINT('',(0.112354248688935,0.006,0.0135));
#7783=CARTESIAN_POINT('',(0.,0.006,0.0135));
#7784=CARTESIAN_POINT('',(0.,0.006,0.0135));
#7785=CARTESIAN_POINT('',(0.23,0.,0.0135));
#7786=CARTESIAN_POINT('',(0.23,0.,0.0075));
#7787=CARTESIAN_POINT('',(0.23,-0.006,0.0075));
#7788=CARTESIAN_POINT('',(0.23,-0.006,0.0135));
#7789=CARTESIAN_POINT('',(0.23,-0.006,0.0135));
#7790=CARTESIAN_POINT('',(0.23,0.,0.0135));
#7791=CARTESIAN_POINT('',(0.112354248688935,-0.006,0.0135));
#7792=CARTESIAN_POINT('',(0.112354248688935,-0.006,0.0075));
#7793=CARTESIAN_POINT('',(0.,-0.006,0.0075));
#7794=CARTESIAN_POINT('',(0.,-0.006,0.0135));
#7795=CARTESIAN_POINT('',(0.,-0.006,0.0135));
#7796=CARTESIAN_POINT('',(0.112354248688935,-0.006,0.0135));
#7797=CARTESIAN_POINT('',(6.62868292499958E-20,0.,0.0135));
#7798=CARTESIAN_POINT('',(6.62868292499958E-20,0.,0.0075));
#7799=CARTESIAN_POINT('',(6.62868292499958E-20,0.,0.0135));
#7800=CARTESIAN_POINT('',(0.115,-0.008,0.0135));
#7801=CARTESIAN_POINT('',(0.115,-0.008,0.0075));
#7802=CARTESIAN_POINT('',(0.115,-0.008,0.0135));
#7803=CARTESIAN_POINT('',(0.115,3.46944695195361E-18,0.0135));
#7804=CARTESIAN_POINT('',(0.115,3.46944695195361E-18,0.0075));
#7805=CARTESIAN_POINT('',(-0.0985816321372988,0.0555412903802643,0.283606941615288));
#7806=CARTESIAN_POINT('',(0.0135,-6.56381855775008E-18,0.045));
#7807=CARTESIAN_POINT('',(0.0115,0.01165,0.045));
#7808=CARTESIAN_POINT('',(0.0115,0.01165,0.045));
#7809=CARTESIAN_POINT('',(0.0135,0.01165,0.045));
#7810=CARTESIAN_POINT('',(0.0115,-6.93889390390723E-18,0.045));
#7811=CARTESIAN_POINT('',(0.0115,-0.0116507575950825,0.045));
#7812=CARTESIAN_POINT('',(0.0115,-0.0116507575950825,0.045));
#7813=CARTESIAN_POINT('',(0.0135,-0.0116507575950825,0.045));
#7814=CARTESIAN_POINT('',(0.0135,-6.56381855775008E-18,0.045));
#7815=CARTESIAN_POINT('',(0.0135,2.53175858656075E-18,0.0225));
#7816=CARTESIAN_POINT('',(0.0135,-0.0123290130868554,0.0250029396265745));
#7817=CARTESIAN_POINT('',(0.0135,-0.0107290130868554,0.0250029396265745));
#7818=CARTESIAN_POINT('',(0.0135,0.00635010143741965,0.0142000997439027));
#7819=CARTESIAN_POINT('',(0.0135,0.00795010143741965,0.0142000997439027));
#7820=CARTESIAN_POINT('',(0.0135,0.0063755507580936,0.0358566753566265));
#7821=CARTESIAN_POINT('',(0.0135,0.0079755507580936,0.0358566753566265));
#7822=CARTESIAN_POINT('',(0.0135,6.89136463703093E-20,0.0305));
#7823=CARTESIAN_POINT('',(0.0135,0.005,0.0305));
#7824=CARTESIAN_POINT('',(0.0135,0.037,0.0225));
#7825=CARTESIAN_POINT('',(0.0135,0.037,0.));
#7826=CARTESIAN_POINT('',(0.0135,0.037,0.01965));
#7827=CARTESIAN_POINT('',(0.0135,0.01165,0.01965));
#7828=CARTESIAN_POINT('',(0.0135,-0.0116507575950825,0.0196507575950825));
#7829=CARTESIAN_POINT('',(0.0135,-0.037,0.0196507575950825));
#7830=CARTESIAN_POINT('',(0.0135,-0.037,0.0225));
#7831=CARTESIAN_POINT('',(0.0135,-0.037,0.));
#7832=CARTESIAN_POINT('',(0.0135,3.75075346157148E-19,0.));
#7833=CARTESIAN_POINT('',(0.0115,2.1566832404036E-18,0.0225));
#7834=CARTESIAN_POINT('',(0.0115,-0.0123290130868554,0.0250029396265745));
#7835=CARTESIAN_POINT('',(0.0115,-0.0107290130868554,0.0250029396265745));
#7836=CARTESIAN_POINT('',(0.0115,0.00635010143741965,0.0142000997439027));
#7837=CARTESIAN_POINT('',(0.0115,0.00795010143741965,0.0142000997439027));
#7838=CARTESIAN_POINT('',(0.0115,0.0063755507580936,0.0358566753566265));
#7839=CARTESIAN_POINT('',(0.0115,0.0079755507580936,0.0358566753566265));
#7840=CARTESIAN_POINT('',(0.0115,-3.06161699786838E-19,0.0305));
#7841=CARTESIAN_POINT('',(0.0115,0.005,0.0305));
#7842=CARTESIAN_POINT('',(0.0115,0.01165,0.01965));
#7843=CARTESIAN_POINT('',(0.0115,0.037,0.01965));
#7844=CARTESIAN_POINT('',(0.0115,0.037,0.0225));
#7845=CARTESIAN_POINT('',(0.0115,0.037,0.002));
#7846=CARTESIAN_POINT('',(0.0115,0.,0.002));
#7847=CARTESIAN_POINT('',(0.0115,-0.037,0.002));
#7848=CARTESIAN_POINT('',(0.0115,-0.037,0.0225));
#7849=CARTESIAN_POINT('',(0.0115,-0.037,0.0196507575950825));
#7850=CARTESIAN_POINT('',(0.0115,-0.0116507575950825,0.0196507575950825));
#7851=CARTESIAN_POINT('',(6.93889390390723E-18,-0.037,0.002));
#7852=CARTESIAN_POINT('',(0.0115,-0.037,0.0196507575950825));
#7853=CARTESIAN_POINT('',(6.93889390390723E-18,-0.037,0.002));
#7854=CARTESIAN_POINT('',(-0.0115,-0.037,0.002));
#7855=CARTESIAN_POINT('',(-0.0115,-0.037,0.002));
#7856=CARTESIAN_POINT('',(-0.0115,-0.037,0.));
#7857=CARTESIAN_POINT('',(6.93889390390723E-18,-0.037,0.));
#7858=CARTESIAN_POINT('',(-6.93889390390723E-18,0.037,0.002));
#7859=CARTESIAN_POINT('',(0.0115,0.037,0.01965));
#7860=CARTESIAN_POINT('',(-6.93889390390723E-18,0.037,0.));
#7861=CARTESIAN_POINT('',(-0.0115,0.037,0.));
#7862=CARTESIAN_POINT('',(-0.0115,0.037,0.002));
#7863=CARTESIAN_POINT('',(-0.0115,0.037,0.002));
#7864=CARTESIAN_POINT('',(-6.93889390390723E-18,0.037,0.002));
#7865=CARTESIAN_POINT('',(-0.0115,0.,0.002));
#7866=CARTESIAN_POINT('',(-0.0115,0.,0.));
#7867=CARTESIAN_POINT('',(-0.0115,0.,0.002));
#7868=CARTESIAN_POINT('',(0.,0.,0.002));
#7869=CARTESIAN_POINT('',(-0.0045,-0.03,0.002));
#7870=CARTESIAN_POINT('',(-0.003,-0.03,0.002));
#7871=CARTESIAN_POINT('',(0.0045,-0.03,0.002));
#7872=CARTESIAN_POINT('',(0.006,-0.03,0.002));
#7873=CARTESIAN_POINT('',(0.0045,0.03,0.002));
#7874=CARTESIAN_POINT('',(0.006,0.03,0.002));
#7875=CARTESIAN_POINT('',(-0.0045,0.03,0.002));
#7876=CARTESIAN_POINT('',(-0.003,0.03,0.002));
#7877=CARTESIAN_POINT('',(0.,0.,0.));
#7878=CARTESIAN_POINT('',(-0.0045,-0.03,0.));
#7879=CARTESIAN_POINT('',(-0.003,-0.03,0.));
#7880=CARTESIAN_POINT('',(0.0045,-0.03,0.));
#7881=CARTESIAN_POINT('',(0.006,-0.03,0.));
#7882=CARTESIAN_POINT('',(0.0045,0.03,0.));
#7883=CARTESIAN_POINT('',(0.006,0.03,0.));
#7884=CARTESIAN_POINT('',(-0.0045,0.03,0.));
#7885=CARTESIAN_POINT('',(-0.003,0.03,0.));
#7886=CARTESIAN_POINT('',(-0.0045,0.03,0.));
#7887=CARTESIAN_POINT('',(0.0045,0.03,0.));
#7888=CARTESIAN_POINT('',(0.0045,-0.03,0.));
#7889=CARTESIAN_POINT('',(-0.0045,-0.03,0.));
#7890=CARTESIAN_POINT('',(0.0115,-3.06161699786838E-19,0.0305));
#7891=CARTESIAN_POINT('',(0.0115,0.0063755507580936,0.0358566753566265));
#7892=CARTESIAN_POINT('',(0.0115,0.00635010143741965,0.0142000997439027));
#7893=CARTESIAN_POINT('',(0.0115,-0.0123290130868554,0.0250029396265745));
#7894=CARTESIAN_POINT('',(0.0115,-0.0116507575950825,0.0196507575950825));
#7895=CARTESIAN_POINT('',(0.0115,0.01165,0.01965));
#7896=CARTESIAN_POINT('',(-0.0840816321372987,-0.0205307068187185,0.0357524972233743));
#7897=CARTESIAN_POINT('',(8.67361737988404E-19,-0.2,-0.005));
#7898=CARTESIAN_POINT('',(8.67361737988404E-19,0.,-0.005));
#7899=CARTESIAN_POINT('',(0.005,0.,-0.005));
#7900=CARTESIAN_POINT('',(-0.005,0.,-0.005));
#7901=CARTESIAN_POINT('',(0.005,-0.2,-0.005));
#7902=CARTESIAN_POINT('',(0.005,-0.2,-0.005));
#7903=CARTESIAN_POINT('',(8.67361737988404E-19,-0.2,-0.005));
#7904=CARTESIAN_POINT('',(-0.005,-0.2,-0.005));
#7905=CARTESIAN_POINT('',(-0.005,-0.2,-0.005));
#7906=CARTESIAN_POINT('',(0.005,-0.2,8.67361737988404E-19));
#7907=CARTESIAN_POINT('',(0.005,0.,8.67361737988404E-19));
#7908=CARTESIAN_POINT('',(0.005,0.,0.005));
#7909=CARTESIAN_POINT('',(0.005,-0.2,0.005));
#7910=CARTESIAN_POINT('',(0.005,-0.2,0.005));
#7911=CARTESIAN_POINT('',(0.005,-0.2,8.67361737988404E-19));
#7912=CARTESIAN_POINT('',(-1.7347234759768E-18,-0.2,0.005));
#7913=CARTESIAN_POINT('',(-1.7347234759768E-18,0.,0.005));
#7914=CARTESIAN_POINT('',(-0.005,0.,0.005));
#7915=CARTESIAN_POINT('',(-0.005,-0.2,0.005));
#7916=CARTESIAN_POINT('',(-0.005,-0.2,0.005));
#7917=CARTESIAN_POINT('',(-1.7347234759768E-18,-0.2,0.005));
#7918=CARTESIAN_POINT('',(-0.005,-0.2,-8.67361737988404E-19));
#7919=CARTESIAN_POINT('',(-0.005,0.,-8.67361737988404E-19));
#7920=CARTESIAN_POINT('',(-0.005,-0.2,-8.67361737988404E-19));
#7921=CARTESIAN_POINT('',(0.,-0.2,0.));
#7922=CARTESIAN_POINT('',(0.,0.,0.));
#7923=CARTESIAN_POINT('',(-0.126331632137299,0.0497360163524435,0.268015143616603));
#7924=CARTESIAN_POINT('',(0.,0.,0.0135));
#7925=CARTESIAN_POINT('',(0.,0.00635,0.0135));
#7926=CARTESIAN_POINT('',(0.002,0.00635,0.0135));
#7927=CARTESIAN_POINT('',(0.,-0.00635,0.0135));
#7928=CARTESIAN_POINT('',(0.002,-0.00635,0.0135));
#7929=CARTESIAN_POINT('',(0.,9.95025524307225E-19,0.0135));
#7930=CARTESIAN_POINT('',(0.00275,9.95025524307225E-19,0.0135));
#7931=CARTESIAN_POINT('',(0.00635,9.49101269339199E-19,0.0135));
#7932=CARTESIAN_POINT('',(0.00835,9.49101269339199E-19,0.0135));
#7933=CARTESIAN_POINT('',(0.,8.26636589424464E-19,0.0135));
#7934=CARTESIAN_POINT('',(-0.00675,0.0116913429510899,0.0135));
#7935=CARTESIAN_POINT('',(0.00675,0.0116913429510899,0.0135));
#7936=CARTESIAN_POINT('',(0.00675,0.0105,0.0135));
#7937=CARTESIAN_POINT('',(0.00675,0.0265,0.0135));
#7938=CARTESIAN_POINT('',(0.,0.0265,0.0135));
#7939=CARTESIAN_POINT('',(-0.00675,0.0265,0.0135));
#7940=CARTESIAN_POINT('',(-0.00675,0.0105,0.0135));
#7941=CARTESIAN_POINT('',(-0.00635,9.49101269339199E-19,0.0135));
#7942=CARTESIAN_POINT('',(-0.00435,9.49101269339199E-19,0.0135));
#7943=CARTESIAN_POINT('',(0.,0.,0.));
#7944=CARTESIAN_POINT('',(-0.00675,0.0105,0.));
#7945=CARTESIAN_POINT('',(-0.00675,0.0116913429510899,0.));
#7946=CARTESIAN_POINT('',(-0.00675,0.0265,0.));
#7947=CARTESIAN_POINT('',(0.,0.0265,0.));
#7948=CARTESIAN_POINT('',(0.00675,0.0265,0.));
#7949=CARTESIAN_POINT('',(0.00675,0.0105,0.));
#7950=CARTESIAN_POINT('',(0.00675,0.0116913429510899,0.));
#7951=CARTESIAN_POINT('',(0.,8.26636589424464E-19,0.));
#7952=CARTESIAN_POINT('',(0.,-4.9292033665681E-19,0.));
#7953=CARTESIAN_POINT('',(0.00118301577295175,0.00796259842519685,0.));
#7954=CARTESIAN_POINT('',(0.00796259842519685,0.00118301577295175,0.));
#7955=CARTESIAN_POINT('',(0.,0.00635,0.));
#7956=CARTESIAN_POINT('',(-0.00118301577295175,0.00796259842519685,0.));
#7957=CARTESIAN_POINT('',(0.,-4.9292033665681E-19,0.));
#7958=CARTESIAN_POINT('',(-0.00796259842519685,0.00118301577295175,0.));
#7959=CARTESIAN_POINT('',(-0.00635,9.49101269339199E-19,0.));
#7960=CARTESIAN_POINT('',(-0.00796259842519685,-0.00118301577295175,0.));
#7961=CARTESIAN_POINT('',(0.,-4.9292033665681E-19,0.));
#7962=CARTESIAN_POINT('',(-0.00118301577295175,-0.00796259842519685,0.));
#7963=CARTESIAN_POINT('',(0.,-0.00635,0.));
#7964=CARTESIAN_POINT('',(0.00118301577295175,-0.00796259842519685,0.));
#7965=CARTESIAN_POINT('',(0.,-4.9292033665681E-19,0.));
#7966=CARTESIAN_POINT('',(0.00796259842519685,-0.00118301577295174,0.));
#7967=CARTESIAN_POINT('',(0.00635,9.49101269339199E-19,0.));
#7968=CARTESIAN_POINT('',(0.,-4.9292033665681E-19,0.0052));
#7969=CARTESIAN_POINT('',(0.,-4.9292033665681E-19,0.0052));
#7970=CARTESIAN_POINT('',(0.00118301577295175,0.00796259842519685,0.0052));
#7971=CARTESIAN_POINT('',(0.00796259842519685,0.00118301577295175,0.0052));
#7972=CARTESIAN_POINT('',(0.00118301577295175,0.00796259842519686,0.0035));
#7973=CARTESIAN_POINT('',(0.00796259842519685,0.00118301577295175,0.0035));
#7974=CARTESIAN_POINT('',(0.,-4.9292033665681E-19,0.0052));
#7975=CARTESIAN_POINT('',(-0.00118301577295175,0.00796259842519686,0.0035));
#7976=CARTESIAN_POINT('',(-0.00118301577295175,0.00796259842519685,0.0052));
#7977=CARTESIAN_POINT('',(0.,-4.9292033665681E-19,0.0052));
#7978=CARTESIAN_POINT('',(-0.00796259842519685,0.00118301577295175,0.0052));
#7979=CARTESIAN_POINT('',(-0.00796259842519685,0.00118301577295175,0.0035));
#7980=CARTESIAN_POINT('',(0.,-4.9292033665681E-19,0.0052));
#7981=CARTESIAN_POINT('',(-0.00796259842519686,-0.00118301577295175,0.0035));
#7982=CARTESIAN_POINT('',(-0.00796259842519685,-0.00118301577295175,0.0052));
#7983=CARTESIAN_POINT('',(0.,-4.9292033665681E-19,0.0052));
#7984=CARTESIAN_POINT('',(-0.00118301577295175,-0.00796259842519685,0.0052));
#7985=CARTESIAN_POINT('',(-0.00118301577295175,-0.00796259842519686,0.0035));
#7986=CARTESIAN_POINT('',(0.,-4.9292033665681E-19,0.0052));
#7987=CARTESIAN_POINT('',(0.00118301577295175,-0.00796259842519686,0.0035));
#7988=CARTESIAN_POINT('',(0.00118301577295175,-0.00796259842519685,0.0052));
#7989=CARTESIAN_POINT('',(0.,-4.9292033665681E-19,0.0052));
#7990=CARTESIAN_POINT('',(0.00796259842519685,-0.00118301577295175,0.0052));
#7991=CARTESIAN_POINT('',(0.00796259842519686,-0.00118301577295175,0.0035));
#7992=CARTESIAN_POINT('',(0.,0.0065,0.0052));
#7993=CARTESIAN_POINT('',(0.,0.00635,0.0052));
#7994=CARTESIAN_POINT('',(0.00635,9.49101269339199E-19,0.0052));
#7995=CARTESIAN_POINT('',(0.,-0.00635,0.0052));
#7996=CARTESIAN_POINT('',(-0.00635,9.49101269339199E-19,0.0052));
#7997=CARTESIAN_POINT('',(0.,9.95025524307225E-19,0.0052));
#7998=CARTESIAN_POINT('',(-0.00275,9.95025524307225E-19,0.0052));
#7999=CARTESIAN_POINT('',(0.,8.26636589424464E-19,0.0135));
#8000=CARTESIAN_POINT('',(-0.00675,0.0116913429510899,0.0135));
#8001=CARTESIAN_POINT('',(0.00675,0.0116913429510899,0.0135));
#8002=CARTESIAN_POINT('',(-0.00675,0.0105,0.00675));
#8003=CARTESIAN_POINT('',(-0.00675,0.0265,0.00675));
#8004=CARTESIAN_POINT('',(0.00675,0.0105,0.00675));
#8005=CARTESIAN_POINT('',(0.00675,0.0265,0.00675));
#8006=CARTESIAN_POINT('',(-0.00525,0.0265,0.00675));
#8007=CARTESIAN_POINT('',(-0.00525,0.0135,0.00675));
#8008=CARTESIAN_POINT('',(-0.00525,0.0135,0.0015));
#8009=CARTESIAN_POINT('',(-0.00525,0.0135,0.012));
#8010=CARTESIAN_POINT('',(-0.00525,0.0265,0.0015));
#8011=CARTESIAN_POINT('',(-0.00525,0.0265,0.0015));
#8012=CARTESIAN_POINT('',(-0.00525,0.0265,0.00675));
#8013=CARTESIAN_POINT('',(-0.00525,0.0265,0.012));
#8014=CARTESIAN_POINT('',(-0.00525,0.0265,0.012));
#8015=CARTESIAN_POINT('',(-1.7347234759768E-18,0.0265,0.0015));
#8016=CARTESIAN_POINT('',(-1.7347234759768E-18,0.0135,0.0015));
#8017=CARTESIAN_POINT('',(0.00525,0.0135,0.0015));
#8018=CARTESIAN_POINT('',(0.00525,0.0265,0.0015));
#8019=CARTESIAN_POINT('',(0.00525,0.0265,0.0015));
#8020=CARTESIAN_POINT('',(-1.7347234759768E-18,0.0265,0.0015));
#8021=CARTESIAN_POINT('',(0.00525,0.0265,0.00675));
#8022=CARTESIAN_POINT('',(0.00525,0.0135,0.00675));
#8023=CARTESIAN_POINT('',(0.00525,0.0135,0.012));
#8024=CARTESIAN_POINT('',(0.00525,0.0265,0.012));
#8025=CARTESIAN_POINT('',(0.00525,0.0265,0.012));
#8026=CARTESIAN_POINT('',(0.00525,0.0265,0.00675));
#8027=CARTESIAN_POINT('',(0.,0.0265,0.012));
#8028=CARTESIAN_POINT('',(0.,0.0135,0.012));
#8029=CARTESIAN_POINT('',(0.,0.0265,0.012));
#8030=CARTESIAN_POINT('',(0.,0.0265,0.00675));
#8031=CARTESIAN_POINT('',(0.,0.0135,0.00675));
#8032=CARTESIAN_POINT('',(0.00635,9.49101269339199E-19,-0.0065));
#8033=CARTESIAN_POINT('',(0.,9.95025524307225E-19,-0.0065));
#8034=CARTESIAN_POINT('',(0.,-0.00635,-0.0065));
#8035=CARTESIAN_POINT('',(-0.00635,9.49101269339199E-19,-0.0065));
#8036=CARTESIAN_POINT('',(0.,0.00635,-0.0065));
#8037=CARTESIAN_POINT('',(-0.119581632137299,0.0541919590356063,0.280758556613299));
#8038=CARTESIAN_POINT('',(0.,0.,0.0135));
#8039=CARTESIAN_POINT('',(-2.20436423846524E-19,7.58941520739853E-19,0.0135));
#8040=CARTESIAN_POINT('',(0.00158745078663876,0.0018,0.0135));
#8041=CARTESIAN_POINT('',(-0.00158745078663876,0.0018,0.0135));
#8042=CARTESIAN_POINT('',(-0.000793725393319377,0.0018,0.0135));
#8043=CARTESIAN_POINT('',(-2.20436423846524E-19,7.58941520739853E-19,0.0135));
#8044=CARTESIAN_POINT('',(0.00158745078663876,0.0018,0.07));
#8045=CARTESIAN_POINT('',(0.00158745078663876,0.0018,0.07));
#8046=CARTESIAN_POINT('',(-2.20436423846524E-19,7.58941520739853E-19,0.07));
#8047=CARTESIAN_POINT('',(-0.00158745078663876,0.0018,0.07));
#8048=CARTESIAN_POINT('',(-0.00158745078663876,0.0018,0.07));
#8049=CARTESIAN_POINT('',(-2.20436423846524E-19,7.58941520739853E-19,0.));
#8050=CARTESIAN_POINT('',(0.0024,7.58941520739853E-19,0.));
#8051=CARTESIAN_POINT('',(0.,0.,0.));
#8052=CARTESIAN_POINT('',(-0.000793725393319377,0.0018,0.07));
#8053=CARTESIAN_POINT('',(-0.000793725393319377,0.0018,0.07));
#8054=CARTESIAN_POINT('',(0.,8.67361737988404E-19,0.07));
#8055=CARTESIAN_POINT('',(-0.158281632137299,0.0541919590356062,0.280758556613299));
#8056=CARTESIAN_POINT('',(0.,-0.011,0.007));
#8057=CARTESIAN_POINT('',(0.,-0.001,0.007));
#8058=CARTESIAN_POINT('',(-0.002,-0.001,0.007));
#8059=CARTESIAN_POINT('',(0.002,-0.001,0.007));
#8060=CARTESIAN_POINT('',(-0.002,-0.011,0.007));
#8061=CARTESIAN_POINT('',(-0.002,-0.011,0.007));
#8062=CARTESIAN_POINT('',(0.,-0.011,0.007));
#8063=CARTESIAN_POINT('',(0.002,-0.011,0.007));
#8064=CARTESIAN_POINT('',(0.002,-0.011,0.007));
#8065=CARTESIAN_POINT('',(1.6430359948848E-23,-0.011,0.0055));
#8066=CARTESIAN_POINT('',(1.6430359948848E-23,-0.001,0.0055));
#8067=CARTESIAN_POINT('',(1.6430359948848E-23,-0.011,0.0055));
#8068=CARTESIAN_POINT('',(0.,-0.011,0.0055));
#8069=CARTESIAN_POINT('',(0.,-0.001,0.0055));
#8070=CARTESIAN_POINT('',(-0.107581632137299,-0.01819967785206,0.0715521407638292));
#8071=CARTESIAN_POINT('',(0.,4.89858719658942E-19,0.007));
#8072=CARTESIAN_POINT('',(0.,4.89858719658942E-19,0.007));
#8073=CARTESIAN_POINT('',(0.008,4.89858719658942E-19,0.007));
#8074=CARTESIAN_POINT('',(0.,4.89858719658942E-19,0.));
#8075=CARTESIAN_POINT('',(0.008,4.89858719658942E-19,0.));
#8076=CARTESIAN_POINT('',(0.,0.,0.007));
#8077=CARTESIAN_POINT('',(0.,4.89858719658941E-19,0.007));
#8078=CARTESIAN_POINT('',(0.0025,4.89858719658941E-19,0.007));
#8079=CARTESIAN_POINT('',(0.,0.,0.));
#8080=CARTESIAN_POINT('',(0.,4.89858719658941E-19,0.));
#8081=CARTESIAN_POINT('',(0.0025,4.89858719658941E-19,0.));
#8082=CARTESIAN_POINT('',(0.,4.89858719658941E-19,0.015));
#8083=CARTESIAN_POINT('',(-0.0990816321372987,-0.0203275216302322,0.0664804269651517));
#8084=CARTESIAN_POINT('',(-0.148081632137299,-0.0205307068187185,0.0357524972233743));
#8085=CARTESIAN_POINT('',(0.,4.89858719658941E-19,0.015));
#8086=CARTESIAN_POINT('',(0.,4.89858719658941E-19,0.015));
#8087=CARTESIAN_POINT('',(0.008,4.89858719658941E-19,0.015));
#8088=CARTESIAN_POINT('',(0.,4.89858719658941E-19,0.014));
#8089=CARTESIAN_POINT('',(0.008,4.89858719658941E-19,0.014));
#8090=CARTESIAN_POINT('',(0.,0.,0.015));
#8091=CARTESIAN_POINT('',(0.,4.89858719658941E-19,0.015));
#8092=CARTESIAN_POINT('',(-0.0025,4.89858719658941E-19,0.015));
#8093=CARTESIAN_POINT('',(0.,0.,0.014));
#8094=CARTESIAN_POINT('',(0.,4.89858719658941E-19,0.014));
#8095=CARTESIAN_POINT('',(0.0025,4.89858719658941E-19,0.014));
#8096=CARTESIAN_POINT('',(0.,4.89858719658941E-19,0.015));
#8097=CARTESIAN_POINT('',(-0.119781632137299,0.0541919590356062,0.280758556613299));
#8098=CARTESIAN_POINT('',(0.,0.023,9.18485099360515E-19));
#8099=CARTESIAN_POINT('',(0.,0.023,9.18485099360515E-19));
#8100=CARTESIAN_POINT('',(0.,0.023,-0.015));
#8101=CARTESIAN_POINT('',(0.,0.,9.18485099360515E-19));
#8102=CARTESIAN_POINT('',(0.,0.,-0.015));
#8103=CARTESIAN_POINT('',(0.,0.023,0.));
#8104=CARTESIAN_POINT('',(0.,0.023,1.76042977377432E-18));
#8105=CARTESIAN_POINT('',(0.,0.023,0.01375));
#8106=CARTESIAN_POINT('',(0.,0.,0.));
#8107=CARTESIAN_POINT('',(0.00657873594657993,0.,0.0106287456148492));
#8108=CARTESIAN_POINT('',(0.00657873594657993,0.,0.00902874561484924));
#8109=CARTESIAN_POINT('',(0.,0.,0.0055));
#8110=CARTESIAN_POINT('',(0.,0.,0.0005));
#8111=CARTESIAN_POINT('',(0.,0.0741,1.76042977377432E-18));
#8112=CARTESIAN_POINT('',(0.,0.0741,1.76042977377432E-18));
#8113=CARTESIAN_POINT('',(0.,0.0741,0.01375));
#8114=CARTESIAN_POINT('',(0.,0.0741,3.46944695195361E-18));
#8115=CARTESIAN_POINT('',(0.,-0.001,0.0055));
#8116=CARTESIAN_POINT('',(0.,-0.001,0.0055));
#8117=CARTESIAN_POINT('',(0.,-0.001,0.0005));
#8118=CARTESIAN_POINT('',(0.,-0.001,3.46944695195361E-18));
#8119=CARTESIAN_POINT('',(0.00657873594657993,-0.003,0.0106287456148492));
#8120=CARTESIAN_POINT('',(0.00657873594657993,-0.003,0.0106287456148492));
#8121=CARTESIAN_POINT('',(0.00657873594657993,-0.003,0.00902874561484924));
#8122=CARTESIAN_POINT('',(0.,-0.003,3.46944695195361E-18));
#8123=CARTESIAN_POINT('',(-0.0955816321372987,-0.0203275216302322,0.0609804269651516));
#8124=CARTESIAN_POINT('',(0.012,2.16489014058873E-19,2.16489014058873E-19));
#8125=CARTESIAN_POINT('',(0.012,2.16489014058873E-19,2.16489014058873E-19));
#8126=CARTESIAN_POINT('',(0.012,-0.00353553390593274,-0.00353553390593274));
#8127=CARTESIAN_POINT('',(0.002,2.16489014058873E-19,2.16489014058873E-19));
#8128=CARTESIAN_POINT('',(0.002,-0.00353553390593274,-0.00353553390593274));
#8129=CARTESIAN_POINT('',(0.0104786581450761,0.000980463304569129,-0.00492171971222283));
#8130=CARTESIAN_POINT('',(0.0108856371700995,-1.78955485369113E-7,-0.00503911324630361));
#8131=CARTESIAN_POINT('',(0.0104787931745257,-0.000979747482627651,-0.00492182730256272));
#8132=CARTESIAN_POINT('',(0.00950143869227871,-0.00138518406256217,-0.00480091809076068));
#8133=CARTESIAN_POINT('',(0.00852018558431051,-0.000979514773371053,-0.00492187581663542));
#8134=CARTESIAN_POINT('',(0.00811505491780428,-5.94454746262832E-7,-0.00503901176172005));
#8135=CARTESIAN_POINT('',(0.00851959541580073,0.000978719277792994,-0.00492207696865228));
#8136=CARTESIAN_POINT('',(0.00949945119420039,0.00138520409546443,-0.00480089467077957));
#8137=CARTESIAN_POINT('',(0.0104786581450761,0.000980463304569129,-0.00492171971222283));
#8138=CARTESIAN_POINT('',(0.0108856371700995,-1.78955485369113E-7,-0.00503911324630361));
#8139=CARTESIAN_POINT('',(0.0104787931745257,-0.000979747482627651,-0.00492182730256272));
#8140=CARTESIAN_POINT('',(0.01075,4.10624376378068E-19,-0.005));
#8141=CARTESIAN_POINT('',(0.0104786581450761,-0.000980463304569128,0.00492171971222283));
#8142=CARTESIAN_POINT('',(0.0108856371700995,1.78955485369357E-7,0.00503911324630361));
#8143=CARTESIAN_POINT('',(0.0104787931745257,0.000979747482627652,0.00492182730256272));
#8144=CARTESIAN_POINT('',(0.00950143869227871,0.00138518406256217,0.00480091809076068));
#8145=CARTESIAN_POINT('',(0.00852018558431051,0.000979514773371052,0.00492187581663542));
#8146=CARTESIAN_POINT('',(0.00811505491780428,5.94454746263092E-7,0.00503901176172005));
#8147=CARTESIAN_POINT('',(0.00851959541580073,-0.000978719277792993,0.00492207696865228));
#8148=CARTESIAN_POINT('',(0.0094994511942004,-0.00138520409546443,0.00480089467077957));
#8149=CARTESIAN_POINT('',(0.0104786581450761,-0.000980463304569128,0.00492171971222283));
#8150=CARTESIAN_POINT('',(0.0108856371700995,1.78955485369357E-7,0.00503911324630361));
#8151=CARTESIAN_POINT('',(0.0104787931745257,0.000979747482627652,0.00492182730256272));
#8152=CARTESIAN_POINT('',(0.01075,1.41657648881852E-19,0.005));
#8153=CARTESIAN_POINT('',(0.,3.2473352108831E-19,3.2473352108831E-19));
#8154=CARTESIAN_POINT('',(0.,3.2473352108831E-19,3.2473352108831E-19));
#8155=CARTESIAN_POINT('',(0.,-0.00176776695296637,-0.00176776695296637));
#8156=CARTESIAN_POINT('',(0.012,3.2473352108831E-19,3.2473352108831E-19));
#8157=CARTESIAN_POINT('',(0.012,-0.00176776695296637,-0.00176776695296637));
#8158=CARTESIAN_POINT('',(0.0104783169250598,0.000981920448070224,0.00234361243035258));
#8159=CARTESIAN_POINT('',(0.0108860223399818,-4.38114588641539E-7,0.00257806683219476));
#8160=CARTESIAN_POINT('',(0.0104775937150131,-0.000980167989715655,0.00234412024086838));
#8161=CARTESIAN_POINT('',(0.00950444444861033,-0.00138464885586277,0.00207573809536062));
#8162=CARTESIAN_POINT('',(0.00852230278360216,-0.00098121576142867,0.00234332045798642));
#8163=CARTESIAN_POINT('',(0.00811420458445451,-4.92654410859357E-6,0.00257798060762682));
#8164=CARTESIAN_POINT('',(0.00852090775202331,0.000980110863436938,0.00234474267480539));
#8165=CARTESIAN_POINT('',(0.00949556811450756,0.00138448646618104,0.00207550978222272));
#8166=CARTESIAN_POINT('',(0.0104783169250598,0.000981920448070224,0.00234361243035258));
#8167=CARTESIAN_POINT('',(0.0108860223399818,-4.38114588641539E-7,0.00257806683219476));
#8168=CARTESIAN_POINT('',(0.0104775937150131,-0.000980167989715655,0.00234412024086838));
#8169=CARTESIAN_POINT('',(0.01075,4.33704164468203E-18,0.0025));
#8170=CARTESIAN_POINT('',(0.0104783169250598,-0.000981920448070221,-0.00234361243035258));
#8171=CARTESIAN_POINT('',(0.0108860223399818,4.38114588641539E-7,-0.00257806683219476));
#8172=CARTESIAN_POINT('',(0.0104775937150131,0.000980167989715656,-0.00234412024086838));
#8173=CARTESIAN_POINT('',(0.00950444444861033,0.00138464885586277,-0.00207573809536062));
#8174=CARTESIAN_POINT('',(0.00852230278360215,0.000981215761428672,-0.00234332045798642));
#8175=CARTESIAN_POINT('',(0.00811420458445451,4.92654410859183E-6,-0.00257798060762682));
#8176=CARTESIAN_POINT('',(0.00852090775202331,-0.000980110863436936,-0.00234474267480539));
#8177=CARTESIAN_POINT('',(0.00949556811450757,-0.00138448646618105,-0.00207550978222272));
#8178=CARTESIAN_POINT('',(0.0104783169250598,-0.000981920448070221,-0.00234361243035258));
#8179=CARTESIAN_POINT('',(0.0108860223399818,4.38114588641539E-7,-0.00257806683219476));
#8180=CARTESIAN_POINT('',(0.0104775937150131,0.000980167989715656,-0.00234412024086838));
#8181=CARTESIAN_POINT('',(0.01075,-3.6492505813188E-18,-0.0025));
#8182=CARTESIAN_POINT('',(0.002,0.,0.));
#8183=CARTESIAN_POINT('',(0.002,0.00565685424949238,-0.00565685424949239));
#8184=CARTESIAN_POINT('',(0.002,0.0047729707730092,-0.00654073772597557));
#8185=CARTESIAN_POINT('',(0.002,-0.00565685424949239,-0.00565685424949238));
#8186=CARTESIAN_POINT('',(0.002,-0.00654073772597558,-0.00654073772597556));
#8187=CARTESIAN_POINT('',(0.002,4.76275830929522E-19,4.76275830929521E-19));
#8188=CARTESIAN_POINT('',(0.002,-0.00777817459305203,-0.00777817459305202));
#8189=CARTESIAN_POINT('',(0.002,0.00565685424949239,0.00565685424949238));
#8190=CARTESIAN_POINT('',(0.002,0.00477297077300921,0.0047729707730092));
#8191=CARTESIAN_POINT('',(0.002,-0.00565685424949238,0.00565685424949239));
#8192=CARTESIAN_POINT('',(0.002,-0.00654073772597556,0.00477297077300921));
#8193=CARTESIAN_POINT('',(0.,0.,0.));
#8194=CARTESIAN_POINT('',(0.,0.00565685424949239,0.00565685424949238));
#8195=CARTESIAN_POINT('',(0.,0.00477297077300921,0.0047729707730092));
#8196=CARTESIAN_POINT('',(0.,0.00565685424949238,-0.00565685424949239));
#8197=CARTESIAN_POINT('',(0.,0.0047729707730092,-0.00654073772597557));
#8198=CARTESIAN_POINT('',(0.,-0.00565685424949239,-0.00565685424949238));
#8199=CARTESIAN_POINT('',(0.,-0.00654073772597558,-0.00654073772597556));
#8200=CARTESIAN_POINT('',(0.,4.76275830929522E-19,4.76275830929521E-19));
#8201=CARTESIAN_POINT('',(0.,-0.00777817459305203,-0.00777817459305202));
#8202=CARTESIAN_POINT('',(0.,-0.00565685424949238,0.00565685424949239));
#8203=CARTESIAN_POINT('',(0.,-0.00654073772597556,0.00477297077300921));
#8204=CARTESIAN_POINT('',(0.002,4.76275830929522E-19,4.76275830929521E-19));
#8205=CARTESIAN_POINT('',(0.012,0.,0.));
#8206=CARTESIAN_POINT('',(0.,-0.00565685424949239,-0.00565685424949238));
#8207=CARTESIAN_POINT('',(0.,0.00565685424949238,-0.00565685424949239));
#8208=CARTESIAN_POINT('',(0.,0.00565685424949239,0.00565685424949238));
#8209=CARTESIAN_POINT('',(0.,-0.00565685424949238,0.00565685424949239));
#8210=CARTESIAN_POINT('',(0.0095,3.2473352108831E-19,-0.005));
#8211=CARTESIAN_POINT('',(0.0095,3.2473352108831E-19,-0.005));
#8212=CARTESIAN_POINT('',(-0.133281632137299,0.0541919590356062,0.280758556613299));
#8213=CARTESIAN_POINT('',(8.67361737988404E-19,-0.15,-0.005));
#8214=CARTESIAN_POINT('',(8.67361737988404E-19,0.,-0.005));
#8215=CARTESIAN_POINT('',(0.005,0.,-0.005));
#8216=CARTESIAN_POINT('',(-0.005,0.,-0.005));
#8217=CARTESIAN_POINT('',(0.005,-0.15,-0.005));
#8218=CARTESIAN_POINT('',(0.005,-0.15,-0.005));
#8219=CARTESIAN_POINT('',(8.67361737988404E-19,-0.15,-0.005));
#8220=CARTESIAN_POINT('',(-0.005,-0.15,-0.005));
#8221=CARTESIAN_POINT('',(-0.005,-0.15,-0.005));
#8222=CARTESIAN_POINT('',(0.005,-0.15,8.67361737988404E-19));
#8223=CARTESIAN_POINT('',(0.005,0.,8.67361737988404E-19));
#8224=CARTESIAN_POINT('',(0.005,0.,0.005));
#8225=CARTESIAN_POINT('',(0.005,-0.15,0.005));
#8226=CARTESIAN_POINT('',(0.005,-0.15,0.005));
#8227=CARTESIAN_POINT('',(0.005,-0.15,8.67361737988404E-19));
#8228=CARTESIAN_POINT('',(-1.7347234759768E-18,-0.15,0.005));
#8229=CARTESIAN_POINT('',(-1.7347234759768E-18,0.,0.005));
#8230=CARTESIAN_POINT('',(-0.005,0.,0.005));
#8231=CARTESIAN_POINT('',(-0.005,-0.15,0.005));
#8232=CARTESIAN_POINT('',(-0.005,-0.15,0.005));
#8233=CARTESIAN_POINT('',(-1.7347234759768E-18,-0.15,0.005));
#8234=CARTESIAN_POINT('',(-0.005,-0.15,-8.67361737988404E-19));
#8235=CARTESIAN_POINT('',(-0.005,0.,-8.67361737988404E-19));
#8236=CARTESIAN_POINT('',(-0.005,-0.15,-8.67361737988404E-19));
#8237=CARTESIAN_POINT('',(0.,-0.15,0.));
#8238=CARTESIAN_POINT('',(0.,0.,0.));
#8239=CARTESIAN_POINT('',(-0.0977316321372992,-0.06724811985213,0.390232559188071));
#8240=CARTESIAN_POINT('',(-0.136581632137299,-0.0207338920072048,0.0609804269651516));
#8241=CARTESIAN_POINT('',(-0.119781632137299,0.0541919590356062,0.280758556613299));
#8242=CARTESIAN_POINT('',(0.,0.,0.0135));
#8243=CARTESIAN_POINT('',(0.,0.00635,0.0135));
#8244=CARTESIAN_POINT('',(0.002,0.00635,0.0135));
#8245=CARTESIAN_POINT('',(0.,-0.00635,0.0135));
#8246=CARTESIAN_POINT('',(0.002,-0.00635,0.0135));
#8247=CARTESIAN_POINT('',(4.01801076692361E-19,3.25260651745652E-19,0.0135));
#8248=CARTESIAN_POINT('',(0.00183303027798234,-0.0017,0.0135));
#8249=CARTESIAN_POINT('',(-0.00183303027798234,-0.0017,0.0135));
#8250=CARTESIAN_POINT('',(0.000916515138991168,-0.0017,0.0135));
#8251=CARTESIAN_POINT('',(0.00635,9.49101269339199E-19,0.0135));
#8252=CARTESIAN_POINT('',(0.00835,9.49101269339199E-19,0.0135));
#8253=CARTESIAN_POINT('',(0.,8.26636589424464E-19,0.0135));
#8254=CARTESIAN_POINT('',(-0.00675,0.0116913429510899,0.0135));
#8255=CARTESIAN_POINT('',(0.00675,0.0116913429510899,0.0135));
#8256=CARTESIAN_POINT('',(0.00675,0.0105,0.0135));
#8257=CARTESIAN_POINT('',(0.00675,0.0265,0.0135));
#8258=CARTESIAN_POINT('',(0.,0.0265,0.0135));
#8259=CARTESIAN_POINT('',(-0.00675,0.0265,0.0135));
#8260=CARTESIAN_POINT('',(-0.00675,0.0105,0.0135));
#8261=CARTESIAN_POINT('',(-0.00635,9.49101269339199E-19,0.0135));
#8262=CARTESIAN_POINT('',(-0.00435,9.49101269339199E-19,0.0135));
#8263=CARTESIAN_POINT('',(0.,0.,0.));
#8264=CARTESIAN_POINT('',(0.,0.00635,0.));
#8265=CARTESIAN_POINT('',(0.002,0.00635,0.));
#8266=CARTESIAN_POINT('',(0.,-0.0017,0.));
#8267=CARTESIAN_POINT('',(-0.00183303027798234,-0.0017,0.));
#8268=CARTESIAN_POINT('',(0.00183303027798234,-0.0017,0.));
#8269=CARTESIAN_POINT('',(4.01801076692361E-19,3.25260651745652E-19,0.));
#8270=CARTESIAN_POINT('',(0.00635,9.49101269339199E-19,0.));
#8271=CARTESIAN_POINT('',(0.00835,9.49101269339199E-19,0.));
#8272=CARTESIAN_POINT('',(-0.00675,0.0105,0.));
#8273=CARTESIAN_POINT('',(-0.00675,0.0116913429510899,0.));
#8274=CARTESIAN_POINT('',(-0.00675,0.0265,0.));
#8275=CARTESIAN_POINT('',(0.,0.0265,0.));
#8276=CARTESIAN_POINT('',(0.00675,0.0265,0.));
#8277=CARTESIAN_POINT('',(0.00675,0.0105,0.));
#8278=CARTESIAN_POINT('',(0.00675,0.0116913429510899,0.));
#8279=CARTESIAN_POINT('',(0.,8.26636589424464E-19,0.));
#8280=CARTESIAN_POINT('',(0.,-0.00635,0.));
#8281=CARTESIAN_POINT('',(0.002,-0.00635,0.));
#8282=CARTESIAN_POINT('',(-0.00635,9.49101269339199E-19,0.));
#8283=CARTESIAN_POINT('',(-0.00435,9.49101269339199E-19,0.));
#8284=CARTESIAN_POINT('',(0.,8.26636589424464E-19,0.0135));
#8285=CARTESIAN_POINT('',(-0.00675,0.0116913429510899,0.0135));
#8286=CARTESIAN_POINT('',(0.00675,0.0116913429510899,0.0135));
#8287=CARTESIAN_POINT('',(-0.00675,0.0105,0.00675));
#8288=CARTESIAN_POINT('',(-0.00675,0.0265,0.00675));
#8289=CARTESIAN_POINT('',(0.00675,0.0105,0.00675));
#8290=CARTESIAN_POINT('',(0.00675,0.0265,0.00675));
#8291=CARTESIAN_POINT('',(-0.00525,0.0265,0.00675));
#8292=CARTESIAN_POINT('',(-0.00525,0.0135,0.00675));
#8293=CARTESIAN_POINT('',(-0.00525,0.0135,0.0015));
#8294=CARTESIAN_POINT('',(-0.00525,0.0135,0.012));
#8295=CARTESIAN_POINT('',(-0.00525,0.0265,0.0015));
#8296=CARTESIAN_POINT('',(-0.00525,0.0265,0.0015));
#8297=CARTESIAN_POINT('',(-0.00525,0.0265,0.00675));
#8298=CARTESIAN_POINT('',(-0.00525,0.0265,0.012));
#8299=CARTESIAN_POINT('',(-0.00525,0.0265,0.012));
#8300=CARTESIAN_POINT('',(-1.7347234759768E-18,0.0265,0.0015));
#8301=CARTESIAN_POINT('',(-1.7347234759768E-18,0.0135,0.0015));
#8302=CARTESIAN_POINT('',(0.00525,0.0135,0.0015));
#8303=CARTESIAN_POINT('',(0.00525,0.0265,0.0015));
#8304=CARTESIAN_POINT('',(0.00525,0.0265,0.0015));
#8305=CARTESIAN_POINT('',(-1.7347234759768E-18,0.0265,0.0015));
#8306=CARTESIAN_POINT('',(0.00525,0.0265,0.00675));
#8307=CARTESIAN_POINT('',(0.00525,0.0135,0.00675));
#8308=CARTESIAN_POINT('',(0.00525,0.0135,0.012));
#8309=CARTESIAN_POINT('',(0.00525,0.0265,0.012));
#8310=CARTESIAN_POINT('',(0.00525,0.0265,0.012));
#8311=CARTESIAN_POINT('',(0.00525,0.0265,0.00675));
#8312=CARTESIAN_POINT('',(0.,0.0265,0.012));
#8313=CARTESIAN_POINT('',(0.,0.0135,0.012));
#8314=CARTESIAN_POINT('',(0.,0.0265,0.012));
#8315=CARTESIAN_POINT('',(0.,0.0265,0.00675));
#8316=CARTESIAN_POINT('',(0.,0.0135,0.00675));
#8317=CARTESIAN_POINT('',(0.00635,9.49101269339199E-19,-0.0065));
#8318=CARTESIAN_POINT('',(4.01801076692361E-19,3.25260651745652E-19,-0.0065));
#8319=CARTESIAN_POINT('',(0.00183303027798234,-0.0017,-0.0065));
#8320=CARTESIAN_POINT('',(-0.00183303027798234,-0.0017,-0.0065));
#8321=CARTESIAN_POINT('',(0.000916515138991168,-0.0017,-0.0065));
#8322=CARTESIAN_POINT('',(0.,-0.00635,-0.0065));
#8323=CARTESIAN_POINT('',(-0.00635,9.49101269339199E-19,-0.0065));
#8324=CARTESIAN_POINT('',(0.,0.00635,-0.0065));
#8325=CARTESIAN_POINT('',(-0.0909816321372989,0.0541919590356063,0.280758556613299));
#8326=CARTESIAN_POINT('',(0.,5.57214293612046E-19,0.014));
#8327=CARTESIAN_POINT('',(-0.00592060361867834,0.00291658238191431,0.014));
#8328=CARTESIAN_POINT('',(-0.00592060361867834,0.00291658238191431,0.014));
#8329=CARTESIAN_POINT('',(-0.00592060361867834,0.00291658238191431,0.007));
#8330=CARTESIAN_POINT('',(0.,5.57214293612046E-19,0.014));
#8331=CARTESIAN_POINT('',(-0.00583960820419182,0.0030755448332833,0.014));
#8332=CARTESIAN_POINT('',(-0.00583960820419182,0.0030755448332833,0.014));
#8333=CARTESIAN_POINT('',(-0.00583960820419182,0.0030755448332833,0.007));
#8334=CARTESIAN_POINT('',(0.,5.57214293612046E-19,0.007));
#8335=CARTESIAN_POINT('',(0.,5.57214293612046E-19,0.014));
#8336=CARTESIAN_POINT('',(0.,5.57214293612046E-19,0.014));
#8337=CARTESIAN_POINT('',(-0.00650419305565387,0.00112047877926533,0.014));
#8338=CARTESIAN_POINT('',(-0.00653210217345078,0.000944267544501833,0.014));
#8339=CARTESIAN_POINT('',(-0.00650419305565387,0.00112047877926533,0.014));
#8340=CARTESIAN_POINT('',(-0.00650419305565387,0.00112047877926533,0.007));
#8341=CARTESIAN_POINT('',(0.,5.57214293612046E-19,0.007));
#8342=CARTESIAN_POINT('',(-0.00653210217345078,0.000944267544501833,0.007));
#8343=CARTESIAN_POINT('',(-0.00653210217345078,0.000944267544501833,0.014));
#8344=CARTESIAN_POINT('',(0.,5.57214293612046E-19,0.014));
#8345=CARTESIAN_POINT('',(0.,5.57214293612046E-19,0.014));
#8346=CARTESIAN_POINT('',(-0.00653210217345079,-0.00094426754450183,0.014));
#8347=CARTESIAN_POINT('',(-0.00650419305565387,-0.00112047877926533,0.014));
#8348=CARTESIAN_POINT('',(-0.00653210217345079,-0.00094426754450183,0.014));
#8349=CARTESIAN_POINT('',(-0.00653210217345079,-0.00094426754450183,0.007));
#8350=CARTESIAN_POINT('',(0.,5.57214293612046E-19,0.007));
#8351=CARTESIAN_POINT('',(-0.00650419305565387,-0.00112047877926533,0.007));
#8352=CARTESIAN_POINT('',(-0.00650419305565387,-0.00112047877926533,0.014));
#8353=CARTESIAN_POINT('',(0.,5.57214293612046E-19,0.014));
#8354=CARTESIAN_POINT('',(0.,5.57214293612046E-19,0.014));
#8355=CARTESIAN_POINT('',(-0.00592060361867834,-0.00291658238191431,0.014));
#8356=CARTESIAN_POINT('',(-0.00583960820419182,-0.0030755448332833,0.014));
#8357=CARTESIAN_POINT('',(-0.00592060361867834,-0.00291658238191431,0.014));
#8358=CARTESIAN_POINT('',(-0.00592060361867834,-0.00291658238191431,0.007));
#8359=CARTESIAN_POINT('',(0.,5.57214293612046E-19,0.007));
#8360=CARTESIAN_POINT('',(-0.00583960820419182,-0.0030755448332833,0.007));
#8361=CARTESIAN_POINT('',(-0.00583960820419182,-0.0030755448332833,0.014));
#8362=CARTESIAN_POINT('',(0.,5.57214293612046E-19,0.014));
#8363=CARTESIAN_POINT('',(0.,5.57214293612046E-19,0.014));
#8364=CARTESIAN_POINT('',(-0.00472955513043861,-0.00460340181476066,0.014));
#8365=CARTESIAN_POINT('',(-0.00460340181476067,-0.00472955513043861,0.014));
#8366=CARTESIAN_POINT('',(-0.00472955513043861,-0.00460340181476066,0.014));
#8367=CARTESIAN_POINT('',(-0.00472955513043861,-0.00460340181476066,0.007));
#8368=CARTESIAN_POINT('',(0.,5.57214293612046E-19,0.007));
#8369=CARTESIAN_POINT('',(-0.00460340181476067,-0.00472955513043861,0.007));
#8370=CARTESIAN_POINT('',(-0.00460340181476067,-0.00472955513043861,0.014));
#8371=CARTESIAN_POINT('',(0.,5.57214293612046E-19,0.014));
#8372=CARTESIAN_POINT('',(0.,5.57214293612046E-19,0.014));
#8373=CARTESIAN_POINT('',(-0.0030755448332833,-0.00583960820419182,0.014));
#8374=CARTESIAN_POINT('',(-0.00291658238191431,-0.00592060361867834,0.014));
#8375=CARTESIAN_POINT('',(-0.0030755448332833,-0.00583960820419182,0.014));
#8376=CARTESIAN_POINT('',(-0.0030755448332833,-0.00583960820419182,0.007));
#8377=CARTESIAN_POINT('',(0.,5.57214293612046E-19,0.007));
#8378=CARTESIAN_POINT('',(-0.00291658238191431,-0.00592060361867834,0.007));
#8379=CARTESIAN_POINT('',(-0.00291658238191431,-0.00592060361867834,0.014));
#8380=CARTESIAN_POINT('',(0.,5.57214293612046E-19,0.014));
#8381=CARTESIAN_POINT('',(0.,5.57214293612046E-19,0.014));
#8382=CARTESIAN_POINT('',(-0.00112047877926533,-0.00650419305565387,0.014));
#8383=CARTESIAN_POINT('',(-0.000944267544501833,-0.00653210217345078,0.014));
#8384=CARTESIAN_POINT('',(-0.00112047877926533,-0.00650419305565387,0.014));
#8385=CARTESIAN_POINT('',(-0.00112047877926533,-0.00650419305565387,0.007));
#8386=CARTESIAN_POINT('',(0.,5.57214293612046E-19,0.007));
#8387=CARTESIAN_POINT('',(-0.000944267544501833,-0.00653210217345078,0.007));
#8388=CARTESIAN_POINT('',(-0.000944267544501833,-0.00653210217345078,0.014));
#8389=CARTESIAN_POINT('',(0.,5.57214293612046E-19,0.014));
#8390=CARTESIAN_POINT('',(0.,5.57214293612046E-19,0.014));
#8391=CARTESIAN_POINT('',(0.000944267544501829,-0.00653210217345079,0.014));
#8392=CARTESIAN_POINT('',(0.00112047877926533,-0.00650419305565387,0.014));
#8393=CARTESIAN_POINT('',(0.000944267544501829,-0.00653210217345079,0.014));
#8394=CARTESIAN_POINT('',(0.000944267544501829,-0.00653210217345079,0.007));
#8395=CARTESIAN_POINT('',(0.,5.57214293612046E-19,0.007));
#8396=CARTESIAN_POINT('',(0.00112047877926533,-0.00650419305565387,0.007));
#8397=CARTESIAN_POINT('',(0.00112047877926533,-0.00650419305565387,0.014));
#8398=CARTESIAN_POINT('',(0.,5.57214293612046E-19,0.014));
#8399=CARTESIAN_POINT('',(-0.0030755448332833,0.00583960820419182,0.014));
#8400=CARTESIAN_POINT('',(-0.0030755448332833,0.00583960820419182,0.014));
#8401=CARTESIAN_POINT('',(-0.0030755448332833,0.00583960820419182,0.007));
#8402=CARTESIAN_POINT('',(0.,5.57214293612046E-19,0.014));
#8403=CARTESIAN_POINT('',(-0.00291658238191431,0.00592060361867834,0.014));
#8404=CARTESIAN_POINT('',(-0.00291658238191431,0.00592060361867834,0.014));
#8405=CARTESIAN_POINT('',(-0.00291658238191431,0.00592060361867834,0.007));
#8406=CARTESIAN_POINT('',(0.,5.57214293612046E-19,0.007));
#8407=CARTESIAN_POINT('',(0.,5.57214293612046E-19,0.014));
#8408=CARTESIAN_POINT('',(0.,5.57214293612046E-19,0.014));
#8409=CARTESIAN_POINT('',(-0.00460340181476066,0.00472955513043861,0.014));
#8410=CARTESIAN_POINT('',(-0.00472955513043861,0.00460340181476067,0.014));
#8411=CARTESIAN_POINT('',(-0.00460340181476066,0.00472955513043861,0.014));
#8412=CARTESIAN_POINT('',(-0.00460340181476066,0.00472955513043861,0.007));
#8413=CARTESIAN_POINT('',(0.,5.57214293612046E-19,0.007));
#8414=CARTESIAN_POINT('',(-0.00472955513043861,0.00460340181476067,0.007));
#8415=CARTESIAN_POINT('',(-0.00472955513043861,0.00460340181476067,0.014));
#8416=CARTESIAN_POINT('',(0.,5.57214293612046E-19,0.014));
#8417=CARTESIAN_POINT('',(-0.00112047877926533,0.00650419305565387,0.014));
#8418=CARTESIAN_POINT('',(-0.00112047877926533,0.00650419305565387,0.014));
#8419=CARTESIAN_POINT('',(-0.00112047877926533,0.00650419305565387,0.007));
#8420=CARTESIAN_POINT('',(0.,5.57214293612046E-19,0.014));
#8421=CARTESIAN_POINT('',(-0.00094426754450183,0.00653210217345079,0.014));
#8422=CARTESIAN_POINT('',(-0.00094426754450183,0.00653210217345079,0.014));
#8423=CARTESIAN_POINT('',(-0.00094426754450183,0.00653210217345079,0.007));
#8424=CARTESIAN_POINT('',(0.,5.57214293612046E-19,0.007));
#8425=CARTESIAN_POINT('',(0.,5.57214293612046E-19,0.014));
#8426=CARTESIAN_POINT('',(0.000944267544501832,0.00653210217345078,0.014));
#8427=CARTESIAN_POINT('',(0.000944267544501832,0.00653210217345078,0.014));
#8428=CARTESIAN_POINT('',(0.000944267544501832,0.00653210217345078,0.007));
#8429=CARTESIAN_POINT('',(0.,5.57214293612046E-19,0.014));
#8430=CARTESIAN_POINT('',(0.00112047877926533,0.00650419305565387,0.014));
#8431=CARTESIAN_POINT('',(0.00112047877926533,0.00650419305565387,0.014));
#8432=CARTESIAN_POINT('',(0.00112047877926533,0.00650419305565387,0.007));
#8433=CARTESIAN_POINT('',(0.,5.57214293612046E-19,0.007));
#8434=CARTESIAN_POINT('',(0.,5.57214293612046E-19,0.014));
#8435=CARTESIAN_POINT('',(0.00650419305565387,0.00112047877926533,0.014));
#8436=CARTESIAN_POINT('',(0.00650419305565387,0.00112047877926533,0.014));
#8437=CARTESIAN_POINT('',(0.00650419305565387,0.00112047877926533,0.007));
#8438=CARTESIAN_POINT('',(0.,5.57214293612046E-19,0.014));
#8439=CARTESIAN_POINT('',(0.00653210217345079,0.000944267544501831,0.014));
#8440=CARTESIAN_POINT('',(0.00653210217345079,0.000944267544501831,0.014));
#8441=CARTESIAN_POINT('',(0.00653210217345079,0.000944267544501831,0.007));
#8442=CARTESIAN_POINT('',(0.,5.57214293612046E-19,0.007));
#8443=CARTESIAN_POINT('',(0.,5.57214293612046E-19,0.014));
#8444=CARTESIAN_POINT('',(0.,5.57214293612046E-19,0.014));
#8445=CARTESIAN_POINT('',(0.00592060361867834,0.00291658238191431,0.014));
#8446=CARTESIAN_POINT('',(0.00583960820419182,0.0030755448332833,0.014));
#8447=CARTESIAN_POINT('',(0.00592060361867834,0.00291658238191431,0.014));
#8448=CARTESIAN_POINT('',(0.00592060361867834,0.00291658238191431,0.007));
#8449=CARTESIAN_POINT('',(0.,5.57214293612046E-19,0.007));
#8450=CARTESIAN_POINT('',(0.00583960820419182,0.0030755448332833,0.007));
#8451=CARTESIAN_POINT('',(0.00583960820419182,0.0030755448332833,0.014));
#8452=CARTESIAN_POINT('',(0.,5.57214293612046E-19,0.014));
#8453=CARTESIAN_POINT('',(0.,5.57214293612046E-19,0.014));
#8454=CARTESIAN_POINT('',(0.00472955513043861,0.00460340181476066,0.014));
#8455=CARTESIAN_POINT('',(0.00460340181476067,0.00472955513043861,0.014));
#8456=CARTESIAN_POINT('',(0.00472955513043861,0.00460340181476066,0.014));
#8457=CARTESIAN_POINT('',(0.00472955513043861,0.00460340181476066,0.007));
#8458=CARTESIAN_POINT('',(0.,5.57214293612046E-19,0.007));
#8459=CARTESIAN_POINT('',(0.00460340181476067,0.00472955513043861,0.007));
#8460=CARTESIAN_POINT('',(0.00460340181476067,0.00472955513043861,0.014));
#8461=CARTESIAN_POINT('',(0.,5.57214293612046E-19,0.014));
#8462=CARTESIAN_POINT('',(0.,5.57214293612046E-19,0.014));
#8463=CARTESIAN_POINT('',(0.0030755448332833,0.00583960820419182,0.014));
#8464=CARTESIAN_POINT('',(0.00291658238191431,0.00592060361867834,0.014));
#8465=CARTESIAN_POINT('',(0.0030755448332833,0.00583960820419182,0.014));
#8466=CARTESIAN_POINT('',(0.0030755448332833,0.00583960820419182,0.007));
#8467=CARTESIAN_POINT('',(0.,5.57214293612046E-19,0.007));
#8468=CARTESIAN_POINT('',(0.00291658238191431,0.00592060361867834,0.007));
#8469=CARTESIAN_POINT('',(0.00291658238191431,0.00592060361867834,0.014));
#8470=CARTESIAN_POINT('',(0.,5.57214293612046E-19,0.014));
#8471=CARTESIAN_POINT('',(0.00472955513043861,-0.00460340181476067,0.014));
#8472=CARTESIAN_POINT('',(0.00472955513043861,-0.00460340181476067,0.014));
#8473=CARTESIAN_POINT('',(0.00472955513043861,-0.00460340181476067,0.007));
#8474=CARTESIAN_POINT('',(0.,5.57214293612046E-19,0.014));
#8475=CARTESIAN_POINT('',(0.00460340181476066,-0.00472955513043861,0.014));
#8476=CARTESIAN_POINT('',(0.00460340181476066,-0.00472955513043861,0.014));
#8477=CARTESIAN_POINT('',(0.00460340181476066,-0.00472955513043861,0.007));
#8478=CARTESIAN_POINT('',(0.,5.57214293612046E-19,0.007));
#8479=CARTESIAN_POINT('',(0.,5.57214293612046E-19,0.014));
#8480=CARTESIAN_POINT('',(0.,5.57214293612046E-19,0.014));
#8481=CARTESIAN_POINT('',(0.00291658238191431,-0.00592060361867834,0.014));
#8482=CARTESIAN_POINT('',(0.0030755448332833,-0.00583960820419182,0.014));
#8483=CARTESIAN_POINT('',(0.00291658238191431,-0.00592060361867834,0.014));
#8484=CARTESIAN_POINT('',(0.00291658238191431,-0.00592060361867834,0.007));
#8485=CARTESIAN_POINT('',(0.,5.57214293612046E-19,0.007));
#8486=CARTESIAN_POINT('',(0.0030755448332833,-0.00583960820419182,0.007));
#8487=CARTESIAN_POINT('',(0.0030755448332833,-0.00583960820419182,0.014));
#8488=CARTESIAN_POINT('',(0.,5.57214293612046E-19,0.014));
#8489=CARTESIAN_POINT('',(0.,5.57214293612046E-19,0.014));
#8490=CARTESIAN_POINT('',(0.00583960820419182,-0.0030755448332833,0.014));
#8491=CARTESIAN_POINT('',(0.00592060361867834,-0.00291658238191431,0.014));
#8492=CARTESIAN_POINT('',(0.00583960820419182,-0.0030755448332833,0.014));
#8493=CARTESIAN_POINT('',(0.00583960820419182,-0.0030755448332833,0.007));
#8494=CARTESIAN_POINT('',(0.,5.57214293612046E-19,0.007));
#8495=CARTESIAN_POINT('',(0.00592060361867834,-0.00291658238191431,0.007));
#8496=CARTESIAN_POINT('',(0.00592060361867834,-0.00291658238191431,0.014));
#8497=CARTESIAN_POINT('',(0.,1.53080849893419E-19,0.014));
#8498=CARTESIAN_POINT('',(0.,4.89858719658941E-19,0.014));
#8499=CARTESIAN_POINT('',(0.0025,4.89858719658941E-19,0.014));
#8500=CARTESIAN_POINT('',(-0.00511567680444278,0.0016164876259334,0.014));
#8501=CARTESIAN_POINT('',(-0.0051219425251125,0.00150166251348606,0.014));
#8502=CARTESIAN_POINT('',(-0.00500602489449008,0.00158183904230033,0.014));
#8503=CARTESIAN_POINT('',(-0.00503320436144964,0.00149310209158125,0.014));
#8504=CARTESIAN_POINT('',(-0.00503718190757969,0.00149368302855794,0.014));
#8505=CARTESIAN_POINT('',(-0.00504679916782556,0.00149501094551209,0.014));
#8506=CARTESIAN_POINT('',(-0.0050631796621425,0.00149697561861467,0.014));
#8507=CARTESIAN_POINT('',(-0.00508282849386346,0.00149893458709058,0.014));
#8508=CARTESIAN_POINT('',(-0.00510458460390119,0.0015006650156176,0.014));
#8509=CARTESIAN_POINT('',(-0.00512844590476783,0.00150208334369505,0.014));
#8510=CARTESIAN_POINT('',(-0.00515440776798596,0.00150310600904046,0.014));
#8511=CARTESIAN_POINT('',(-0.00518246307950033,0.00150364952972547,0.014));
#8512=CARTESIAN_POINT('',(-0.00521260222379583,0.00150363056598017,0.014));
#8513=CARTESIAN_POINT('',(-0.00524481309124106,0.00150296598795095,0.014));
#8514=CARTESIAN_POINT('',(-0.00527908108128127,0.0015015729417546,0.014));
#8515=CARTESIAN_POINT('',(-0.00531538910913224,0.0014993689159224,0.014));
#8516=CARTESIAN_POINT('',(-0.00535371761372307,0.00149627180756982,0.014));
#8517=CARTESIAN_POINT('',(-0.00539404456747596,0.00149219998841782,0.014));
#8518=CARTESIAN_POINT('',(-0.00543634548772644,0.00148707237057333,0.014));
#8519=CARTESIAN_POINT('',(-0.00548059344981742,0.0014808084720406,0.014));
#8520=CARTESIAN_POINT('',(-0.00552675910184029,0.00147332848191881,0.014));
#8521=CARTESIAN_POINT('',(-0.0055748106810155,0.00146455332524608,0.014));
#8522=CARTESIAN_POINT('',(-0.00562471403170037,0.00145440472745287,0.014));
#8523=CARTESIAN_POINT('',(-0.00567643262501396,0.00144280527837398,0.014));
#8524=CARTESIAN_POINT('',(-0.00572992758006533,0.00142967849582471,0.014));
#8525=CARTESIAN_POINT('',(-0.00578515768678154,0.00141494888853134,0.014));
#8526=CARTESIAN_POINT('',(-0.00584207943029122,0.00139854201903523,0.014));
#8527=CARTESIAN_POINT('',(-0.00590064701697131,0.00138038456401033,0.014));
#8528=CARTESIAN_POINT('',(-0.00596081240167977,0.0013604043816191,0.014));
#8529=CARTESIAN_POINT('',(-0.00602252531793162,0.00133853054888661,0.014));
#8530=CARTESIAN_POINT('',(-0.00608573330422563,0.0013146935104852,0.014));
#8531=CARTESIAN_POINT('',(-0.0061503817524007,0.00128882479845991,0.014));
#8532=CARTESIAN_POINT('',(-0.00621641387912411,0.00126085838648221,0.014));
#8533=CARTESIAN_POINT('',(-0.00628377099780798,0.00123072580407198,0.014));
#8534=CARTESIAN_POINT('',(-0.00635239165207125,0.0011983750397294,0.014));
#8535=CARTESIAN_POINT('',(-0.00642221509442931,0.00116369878849561,0.014));
#8536=CARTESIAN_POINT('',(-0.00647297226608676,0.00113730849052961,0.014));
#8537=CARTESIAN_POINT('',(-0.00650042543748754,0.0011225169469477,0.014));
#8538=CARTESIAN_POINT('',(-0.00650419305565387,0.00112047877926533,0.014));
#8539=CARTESIAN_POINT('',(-0.00524825572643725,0.000135321210157774,0.014));
#8540=CARTESIAN_POINT('',(-0.00525221811700155,0.000135997835610632,0.014));
#8541=CARTESIAN_POINT('',(-0.00526177502393325,0.000137706808393586,0.014));
#8542=CARTESIAN_POINT('',(-0.0052779609171706,0.000140900144357182,0.014));
#8543=CARTESIAN_POINT('',(-0.0052972534211669,0.000145108877544345,0.014));
#8544=CARTESIAN_POINT('',(-0.00531847944320992,0.00015018614995089,0.014));
#8545=CARTESIAN_POINT('',(-0.00534161117636596,0.000156210787266272,0.014));
#8546=CARTESIAN_POINT('',(-0.00536661839652601,0.000163260831665568,0.014));
#8547=CARTESIAN_POINT('',(-0.00539346854048691,0.000171413480816772,0.014));
#8548=CARTESIAN_POINT('',(-0.00542212670994513,0.000180745024193542,0.014));
#8549=CARTESIAN_POINT('',(-0.00545255569941932,0.000191330780902954,0.014));
#8550=CARTESIAN_POINT('',(-0.00548471601969877,0.000203245037850992,0.014));
#8551=CARTESIAN_POINT('',(-0.00551856592474207,0.000216560988618978,0.014));
#8552=CARTESIAN_POINT('',(-0.00555406143967866,0.000231350672986914,0.014));
#8553=CARTESIAN_POINT('',(-0.00559115639051169,0.000247684917165612,0.014));
#8554=CARTESIAN_POINT('',(-0.00562980243530658,0.000265633274764783,0.014));
#8555=CARTESIAN_POINT('',(-0.00566994909688834,0.00028526396853432,0.014));
#8556=CARTESIAN_POINT('',(-0.00571154379700831,0.000306643832912943,0.014));
#8557=CARTESIAN_POINT('',(-0.00575453189196099,0.000329838257419748,0.014));
#8558=CARTESIAN_POINT('',(-0.00579885670962762,0.000354911130920113,0.014));
#8559=CARTESIAN_POINT('',(-0.00584445958792137,0.000381924786811094,0.014));
#8560=CARTESIAN_POINT('',(-0.0058912799146227,0.000410939949116758,0.014));
#8561=CARTESIAN_POINT('',(-0.00593925516853671,0.000442015679692042,0.014));
#8562=CARTESIAN_POINT('',(-0.00598832096212169,0.00047520932593226,0.014));
#8563=CARTESIAN_POINT('',(-0.00603841108490017,0.000510576471456709,0.014));
#8564=CARTESIAN_POINT('',(-0.00608945755017295,0.000548170880464671,0.014));
#8565=CARTESIAN_POINT('',(-0.00614139063526739,0.000588044471515514,0.014));
#8566=CARTESIAN_POINT('',(-0.0061941389525526,0.000630247184161422,0.014));
#8567=CARTESIAN_POINT('',(-0.00624762940881947,0.000674827260447302,0.014));
#8568=CARTESIAN_POINT('',(-0.00630178759665179,0.000721829948128345,0.014));
#8569=CARTESIAN_POINT('',(-0.00635653654324579,0.000771302231347836,0.014));
#8570=CARTESIAN_POINT('',(-0.00641180172767244,0.000823274584915459,0.014));
#8571=CARTESIAN_POINT('',(-0.00646749221658477,0.000877830289906442,0.014));
#8572=CARTESIAN_POINT('',(-0.00650761010488019,0.000918613783382529,0.014));
#8573=CARTESIAN_POINT('',(-0.00652914878409402,0.000941164873804504,0.014));
#8574=CARTESIAN_POINT('',(-0.00653210217345079,0.000944267544501831,0.014));
#8575=CARTESIAN_POINT('',(-0.00533529605108048,0.000154601365744418,0.014));
#8576=CARTESIAN_POINT('',(-0.00536481990773552,4.34599801481021E-5,0.014));
#8577=CARTESIAN_POINT('',(-0.00524982774307714,4.25284377516772E-5,0.014));
#8578=CARTESIAN_POINT('',(5.69422980989387E-16,-1.84314369322542E-18,0.014));
#8579=CARTESIAN_POINT('',(-0.00524982774307714,-4.25284377516754E-5,0.014));
#8580=CARTESIAN_POINT('',(-0.00536481990773551,-4.34599801481002E-5,0.014));
#8581=CARTESIAN_POINT('',(-0.00533529605108048,-0.000154601365744417,0.014));
#8582=CARTESIAN_POINT('',(-0.00524825572643725,-0.000135321210157773,0.014));
#8583=CARTESIAN_POINT('',(-0.00525221811700155,-0.000135997835610631,0.014));
#8584=CARTESIAN_POINT('',(-0.00526177502393325,-0.000137706808393585,0.014));
#8585=CARTESIAN_POINT('',(-0.0052779609171706,-0.000140900144357181,0.014));
#8586=CARTESIAN_POINT('',(-0.0052972534211669,-0.000145108877544344,0.014));
#8587=CARTESIAN_POINT('',(-0.00531847944320992,-0.000150186149950889,0.014));
#8588=CARTESIAN_POINT('',(-0.00534161117636596,-0.000156210787266271,0.014));
#8589=CARTESIAN_POINT('',(-0.00536661839652601,-0.000163260831665567,0.014));
#8590=CARTESIAN_POINT('',(-0.00539346854048691,-0.000171413480816771,0.014));
#8591=CARTESIAN_POINT('',(-0.00542212670994513,-0.000180745024193541,0.014));
#8592=CARTESIAN_POINT('',(-0.00545255569941932,-0.000191330780902953,0.014));
#8593=CARTESIAN_POINT('',(-0.00548471601969877,-0.00020324503785099,0.014));
#8594=CARTESIAN_POINT('',(-0.00551856592474207,-0.000216560988618977,0.014));
#8595=CARTESIAN_POINT('',(-0.00555406143967866,-0.000231350672986913,0.014));
#8596=CARTESIAN_POINT('',(-0.00559115639051169,-0.000247684917165611,0.014));
#8597=CARTESIAN_POINT('',(-0.00562980243530658,-0.000265633274764781,0.014));
#8598=CARTESIAN_POINT('',(-0.00566994909688834,-0.000285263968534319,0.014));
#8599=CARTESIAN_POINT('',(-0.00571154379700831,-0.000306643832912942,0.014));
#8600=CARTESIAN_POINT('',(-0.00575453189196099,-0.000329838257419748,0.014));
#8601=CARTESIAN_POINT('',(-0.00579885670962762,-0.000354911130920112,0.014));
#8602=CARTESIAN_POINT('',(-0.00584445958792137,-0.000381924786811093,0.014));
#8603=CARTESIAN_POINT('',(-0.0058912799146227,-0.000410939949116757,0.014));
#8604=CARTESIAN_POINT('',(-0.00593925516853671,-0.000442015679692041,0.014));
#8605=CARTESIAN_POINT('',(-0.00598832096212169,-0.000475209325932259,0.014));
#8606=CARTESIAN_POINT('',(-0.00603841108490017,-0.000510576471456707,0.014));
#8607=CARTESIAN_POINT('',(-0.00608945755017295,-0.00054817088046467,0.014));
#8608=CARTESIAN_POINT('',(-0.00614139063526739,-0.000588044471515513,0.014));
#8609=CARTESIAN_POINT('',(-0.0061941389525526,-0.000630247184161421,0.014));
#8610=CARTESIAN_POINT('',(-0.00624762940881947,-0.000674827260447301,0.014));
#8611=CARTESIAN_POINT('',(-0.00630178759665179,-0.000721829948128344,0.014));
#8612=CARTESIAN_POINT('',(-0.00635653654324579,-0.000771302231347835,0.014));
#8613=CARTESIAN_POINT('',(-0.00641180172767244,-0.000823274584915458,0.014));
#8614=CARTESIAN_POINT('',(-0.00646749221658477,-0.000877830289906441,0.014));
#8615=CARTESIAN_POINT('',(-0.00650761010488019,-0.000918613783382528,0.014));
#8616=CARTESIAN_POINT('',(-0.00652914878409402,-0.000941164873804503,0.014));
#8617=CARTESIAN_POINT('',(-0.00653210217345079,-0.00094426754450183,0.014));
#8618=CARTESIAN_POINT('',(-0.00503320436144964,-0.00149310209158125,0.014));
#8619=CARTESIAN_POINT('',(-0.00503718190757969,-0.00149368302855794,0.014));
#8620=CARTESIAN_POINT('',(-0.00504679916782556,-0.00149501094551209,0.014));
#8621=CARTESIAN_POINT('',(-0.0050631796621425,-0.00149697561861467,0.014));
#8622=CARTESIAN_POINT('',(-0.00508282849386346,-0.00149893458709058,0.014));
#8623=CARTESIAN_POINT('',(-0.00510458460390119,-0.0015006650156176,0.014));
#8624=CARTESIAN_POINT('',(-0.00512844590476783,-0.00150208334369505,0.014));
#8625=CARTESIAN_POINT('',(-0.00515440776798596,-0.00150310600904046,0.014));
#8626=CARTESIAN_POINT('',(-0.00518246307950034,-0.00150364952972547,0.014));
#8627=CARTESIAN_POINT('',(-0.00521260222379583,-0.00150363056598017,0.014));
#8628=CARTESIAN_POINT('',(-0.00524481309124106,-0.00150296598795095,0.014));
#8629=CARTESIAN_POINT('',(-0.00527908108128127,-0.0015015729417546,0.014));
#8630=CARTESIAN_POINT('',(-0.00531538910913224,-0.0014993689159224,0.014));
#8631=CARTESIAN_POINT('',(-0.00535371761372307,-0.00149627180756982,0.014));
#8632=CARTESIAN_POINT('',(-0.00539404456747596,-0.00149219998841782,0.014));
#8633=CARTESIAN_POINT('',(-0.00543634548772644,-0.00148707237057333,0.014));
#8634=CARTESIAN_POINT('',(-0.00548059344981742,-0.0014808084720406,0.014));
#8635=CARTESIAN_POINT('',(-0.00552675910184029,-0.00147332848191881,0.014));
#8636=CARTESIAN_POINT('',(-0.0055748106810155,-0.00146455332524607,0.014));
#8637=CARTESIAN_POINT('',(-0.00562471403170037,-0.00145440472745287,0.014));
#8638=CARTESIAN_POINT('',(-0.00567643262501396,-0.00144280527837398,0.014));
#8639=CARTESIAN_POINT('',(-0.00572992758006533,-0.00142967849582471,0.014));
#8640=CARTESIAN_POINT('',(-0.00578515768678154,-0.00141494888853134,0.014));
#8641=CARTESIAN_POINT('',(-0.00584207943029123,-0.00139854201903523,0.014));
#8642=CARTESIAN_POINT('',(-0.00590064701697131,-0.00138038456401032,0.014));
#8643=CARTESIAN_POINT('',(-0.00596081240167977,-0.0013604043816191,0.014));
#8644=CARTESIAN_POINT('',(-0.00602252531793162,-0.00133853054888661,0.014));
#8645=CARTESIAN_POINT('',(-0.00608573330422563,-0.0013146935104852,0.014));
#8646=CARTESIAN_POINT('',(-0.0061503817524007,-0.00128882479845991,0.014));
#8647=CARTESIAN_POINT('',(-0.00621641387912411,-0.0012608583864822,0.014));
#8648=CARTESIAN_POINT('',(-0.00628377099780798,-0.00123072580407198,0.014));
#8649=CARTESIAN_POINT('',(-0.00635239165207125,-0.0011983750397294,0.014));
#8650=CARTESIAN_POINT('',(-0.00642221509442931,-0.00116369878849561,0.014));
#8651=CARTESIAN_POINT('',(-0.00647297226608676,-0.00113730849052961,0.014));
#8652=CARTESIAN_POINT('',(-0.00650042543748754,-0.0011225169469477,0.014));
#8653=CARTESIAN_POINT('',(-0.00650419305565387,-0.00112047877926533,0.014));
#8654=CARTESIAN_POINT('',(-0.0051219425251125,-0.00150166251348606,0.014));
#8655=CARTESIAN_POINT('',(-0.00511567680444279,-0.0016164876259334,0.014));
#8656=CARTESIAN_POINT('',(-0.00500602489449008,-0.00158183904230033,0.014));
#8657=CARTESIAN_POINT('',(5.4212299932245E-16,1.74208444293453E-16,0.014));
#8658=CARTESIAN_POINT('',(-0.00497974087447111,-0.0016627329380035,0.014));
#8659=CARTESIAN_POINT('',(-0.00508881705956086,-0.00169915342056922,0.014));
#8660=CARTESIAN_POINT('',(-0.00502639362637529,-0.00179573178612477,0.014));
#8661=CARTESIAN_POINT('',(-0.00494957125417337,-0.00175049832900824,0.014));
#8662=CARTESIAN_POINT('',(-0.00495313062277589,-0.00175236628407699,0.014));
#8663=CARTESIAN_POINT('',(-0.00496169167975606,-0.00175694486043395,0.014));
#8664=CARTESIAN_POINT('',(-0.00497609858390999,-0.00176498361949033,0.014));
#8665=CARTESIAN_POINT('',(-0.0049931462754717,-0.00177494807421223,0.014));
#8666=CARTESIAN_POINT('',(-0.00501176445859205,-0.00178633604875375,0.014));
#8667=CARTESIAN_POINT('',(-0.0050319023288279,-0.00179921391798542,0.014));
#8668=CARTESIAN_POINT('',(-0.00505350702498507,-0.00181364656466307,0.014));
#8669=CARTESIAN_POINT('',(-0.00507652372222564,-0.00182969734554872,0.014));
#8670=CARTESIAN_POINT('',(-0.0051008956555468,-0.00184742803207456,0.014));
#8671=CARTESIAN_POINT('',(-0.00512656416554898,-0.00186689875984214,0.014));
#8672=CARTESIAN_POINT('',(-0.0051534687398446,-0.00188816797706028,0.014));
#8673=CARTESIAN_POINT('',(-0.00518154705752843,-0.0019112923947252,0.014));
#8674=CARTESIAN_POINT('',(-0.005210735034497,-0.00193632693775677,0.014));
#8675=CARTESIAN_POINT('',(-0.00524096687016691,-0.00196332469733458,0.014));
#8676=CARTESIAN_POINT('',(-0.00527217509537886,-0.00199233688439306,0.014));
#8677=CARTESIAN_POINT('',(-0.00530429062149753,-0.00202341278431816,0.014));
#8678=CARTESIAN_POINT('',(-0.00533724279065955,-0.00205659971286596,0.014));
#8679=CARTESIAN_POINT('',(-0.00537095942714006,-0.00209194297333105,0.014));
#8680=CARTESIAN_POINT('',(-0.00540536688980608,-0.00212948581498738,0.014));
#8681=CARTESIAN_POINT('',(-0.00544039012561865,-0.00216926939283663,0.014));
#8682=CARTESIAN_POINT('',(-0.00547595272417602,-0.00221133272865169,0.014));
#8683=CARTESIAN_POINT('',(-0.00551197697317147,-0.00225571267348283,0.014));
#8684=CARTESIAN_POINT('',(-0.00554838391509416,-0.00230244387109944,0.014));
#8685=CARTESIAN_POINT('',(-0.00558509340375507,-0.0023515587245021,0.014));
#8686=CARTESIAN_POINT('',(-0.00562202416590965,-0.00240308735743745,0.014));
#8687=CARTESIAN_POINT('',(-0.00565909384763856,-0.00245705760189895,0.014));
#8688=CARTESIAN_POINT('',(-0.00569621912309995,-0.00251349489323198,0.014));
#8689=CARTESIAN_POINT('',(-0.00573331556890929,-0.00257242252530393,0.014));
#8690=CARTESIAN_POINT('',(-0.00577029843708322,-0.00263386053813112,0.014));
#8691=CARTESIAN_POINT('',(-0.00580708000323638,-0.00269782983038468,0.014));
#8692=CARTESIAN_POINT('',(-0.00584357997651954,-0.00276433635709746,0.014));
#8693=CARTESIAN_POINT('',(-0.00587968613891296,-0.00283343122332918,0.014));
#8694=CARTESIAN_POINT('',(-0.00590523772542223,-0.00288461573981861,0.014));
#8695=CARTESIAN_POINT('',(-0.00591875355645885,-0.00291271891922746,0.014));
#8696=CARTESIAN_POINT('',(-0.00592060361867834,-0.00291658238191431,0.014));
#8697=CARTESIAN_POINT('',(-0.00432546788516649,-0.00297537015754231,0.014));
#8698=CARTESIAN_POINT('',(-0.00432907123693387,-0.00297715179078964,0.014));
#8699=CARTESIAN_POINT('',(-0.00433780744605367,-0.0029813866117173,0.014));
#8700=CARTESIAN_POINT('',(-0.00435277910453683,-0.00298831697799409,0.014));
#8701=CARTESIAN_POINT('',(-0.00437086089943213,-0.00299625189064971,0.014));
#8702=CARTESIAN_POINT('',(-0.00439101745783035,-0.00300462063370946,0.014));
#8703=CARTESIAN_POINT('',(-0.00441327261602733,-0.00301334309134545,0.014));
#8704=CARTESIAN_POINT('',(-0.0044376477942448,-0.00302233836082624,0.014));
#8705=CARTESIAN_POINT('',(-0.00446416202394878,-0.00303152484775588,0.014));
#8706=CARTESIAN_POINT('',(-0.00449283191364614,-0.00304082031994557,0.014));
#8707=CARTESIAN_POINT('',(-0.00452367163493056,-0.00305014197412443,0.014));
#8708=CARTESIAN_POINT('',(-0.00455669290510726,-0.00305940649974738,0.014));
#8709=CARTESIAN_POINT('',(-0.00459190497302694,-0.00306853014425577,0.014));
#8710=CARTESIAN_POINT('',(-0.00462931460619227,-0.00307742877846292,0.014));
#8711=CARTESIAN_POINT('',(-0.00466892607965728,-0.00308601796236626,0.014));
#8712=CARTESIAN_POINT('',(-0.00471074116656139,-0.00309421301123728,0.014));
#8713=CARTESIAN_POINT('',(-0.00475475913033845,-0.00310192906197288,0.014));
#8714=CARTESIAN_POINT('',(-0.00480097671858921,-0.0031090811396572,0.014));
#8715=CARTESIAN_POINT('',(-0.00484938815862224,-0.00311558422429378,0.014));
#8716=CARTESIAN_POINT('',(-0.00489998515466322,-0.00312135331766917,0.014));
#8717=CARTESIAN_POINT('',(-0.0049527568867385,-0.00312630351029632,0.014));
#8718=CARTESIAN_POINT('',(-0.00500769001121821,-0.00313035004843905,0.014));
#8719=CARTESIAN_POINT('',(-0.00506476866308046,-0.00313340840101667,0.014));
#8720=CARTESIAN_POINT('',(-0.00512397445966301,-0.00313539432696434,0.014));
#8721=CARTESIAN_POINT('',(-0.00518528650679608,-0.00313622394064724,0.014));
#8722=CARTESIAN_POINT('',(-0.00524868140388807,-0.00313581378433532,0.014));
#8723=CARTESIAN_POINT('',(-0.00531413326107542,-0.00313408087307299,0.014));
#8724=CARTESIAN_POINT('',(-0.00538161367828383,-0.00313094284431722,0.014));
#8725=CARTESIAN_POINT('',(-0.00545109187782751,-0.00312631770632347,0.014));
#8726=CARTESIAN_POINT('',(-0.00552253425880544,-0.00312012511730694,0.014));
#8727=CARTESIAN_POINT('',(-0.00559590616549777,-0.00311228182281834,0.014));
#8728=CARTESIAN_POINT('',(-0.00567116522185016,-0.00310271936591567,0.014));
#8729=CARTESIAN_POINT('',(-0.00574828681262741,-0.00309131692151349,0.014));
#8730=CARTESIAN_POINT('',(-0.00580471480203905,-0.00308190308529452,0.014));
#8731=CARTESIAN_POINT('',(-0.00583539515793258,-0.0030763189878972,0.014));
#8732=CARTESIAN_POINT('',(-0.00583960820419182,-0.0030755448332833,0.014));
#8733=CARTESIAN_POINT('',(-0.0044072175781145,-0.00301093320319857,0.014));
#8734=CARTESIAN_POINT('',(-0.00436577561251505,-0.00311820216045699,0.014));
#8735=CARTESIAN_POINT('',(-0.00427219745020395,-0.0030513650955713,0.014));
#8736=CARTESIAN_POINT('',(4.61756241288791E-16,3.33207295971085E-16,0.014));
#8737=CARTESIAN_POINT('',(-0.00422220227317701,-0.00312017755334195,0.014));
#8738=CARTESIAN_POINT('',(-0.00431468534172309,-0.00318852188548701,0.014));
#8739=CARTESIAN_POINT('',(-0.00422547277257681,-0.00326108346768019,0.014));
#8740=CARTESIAN_POINT('',(-0.00416638826186027,-0.00319432447497636,0.014));
#8741=CARTESIAN_POINT('',(-0.00416919619270262,-0.00319720091120407,0.014));
#8742=CARTESIAN_POINT('',(-0.00417592338382564,-0.00320420090818038,0.014));
#8743=CARTESIAN_POINT('',(-0.00418714105073877,-0.00321629820058378,0.014));
#8744=CARTESIAN_POINT('',(-0.00420027518303758,-0.0032310429865858,0.014));
#8745=CARTESIAN_POINT('',(-0.00421446304975092,-0.00324762692896949,0.014));
#8746=CARTESIAN_POINT('',(-0.00422963582201911,-0.00326609745455166,0.014));
#8747=CARTESIAN_POINT('',(-0.00424572317598475,-0.0032864999354927,0.014));
#8748=CARTESIAN_POINT('',(-0.00426265339181234,-0.00330887768584735,0.014));
#8749=CARTESIAN_POINT('',(-0.00428035339435372,-0.00333327191238814,0.014));
#8750=CARTESIAN_POINT('',(-0.00429874881228184,-0.00335972168071946,0.014));
#8751=CARTESIAN_POINT('',(-0.00431776403340639,-0.00338826387903504,0.014));
#8752=CARTESIAN_POINT('',(-0.00433732226236272,-0.00341893318447856,0.014));
#8753=CARTESIAN_POINT('',(-0.00435734557881298,-0.00345176203067591,0.014));
#8754=CARTESIAN_POINT('',(-0.00437775499660681,-0.00348678057684091,0.014));
#8755=CARTESIAN_POINT('',(-0.0043984705237116,-0.00352401667834964,0.014));
#8756=CARTESIAN_POINT('',(-0.00441941122290865,-0.00356349585882709,0.014));
#8757=CARTESIAN_POINT('',(-0.00444049527320387,-0.00360524128375089,0.014));
#8758=CARTESIAN_POINT('',(-0.00446164003191589,-0.00364927373558897,0.014));
#8759=CARTESIAN_POINT('',(-0.00448276209740465,-0.00369561159048357,0.014));
#8760=CARTESIAN_POINT('',(-0.00450377737239348,-0.00374427079650272,0.014));
#8761=CARTESIAN_POINT('',(-0.00452460112788091,-0.00379526485344511,0.014));
#8762=CARTESIAN_POINT('',(-0.00454514806747043,-0.00384860479431878,0.014));
#8763=CARTESIAN_POINT('',(-0.00456533239259335,-0.00390429916809366,0.014));
#8764=CARTESIAN_POINT('',(-0.00458506786661652,-0.00396235402532018,0.014));
#8765=CARTESIAN_POINT('',(-0.00460426788534144,-0.00402277290057011,0.014));
#8766=CARTESIAN_POINT('',(-0.00462284552497754,-0.00408555681488156,0.014));
#8767=CARTESIAN_POINT('',(-0.00464071367798595,-0.00415070420960431,0.014));
#8768=CARTESIAN_POINT('',(-0.0046577848547558,-0.00421821115026218,0.014));
#8769=CARTESIAN_POINT('',(-0.00467397226245968,-0.00428807050747617,0.014));
#8770=CARTESIAN_POINT('',(-0.0046891860122047,-0.00436027504873777,0.014));
#8771=CARTESIAN_POINT('',(-0.00470334790264914,-0.00443480562638284,0.014));
#8772=CARTESIAN_POINT('',(-0.00471633541578215,-0.00451167616693628,0.014));
#8773=CARTESIAN_POINT('',(-0.00472481953318937,-0.00456825140934158,0.014));
#8774=CARTESIAN_POINT('',(-0.00472898949233659,-0.00459915574273039,0.014));
#8775=CARTESIAN_POINT('',(-0.00472955513043861,-0.00460340181476066,0.014));
#8776=CARTESIAN_POINT('',(-0.00319432447497636,-0.00416638826186027,0.014));
#8777=CARTESIAN_POINT('',(-0.00319720091120407,-0.00416919619270262,0.014));
#8778=CARTESIAN_POINT('',(-0.00320420090818039,-0.00417592338382564,0.014));
#8779=CARTESIAN_POINT('',(-0.00321629820058378,-0.00418714105073876,0.014));
#8780=CARTESIAN_POINT('',(-0.0032310429865858,-0.00420027518303758,0.014));
#8781=CARTESIAN_POINT('',(-0.00324762692896949,-0.00421446304975092,0.014));
#8782=CARTESIAN_POINT('',(-0.00326609745455166,-0.00422963582201911,0.014));
#8783=CARTESIAN_POINT('',(-0.00328649993549271,-0.00424572317598475,0.014));
#8784=CARTESIAN_POINT('',(-0.00330887768584735,-0.00426265339181234,0.014));
#8785=CARTESIAN_POINT('',(-0.00333327191238814,-0.00428035339435372,0.014));
#8786=CARTESIAN_POINT('',(-0.00335972168071946,-0.00429874881228184,0.014));
#8787=CARTESIAN_POINT('',(-0.00338826387903504,-0.00431776403340639,0.014));
#8788=CARTESIAN_POINT('',(-0.00341893318447856,-0.00433732226236272,0.014));
#8789=CARTESIAN_POINT('',(-0.00345176203067592,-0.00435734557881298,0.014));
#8790=CARTESIAN_POINT('',(-0.00348678057684091,-0.00437775499660681,0.014));
#8791=CARTESIAN_POINT('',(-0.00352401667834964,-0.0043984705237116,0.014));
#8792=CARTESIAN_POINT('',(-0.0035634958588271,-0.00441941122290865,0.014));
#8793=CARTESIAN_POINT('',(-0.00360524128375089,-0.00444049527320387,0.014));
#8794=CARTESIAN_POINT('',(-0.00364927373558897,-0.00446164003191589,0.014));
#8795=CARTESIAN_POINT('',(-0.00369561159048357,-0.00448276209740465,0.014));
#8796=CARTESIAN_POINT('',(-0.00374427079650273,-0.00450377737239348,0.014));
#8797=CARTESIAN_POINT('',(-0.00379526485344512,-0.00452460112788091,0.014));
#8798=CARTESIAN_POINT('',(-0.00384860479431878,-0.00454514806747042,0.014));
#8799=CARTESIAN_POINT('',(-0.00390429916809366,-0.00456533239259335,0.014));
#8800=CARTESIAN_POINT('',(-0.00396235402532019,-0.00458506786661652,0.014));
#8801=CARTESIAN_POINT('',(-0.00402277290057011,-0.00460426788534144,0.014));
#8802=CARTESIAN_POINT('',(-0.00408555681488156,-0.00462284552497754,0.014));
#8803=CARTESIAN_POINT('',(-0.00415070420960431,-0.00464071367798595,0.014));
#8804=CARTESIAN_POINT('',(-0.00421821115026218,-0.0046577848547558,0.014));
#8805=CARTESIAN_POINT('',(-0.00428807050747617,-0.00467397226245967,0.014));
#8806=CARTESIAN_POINT('',(-0.00436027504873777,-0.0046891860122047,0.014));
#8807=CARTESIAN_POINT('',(-0.00443480562638284,-0.00470334790264914,0.014));
#8808=CARTESIAN_POINT('',(-0.00451167616693628,-0.00471633541578214,0.014));
#8809=CARTESIAN_POINT('',(-0.00456825140934158,-0.00472481953318937,0.014));
#8810=CARTESIAN_POINT('',(-0.00459915574273039,-0.00472898949233659,0.014));
#8811=CARTESIAN_POINT('',(-0.00460340181476067,-0.00472955513043861,0.014));
#8812=CARTESIAN_POINT('',(-0.00326108346768019,-0.00422547277257681,0.014));
#8813=CARTESIAN_POINT('',(-0.00318852188548702,-0.00431468534172309,0.014));
#8814=CARTESIAN_POINT('',(-0.00312017755334195,-0.004222202273177,0.014));
#8815=CARTESIAN_POINT('',(3.36189565112874E-16,4.59589495927323E-16,0.014));
#8816=CARTESIAN_POINT('',(-0.0030513650955713,-0.00427219745020395,0.014));
#8817=CARTESIAN_POINT('',(-0.00311820216045699,-0.00436577561251504,0.014));
#8818=CARTESIAN_POINT('',(-0.00301093320319857,-0.0044072175781145,0.014));
#8819=CARTESIAN_POINT('',(-0.00297537015754231,-0.00432546788516649,0.014));
#8820=CARTESIAN_POINT('',(-0.00297715179078964,-0.00432907123693387,0.014));
#8821=CARTESIAN_POINT('',(-0.0029813866117173,-0.00433780744605367,0.014));
#8822=CARTESIAN_POINT('',(-0.00298831697799409,-0.00435277910453683,0.014));
#8823=CARTESIAN_POINT('',(-0.00299625189064971,-0.00437086089943213,0.014));
#8824=CARTESIAN_POINT('',(-0.00300462063370946,-0.00439101745783035,0.014));
#8825=CARTESIAN_POINT('',(-0.00301334309134545,-0.00441327261602733,0.014));
#8826=CARTESIAN_POINT('',(-0.00302233836082624,-0.0044376477942448,0.014));
#8827=CARTESIAN_POINT('',(-0.00303152484775588,-0.00446416202394877,0.014));
#8828=CARTESIAN_POINT('',(-0.00304082031994557,-0.00449283191364614,0.014));
#8829=CARTESIAN_POINT('',(-0.00305014197412443,-0.00452367163493056,0.014));
#8830=CARTESIAN_POINT('',(-0.00305940649974738,-0.00455669290510726,0.014));
#8831=CARTESIAN_POINT('',(-0.00306853014425577,-0.00459190497302694,0.014));
#8832=CARTESIAN_POINT('',(-0.00307742877846292,-0.00462931460619227,0.014));
#8833=CARTESIAN_POINT('',(-0.00308601796236626,-0.00466892607965727,0.014));
#8834=CARTESIAN_POINT('',(-0.00309421301123728,-0.00471074116656139,0.014));
#8835=CARTESIAN_POINT('',(-0.00310192906197289,-0.00475475913033845,0.014));
#8836=CARTESIAN_POINT('',(-0.0031090811396572,-0.00480097671858921,0.014));
#8837=CARTESIAN_POINT('',(-0.00311558422429378,-0.00484938815862224,0.014));
#8838=CARTESIAN_POINT('',(-0.00312135331766917,-0.00489998515466322,0.014));
#8839=CARTESIAN_POINT('',(-0.00312630351029632,-0.0049527568867385,0.014));
#8840=CARTESIAN_POINT('',(-0.00313035004843905,-0.00500769001121821,0.014));
#8841=CARTESIAN_POINT('',(-0.00313340840101667,-0.00506476866308045,0.014));
#8842=CARTESIAN_POINT('',(-0.00313539432696434,-0.00512397445966301,0.014));
#8843=CARTESIAN_POINT('',(-0.00313622394064724,-0.00518528650679608,0.014));
#8844=CARTESIAN_POINT('',(-0.00313581378433532,-0.00524868140388807,0.014));
#8845=CARTESIAN_POINT('',(-0.003134080873073,-0.00531413326107542,0.014));
#8846=CARTESIAN_POINT('',(-0.00313094284431722,-0.00538161367828383,0.014));
#8847=CARTESIAN_POINT('',(-0.00312631770632347,-0.00545109187782751,0.014));
#8848=CARTESIAN_POINT('',(-0.00312012511730694,-0.00552253425880544,0.014));
#8849=CARTESIAN_POINT('',(-0.00311228182281834,-0.00559590616549777,0.014));
#8850=CARTESIAN_POINT('',(-0.00310271936591567,-0.00567116522185016,0.014));
#8851=CARTESIAN_POINT('',(-0.00309131692151349,-0.00574828681262741,0.014));
#8852=CARTESIAN_POINT('',(-0.00308190308529452,-0.00580471480203905,0.014));
#8853=CARTESIAN_POINT('',(-0.0030763189878972,-0.00583539515793258,0.014));
#8854=CARTESIAN_POINT('',(-0.0030755448332833,-0.00583960820419182,0.014));
#8855=CARTESIAN_POINT('',(-0.00175049832900824,-0.00494957125417337,0.014));
#8856=CARTESIAN_POINT('',(-0.00175236628407699,-0.00495313062277589,0.014));
#8857=CARTESIAN_POINT('',(-0.00175694486043395,-0.00496169167975606,0.014));
#8858=CARTESIAN_POINT('',(-0.00176498361949033,-0.00497609858390999,0.014));
#8859=CARTESIAN_POINT('',(-0.00177494807421223,-0.0049931462754717,0.014));
#8860=CARTESIAN_POINT('',(-0.00178633604875375,-0.00501176445859205,0.014));
#8861=CARTESIAN_POINT('',(-0.00179921391798542,-0.0050319023288279,0.014));
#8862=CARTESIAN_POINT('',(-0.00181364656466308,-0.00505350702498506,0.014));
#8863=CARTESIAN_POINT('',(-0.00182969734554872,-0.00507652372222564,0.014));
#8864=CARTESIAN_POINT('',(-0.00184742803207456,-0.0051008956555468,0.014));
#8865=CARTESIAN_POINT('',(-0.00186689875984214,-0.00512656416554898,0.014));
#8866=CARTESIAN_POINT('',(-0.00188816797706028,-0.0051534687398446,0.014));
#8867=CARTESIAN_POINT('',(-0.0019112923947252,-0.00518154705752843,0.014));
#8868=CARTESIAN_POINT('',(-0.00193632693775677,-0.005210735034497,0.014));
#8869=CARTESIAN_POINT('',(-0.00196332469733458,-0.00524096687016691,0.014));
#8870=CARTESIAN_POINT('',(-0.00199233688439306,-0.00527217509537886,0.014));
#8871=CARTESIAN_POINT('',(-0.00202341278431817,-0.00530429062149753,0.014));
#8872=CARTESIAN_POINT('',(-0.00205659971286596,-0.00533724279065955,0.014));
#8873=CARTESIAN_POINT('',(-0.00209194297333105,-0.00537095942714006,0.014));
#8874=CARTESIAN_POINT('',(-0.00212948581498738,-0.00540536688980608,0.014));
#8875=CARTESIAN_POINT('',(-0.00216926939283663,-0.00544039012561865,0.014));
#8876=CARTESIAN_POINT('',(-0.00221133272865169,-0.00547595272417602,0.014));
#8877=CARTESIAN_POINT('',(-0.00225571267348284,-0.00551197697317147,0.014));
#8878=CARTESIAN_POINT('',(-0.00230244387109944,-0.00554838391509416,0.014));
#8879=CARTESIAN_POINT('',(-0.0023515587245021,-0.00558509340375507,0.014));
#8880=CARTESIAN_POINT('',(-0.00240308735743745,-0.00562202416590965,0.014));
#8881=CARTESIAN_POINT('',(-0.00245705760189895,-0.00565909384763856,0.014));
#8882=CARTESIAN_POINT('',(-0.00251349489323199,-0.00569621912309995,0.014));
#8883=CARTESIAN_POINT('',(-0.00257242252530393,-0.00573331556890929,0.014));
#8884=CARTESIAN_POINT('',(-0.00263386053813112,-0.00577029843708322,0.014));
#8885=CARTESIAN_POINT('',(-0.00269782983038468,-0.00580708000323638,0.014));
#8886=CARTESIAN_POINT('',(-0.00276433635709746,-0.00584357997651954,0.014));
#8887=CARTESIAN_POINT('',(-0.00283343122332918,-0.00587968613891295,0.014));
#8888=CARTESIAN_POINT('',(-0.00288461573981861,-0.00590523772542223,0.014));
#8889=CARTESIAN_POINT('',(-0.00291271891922746,-0.00591875355645885,0.014));
#8890=CARTESIAN_POINT('',(-0.00291658238191431,-0.00592060361867834,0.014));
#8891=CARTESIAN_POINT('',(-0.00179573178612477,-0.00502639362637529,0.014));
#8892=CARTESIAN_POINT('',(-0.00169915342056922,-0.00508881705956087,0.014));
#8893=CARTESIAN_POINT('',(-0.0016627329380035,-0.00497974087447111,0.014));
#8894=CARTESIAN_POINT('',(1.77714311933273E-16,5.40983873873886E-16,0.014));
#8895=CARTESIAN_POINT('',(-0.00158183904230033,-0.00500602489449008,0.014));
#8896=CARTESIAN_POINT('',(-0.0016164876259334,-0.00511567680444278,0.014));
#8897=CARTESIAN_POINT('',(-0.00150166251348606,-0.0051219425251125,0.014));
#8898=CARTESIAN_POINT('',(-0.00149310209158125,-0.00503320436144964,0.014));
#8899=CARTESIAN_POINT('',(-0.00149368302855794,-0.00503718190757969,0.014));
#8900=CARTESIAN_POINT('',(-0.00149501094551209,-0.00504679916782556,0.014));
#8901=CARTESIAN_POINT('',(-0.00149697561861467,-0.0050631796621425,0.014));
#8902=CARTESIAN_POINT('',(-0.00149893458709058,-0.00508282849386346,0.014));
#8903=CARTESIAN_POINT('',(-0.0015006650156176,-0.00510458460390119,0.014));
#8904=CARTESIAN_POINT('',(-0.00150208334369505,-0.00512844590476783,0.014));
#8905=CARTESIAN_POINT('',(-0.00150310600904046,-0.00515440776798596,0.014));
#8906=CARTESIAN_POINT('',(-0.00150364952972547,-0.00518246307950033,0.014));
#8907=CARTESIAN_POINT('',(-0.00150363056598017,-0.00521260222379583,0.014));
#8908=CARTESIAN_POINT('',(-0.00150296598795095,-0.00524481309124106,0.014));
#8909=CARTESIAN_POINT('',(-0.0015015729417546,-0.00527908108128127,0.014));
#8910=CARTESIAN_POINT('',(-0.0014993689159224,-0.00531538910913224,0.014));
#8911=CARTESIAN_POINT('',(-0.00149627180756982,-0.00535371761372307,0.014));
#8912=CARTESIAN_POINT('',(-0.00149219998841782,-0.00539404456747596,0.014));
#8913=CARTESIAN_POINT('',(-0.00148707237057333,-0.00543634548772644,0.014));
#8914=CARTESIAN_POINT('',(-0.0014808084720406,-0.00548059344981742,0.014));
#8915=CARTESIAN_POINT('',(-0.00147332848191881,-0.00552675910184029,0.014));
#8916=CARTESIAN_POINT('',(-0.00146455332524608,-0.0055748106810155,0.014));
#8917=CARTESIAN_POINT('',(-0.00145440472745287,-0.00562471403170037,0.014));
#8918=CARTESIAN_POINT('',(-0.00144280527837398,-0.00567643262501396,0.014));
#8919=CARTESIAN_POINT('',(-0.00142967849582471,-0.00572992758006533,0.014));
#8920=CARTESIAN_POINT('',(-0.00141494888853134,-0.00578515768678154,0.014));
#8921=CARTESIAN_POINT('',(-0.00139854201903523,-0.00584207943029122,0.014));
#8922=CARTESIAN_POINT('',(-0.00138038456401033,-0.00590064701697131,0.014));
#8923=CARTESIAN_POINT('',(-0.0013604043816191,-0.00596081240167977,0.014));
#8924=CARTESIAN_POINT('',(-0.00133853054888661,-0.00602252531793162,0.014));
#8925=CARTESIAN_POINT('',(-0.0013146935104852,-0.00608573330422563,0.014));
#8926=CARTESIAN_POINT('',(-0.00128882479845991,-0.0061503817524007,0.014));
#8927=CARTESIAN_POINT('',(-0.00126085838648221,-0.00621641387912411,0.014));
#8928=CARTESIAN_POINT('',(-0.00123072580407198,-0.00628377099780798,0.014));
#8929=CARTESIAN_POINT('',(-0.0011983750397294,-0.00635239165207125,0.014));
#8930=CARTESIAN_POINT('',(-0.00116369878849561,-0.00642221509442931,0.014));
#8931=CARTESIAN_POINT('',(-0.00113730849052961,-0.00647297226608676,0.014));
#8932=CARTESIAN_POINT('',(-0.0011225169469477,-0.00650042543748754,0.014));
#8933=CARTESIAN_POINT('',(-0.00112047877926533,-0.00650419305565387,0.014));
#8934=CARTESIAN_POINT('',(-0.000135321210157774,-0.00524825572643725,0.014));
#8935=CARTESIAN_POINT('',(-0.000135997835610632,-0.00525221811700155,0.014));
#8936=CARTESIAN_POINT('',(-0.000137706808393586,-0.00526177502393325,0.014));
#8937=CARTESIAN_POINT('',(-0.000140900144357182,-0.0052779609171706,0.014));
#8938=CARTESIAN_POINT('',(-0.000145108877544346,-0.0052972534211669,0.014));
#8939=CARTESIAN_POINT('',(-0.00015018614995089,-0.00531847944320992,0.014));
#8940=CARTESIAN_POINT('',(-0.000156210787266272,-0.00534161117636596,0.014));
#8941=CARTESIAN_POINT('',(-0.000163260831665569,-0.00536661839652601,0.014));
#8942=CARTESIAN_POINT('',(-0.000171413480816772,-0.00539346854048691,0.014));
#8943=CARTESIAN_POINT('',(-0.000180745024193543,-0.00542212670994513,0.014));
#8944=CARTESIAN_POINT('',(-0.000191330780902955,-0.00545255569941932,0.014));
#8945=CARTESIAN_POINT('',(-0.000203245037850992,-0.00548471601969877,0.014));
#8946=CARTESIAN_POINT('',(-0.000216560988618978,-0.00551856592474207,0.014));
#8947=CARTESIAN_POINT('',(-0.000231350672986914,-0.00555406143967866,0.014));
#8948=CARTESIAN_POINT('',(-0.000247684917165612,-0.00559115639051169,0.014));
#8949=CARTESIAN_POINT('',(-0.000265633274764783,-0.00562980243530658,0.014));
#8950=CARTESIAN_POINT('',(-0.000285263968534321,-0.00566994909688834,0.014));
#8951=CARTESIAN_POINT('',(-0.000306643832912943,-0.00571154379700831,0.014));
#8952=CARTESIAN_POINT('',(-0.000329838257419749,-0.00575453189196099,0.014));
#8953=CARTESIAN_POINT('',(-0.000354911130920113,-0.00579885670962762,0.014));
#8954=CARTESIAN_POINT('',(-0.000381924786811094,-0.00584445958792137,0.014));
#8955=CARTESIAN_POINT('',(-0.000410939949116758,-0.0058912799146227,0.014));
#8956=CARTESIAN_POINT('',(-0.000442015679692042,-0.00593925516853671,0.014));
#8957=CARTESIAN_POINT('',(-0.000475209325932261,-0.00598832096212169,0.014));
#8958=CARTESIAN_POINT('',(-0.000510576471456709,-0.00603841108490017,0.014));
#8959=CARTESIAN_POINT('',(-0.000548170880464671,-0.00608945755017295,0.014));
#8960=CARTESIAN_POINT('',(-0.000588044471515514,-0.00614139063526739,0.014));
#8961=CARTESIAN_POINT('',(-0.000630247184161423,-0.0061941389525526,0.014));
#8962=CARTESIAN_POINT('',(-0.000674827260447303,-0.00624762940881947,0.014));
#8963=CARTESIAN_POINT('',(-0.000721829948128345,-0.00630178759665179,0.014));
#8964=CARTESIAN_POINT('',(-0.000771302231347837,-0.00635653654324579,0.014));
#8965=CARTESIAN_POINT('',(-0.00082327458491546,-0.00641180172767244,0.014));
#8966=CARTESIAN_POINT('',(-0.000877830289906443,-0.00646749221658477,0.014));
#8967=CARTESIAN_POINT('',(-0.000918613783382529,-0.00650761010488019,0.014));
#8968=CARTESIAN_POINT('',(-0.000941164873804504,-0.00652914878409402,0.014));
#8969=CARTESIAN_POINT('',(-0.000944267544501831,-0.00653210217345079,0.014));
#8970=CARTESIAN_POINT('',(-0.000154601365744418,-0.00533529605108048,0.014));
#8971=CARTESIAN_POINT('',(-4.34599801481024E-5,-0.00536481990773552,0.014));
#8972=CARTESIAN_POINT('',(-4.25284377516775E-5,-0.00524982774307714,0.014));
#8973=CARTESIAN_POINT('',(1.84314369322546E-18,5.69422980989387E-16,0.014));
#8974=CARTESIAN_POINT('',(4.25284377516751E-5,-0.00524982774307714,0.014));
#8975=CARTESIAN_POINT('',(4.34599801480999E-5,-0.00536481990773551,0.014));
#8976=CARTESIAN_POINT('',(0.000154601365744416,-0.00533529605108048,0.014));
#8977=CARTESIAN_POINT('',(0.000135321210157773,-0.00524825572643725,0.014));
#8978=CARTESIAN_POINT('',(0.000135997835610631,-0.00525221811700155,0.014));
#8979=CARTESIAN_POINT('',(0.000137706808393585,-0.00526177502393325,0.014));
#8980=CARTESIAN_POINT('',(0.000140900144357181,-0.0052779609171706,0.014));
#8981=CARTESIAN_POINT('',(0.000145108877544344,-0.0052972534211669,0.014));
#8982=CARTESIAN_POINT('',(0.000150186149950888,-0.00531847944320992,0.014));
#8983=CARTESIAN_POINT('',(0.000156210787266271,-0.00534161117636596,0.014));
#8984=CARTESIAN_POINT('',(0.000163260831665567,-0.00536661839652601,0.014));
#8985=CARTESIAN_POINT('',(0.000171413480816771,-0.00539346854048691,0.014));
#8986=CARTESIAN_POINT('',(0.000180745024193541,-0.00542212670994513,0.014));
#8987=CARTESIAN_POINT('',(0.000191330780902953,-0.00545255569941932,0.014));
#8988=CARTESIAN_POINT('',(0.00020324503785099,-0.00548471601969877,0.014));
#8989=CARTESIAN_POINT('',(0.000216560988618976,-0.00551856592474207,0.014));
#8990=CARTESIAN_POINT('',(0.000231350672986913,-0.00555406143967866,0.014));
#8991=CARTESIAN_POINT('',(0.000247684917165611,-0.00559115639051169,0.014));
#8992=CARTESIAN_POINT('',(0.000265633274764781,-0.00562980243530658,0.014));
#8993=CARTESIAN_POINT('',(0.000285263968534319,-0.00566994909688834,0.014));
#8994=CARTESIAN_POINT('',(0.000306643832912942,-0.00571154379700831,0.014));
#8995=CARTESIAN_POINT('',(0.000329838257419748,-0.00575453189196099,0.014));
#8996=CARTESIAN_POINT('',(0.000354911130920112,-0.00579885670962762,0.014));
#8997=CARTESIAN_POINT('',(0.000381924786811092,-0.00584445958792137,0.014));
#8998=CARTESIAN_POINT('',(0.000410939949116756,-0.0058912799146227,0.014));
#8999=CARTESIAN_POINT('',(0.00044201567969204,-0.00593925516853671,0.014));
#9000=CARTESIAN_POINT('',(0.000475209325932259,-0.00598832096212169,0.014));
#9001=CARTESIAN_POINT('',(0.000510576471456707,-0.00603841108490017,0.014));
#9002=CARTESIAN_POINT('',(0.000548170880464669,-0.00608945755017295,0.014));
#9003=CARTESIAN_POINT('',(0.000588044471515512,-0.00614139063526739,0.014));
#9004=CARTESIAN_POINT('',(0.000630247184161421,-0.0061941389525526,0.014));
#9005=CARTESIAN_POINT('',(0.000674827260447301,-0.00624762940881947,0.014));
#9006=CARTESIAN_POINT('',(0.000721829948128343,-0.00630178759665179,0.014));
#9007=CARTESIAN_POINT('',(0.000771302231347834,-0.00635653654324579,0.014));
#9008=CARTESIAN_POINT('',(0.000823274584915457,-0.00641180172767244,0.014));
#9009=CARTESIAN_POINT('',(0.000877830289906441,-0.00646749221658477,0.014));
#9010=CARTESIAN_POINT('',(0.000918613783382527,-0.00650761010488019,0.014));
#9011=CARTESIAN_POINT('',(0.000941164873804502,-0.00652914878409402,0.014));
#9012=CARTESIAN_POINT('',(0.00094426754450183,-0.00653210217345079,0.014));
#9013=CARTESIAN_POINT('',(0.00149310209158125,-0.00503320436144964,0.014));
#9014=CARTESIAN_POINT('',(0.00149368302855794,-0.00503718190757969,0.014));
#9015=CARTESIAN_POINT('',(0.00149501094551209,-0.00504679916782556,0.014));
#9016=CARTESIAN_POINT('',(0.00149697561861467,-0.0050631796621425,0.014));
#9017=CARTESIAN_POINT('',(0.00149893458709058,-0.00508282849386346,0.014));
#9018=CARTESIAN_POINT('',(0.0015006650156176,-0.00510458460390119,0.014));
#9019=CARTESIAN_POINT('',(0.00150208334369505,-0.00512844590476783,0.014));
#9020=CARTESIAN_POINT('',(0.00150310600904046,-0.00515440776798596,0.014));
#9021=CARTESIAN_POINT('',(0.00150364952972547,-0.00518246307950034,0.014));
#9022=CARTESIAN_POINT('',(0.00150363056598017,-0.00521260222379583,0.014));
#9023=CARTESIAN_POINT('',(0.00150296598795095,-0.00524481309124106,0.014));
#9024=CARTESIAN_POINT('',(0.0015015729417546,-0.00527908108128127,0.014));
#9025=CARTESIAN_POINT('',(0.0014993689159224,-0.00531538910913224,0.014));
#9026=CARTESIAN_POINT('',(0.00149627180756982,-0.00535371761372307,0.014));
#9027=CARTESIAN_POINT('',(0.00149219998841782,-0.00539404456747596,0.014));
#9028=CARTESIAN_POINT('',(0.00148707237057333,-0.00543634548772644,0.014));
#9029=CARTESIAN_POINT('',(0.0014808084720406,-0.00548059344981742,0.014));
#9030=CARTESIAN_POINT('',(0.00147332848191881,-0.00552675910184029,0.014));
#9031=CARTESIAN_POINT('',(0.00146455332524607,-0.0055748106810155,0.014));
#9032=CARTESIAN_POINT('',(0.00145440472745287,-0.00562471403170037,0.014));
#9033=CARTESIAN_POINT('',(0.00144280527837398,-0.00567643262501396,0.014));
#9034=CARTESIAN_POINT('',(0.00142967849582471,-0.00572992758006533,0.014));
#9035=CARTESIAN_POINT('',(0.00141494888853134,-0.00578515768678154,0.014));
#9036=CARTESIAN_POINT('',(0.00139854201903523,-0.00584207943029123,0.014));
#9037=CARTESIAN_POINT('',(0.00138038456401032,-0.00590064701697131,0.014));
#9038=CARTESIAN_POINT('',(0.0013604043816191,-0.00596081240167977,0.014));
#9039=CARTESIAN_POINT('',(0.00133853054888661,-0.00602252531793162,0.014));
#9040=CARTESIAN_POINT('',(0.0013146935104852,-0.00608573330422563,0.014));
#9041=CARTESIAN_POINT('',(0.00128882479845991,-0.0061503817524007,0.014));
#9042=CARTESIAN_POINT('',(0.0012608583864822,-0.00621641387912411,0.014));
#9043=CARTESIAN_POINT('',(0.00123072580407198,-0.00628377099780798,0.014));
#9044=CARTESIAN_POINT('',(0.0011983750397294,-0.00635239165207125,0.014));
#9045=CARTESIAN_POINT('',(0.00116369878849561,-0.00642221509442931,0.014));
#9046=CARTESIAN_POINT('',(0.00113730849052961,-0.00647297226608676,0.014));
#9047=CARTESIAN_POINT('',(0.0011225169469477,-0.00650042543748754,0.014));
#9048=CARTESIAN_POINT('',(0.00112047877926533,-0.00650419305565387,0.014));
#9049=CARTESIAN_POINT('',(0.00150166251348606,-0.0051219425251125,0.014));
#9050=CARTESIAN_POINT('',(0.0016164876259334,-0.00511567680444279,0.014));
#9051=CARTESIAN_POINT('',(0.00158183904230033,-0.00500602489449008,0.014));
#9052=CARTESIAN_POINT('',(-1.74208444293453E-16,5.4212299932245E-16,0.014));
#9053=CARTESIAN_POINT('',(0.0016627329380035,-0.00497974087447111,0.014));
#9054=CARTESIAN_POINT('',(0.00169915342056922,-0.00508881705956086,0.014));
#9055=CARTESIAN_POINT('',(0.00179573178612477,-0.00502639362637529,0.014));
#9056=CARTESIAN_POINT('',(0.00175049832900824,-0.00494957125417337,0.014));
#9057=CARTESIAN_POINT('',(0.00175236628407699,-0.00495313062277589,0.014));
#9058=CARTESIAN_POINT('',(0.00175694486043395,-0.00496169167975606,0.014));
#9059=CARTESIAN_POINT('',(0.00176498361949033,-0.00497609858390999,0.014));
#9060=CARTESIAN_POINT('',(0.00177494807421223,-0.0049931462754717,0.014));
#9061=CARTESIAN_POINT('',(0.00178633604875374,-0.00501176445859205,0.014));
#9062=CARTESIAN_POINT('',(0.00179921391798542,-0.0050319023288279,0.014));
#9063=CARTESIAN_POINT('',(0.00181364656466307,-0.00505350702498507,0.014));
#9064=CARTESIAN_POINT('',(0.00182969734554872,-0.00507652372222564,0.014));
#9065=CARTESIAN_POINT('',(0.00184742803207456,-0.0051008956555468,0.014));
#9066=CARTESIAN_POINT('',(0.00186689875984214,-0.00512656416554898,0.014));
#9067=CARTESIAN_POINT('',(0.00188816797706028,-0.0051534687398446,0.014));
#9068=CARTESIAN_POINT('',(0.0019112923947252,-0.00518154705752843,0.014));
#9069=CARTESIAN_POINT('',(0.00193632693775677,-0.005210735034497,0.014));
#9070=CARTESIAN_POINT('',(0.00196332469733458,-0.00524096687016691,0.014));
#9071=CARTESIAN_POINT('',(0.00199233688439306,-0.00527217509537886,0.014));
#9072=CARTESIAN_POINT('',(0.00202341278431816,-0.00530429062149753,0.014));
#9073=CARTESIAN_POINT('',(0.00205659971286596,-0.00533724279065955,0.014));
#9074=CARTESIAN_POINT('',(0.00209194297333105,-0.00537095942714006,0.014));
#9075=CARTESIAN_POINT('',(0.00212948581498738,-0.00540536688980608,0.014));
#9076=CARTESIAN_POINT('',(0.00216926939283663,-0.00544039012561865,0.014));
#9077=CARTESIAN_POINT('',(0.00221133272865169,-0.00547595272417602,0.014));
#9078=CARTESIAN_POINT('',(0.00225571267348283,-0.00551197697317147,0.014));
#9079=CARTESIAN_POINT('',(0.00230244387109944,-0.00554838391509416,0.014));
#9080=CARTESIAN_POINT('',(0.0023515587245021,-0.00558509340375507,0.014));
#9081=CARTESIAN_POINT('',(0.00240308735743745,-0.00562202416590965,0.014));
#9082=CARTESIAN_POINT('',(0.00245705760189895,-0.00565909384763856,0.014));
#9083=CARTESIAN_POINT('',(0.00251349489323198,-0.00569621912309995,0.014));
#9084=CARTESIAN_POINT('',(0.00257242252530393,-0.00573331556890929,0.014));
#9085=CARTESIAN_POINT('',(0.00263386053813112,-0.00577029843708322,0.014));
#9086=CARTESIAN_POINT('',(0.00269782983038468,-0.00580708000323638,0.014));
#9087=CARTESIAN_POINT('',(0.00276433635709746,-0.00584357997651954,0.014));
#9088=CARTESIAN_POINT('',(0.00283343122332918,-0.00587968613891296,0.014));
#9089=CARTESIAN_POINT('',(0.00288461573981861,-0.00590523772542223,0.014));
#9090=CARTESIAN_POINT('',(0.00291271891922746,-0.00591875355645885,0.014));
#9091=CARTESIAN_POINT('',(0.00291658238191431,-0.00592060361867834,0.014));
#9092=CARTESIAN_POINT('',(0.00297537015754231,-0.00432546788516649,0.014));
#9093=CARTESIAN_POINT('',(0.00297715179078964,-0.00432907123693387,0.014));
#9094=CARTESIAN_POINT('',(0.0029813866117173,-0.00433780744605367,0.014));
#9095=CARTESIAN_POINT('',(0.00298831697799409,-0.00435277910453683,0.014));
#9096=CARTESIAN_POINT('',(0.00299625189064971,-0.00437086089943213,0.014));
#9097=CARTESIAN_POINT('',(0.00300462063370946,-0.00439101745783035,0.014));
#9098=CARTESIAN_POINT('',(0.00301334309134545,-0.00441327261602733,0.014));
#9099=CARTESIAN_POINT('',(0.00302233836082624,-0.0044376477942448,0.014));
#9100=CARTESIAN_POINT('',(0.00303152484775588,-0.00446416202394878,0.014));
#9101=CARTESIAN_POINT('',(0.00304082031994557,-0.00449283191364614,0.014));
#9102=CARTESIAN_POINT('',(0.00305014197412443,-0.00452367163493056,0.014));
#9103=CARTESIAN_POINT('',(0.00305940649974738,-0.00455669290510726,0.014));
#9104=CARTESIAN_POINT('',(0.00306853014425577,-0.00459190497302694,0.014));
#9105=CARTESIAN_POINT('',(0.00307742877846292,-0.00462931460619227,0.014));
#9106=CARTESIAN_POINT('',(0.00308601796236626,-0.00466892607965728,0.014));
#9107=CARTESIAN_POINT('',(0.00309421301123728,-0.00471074116656139,0.014));
#9108=CARTESIAN_POINT('',(0.00310192906197288,-0.00475475913033845,0.014));
#9109=CARTESIAN_POINT('',(0.0031090811396572,-0.00480097671858921,0.014));
#9110=CARTESIAN_POINT('',(0.00311558422429378,-0.00484938815862224,0.014));
#9111=CARTESIAN_POINT('',(0.00312135331766917,-0.00489998515466322,0.014));
#9112=CARTESIAN_POINT('',(0.00312630351029632,-0.0049527568867385,0.014));
#9113=CARTESIAN_POINT('',(0.00313035004843905,-0.00500769001121821,0.014));
#9114=CARTESIAN_POINT('',(0.00313340840101667,-0.00506476866308046,0.014));
#9115=CARTESIAN_POINT('',(0.00313539432696434,-0.00512397445966301,0.014));
#9116=CARTESIAN_POINT('',(0.00313622394064724,-0.00518528650679608,0.014));
#9117=CARTESIAN_POINT('',(0.00313581378433531,-0.00524868140388807,0.014));
#9118=CARTESIAN_POINT('',(0.00313408087307299,-0.00531413326107542,0.014));
#9119=CARTESIAN_POINT('',(0.00313094284431722,-0.00538161367828383,0.014));
#9120=CARTESIAN_POINT('',(0.00312631770632347,-0.00545109187782751,0.014));
#9121=CARTESIAN_POINT('',(0.00312012511730694,-0.00552253425880544,0.014));
#9122=CARTESIAN_POINT('',(0.00311228182281833,-0.00559590616549777,0.014));
#9123=CARTESIAN_POINT('',(0.00310271936591567,-0.00567116522185016,0.014));
#9124=CARTESIAN_POINT('',(0.00309131692151349,-0.00574828681262741,0.014));
#9125=CARTESIAN_POINT('',(0.00308190308529451,-0.00580471480203905,0.014));
#9126=CARTESIAN_POINT('',(0.0030763189878972,-0.00583539515793258,0.014));
#9127=CARTESIAN_POINT('',(0.0030755448332833,-0.00583960820419182,0.014));
#9128=CARTESIAN_POINT('',(0.00301093320319857,-0.0044072175781145,0.014));
#9129=CARTESIAN_POINT('',(0.00311820216045699,-0.00436577561251505,0.014));
#9130=CARTESIAN_POINT('',(0.0030513650955713,-0.00427219745020395,0.014));
#9131=CARTESIAN_POINT('',(-3.33207295971085E-16,4.61756241288791E-16,0.014));
#9132=CARTESIAN_POINT('',(0.00312017755334194,-0.00422220227317701,0.014));
#9133=CARTESIAN_POINT('',(0.00318852188548701,-0.00431468534172309,0.014));
#9134=CARTESIAN_POINT('',(0.00326108346768019,-0.00422547277257681,0.014));
#9135=CARTESIAN_POINT('',(0.00319432447497636,-0.00416638826186027,0.014));
#9136=CARTESIAN_POINT('',(0.00319720091120407,-0.00416919619270262,0.014));
#9137=CARTESIAN_POINT('',(0.00320420090818038,-0.00417592338382564,0.014));
#9138=CARTESIAN_POINT('',(0.00321629820058378,-0.00418714105073877,0.014));
#9139=CARTESIAN_POINT('',(0.0032310429865858,-0.00420027518303758,0.014));
#9140=CARTESIAN_POINT('',(0.00324762692896949,-0.00421446304975092,0.014));
#9141=CARTESIAN_POINT('',(0.00326609745455166,-0.00422963582201911,0.014));
#9142=CARTESIAN_POINT('',(0.0032864999354927,-0.00424572317598475,0.014));
#9143=CARTESIAN_POINT('',(0.00330887768584735,-0.00426265339181234,0.014));
#9144=CARTESIAN_POINT('',(0.00333327191238814,-0.00428035339435372,0.014));
#9145=CARTESIAN_POINT('',(0.00335972168071946,-0.00429874881228184,0.014));
#9146=CARTESIAN_POINT('',(0.00338826387903504,-0.00431776403340639,0.014));
#9147=CARTESIAN_POINT('',(0.00341893318447855,-0.00433732226236272,0.014));
#9148=CARTESIAN_POINT('',(0.00345176203067591,-0.00435734557881298,0.014));
#9149=CARTESIAN_POINT('',(0.00348678057684091,-0.00437775499660681,0.014));
#9150=CARTESIAN_POINT('',(0.00352401667834963,-0.0043984705237116,0.014));
#9151=CARTESIAN_POINT('',(0.00356349585882709,-0.00441941122290865,0.014));
#9152=CARTESIAN_POINT('',(0.00360524128375089,-0.00444049527320387,0.014));
#9153=CARTESIAN_POINT('',(0.00364927373558896,-0.00446164003191589,0.014));
#9154=CARTESIAN_POINT('',(0.00369561159048357,-0.00448276209740465,0.014));
#9155=CARTESIAN_POINT('',(0.00374427079650272,-0.00450377737239348,0.014));
#9156=CARTESIAN_POINT('',(0.00379526485344511,-0.00452460112788091,0.014));
#9157=CARTESIAN_POINT('',(0.00384860479431878,-0.00454514806747043,0.014));
#9158=CARTESIAN_POINT('',(0.00390429916809366,-0.00456533239259335,0.014));
#9159=CARTESIAN_POINT('',(0.00396235402532018,-0.00458506786661652,0.014));
#9160=CARTESIAN_POINT('',(0.00402277290057011,-0.00460426788534144,0.014));
#9161=CARTESIAN_POINT('',(0.00408555681488156,-0.00462284552497754,0.014));
#9162=CARTESIAN_POINT('',(0.00415070420960431,-0.00464071367798595,0.014));
#9163=CARTESIAN_POINT('',(0.00421821115026218,-0.0046577848547558,0.014));
#9164=CARTESIAN_POINT('',(0.00428807050747617,-0.00467397226245968,0.014));
#9165=CARTESIAN_POINT('',(0.00436027504873777,-0.0046891860122047,0.014));
#9166=CARTESIAN_POINT('',(0.00443480562638284,-0.00470334790264914,0.014));
#9167=CARTESIAN_POINT('',(0.00451167616693628,-0.00471633541578215,0.014));
#9168=CARTESIAN_POINT('',(0.00456825140934158,-0.00472481953318937,0.014));
#9169=CARTESIAN_POINT('',(0.00459915574273039,-0.00472898949233659,0.014));
#9170=CARTESIAN_POINT('',(0.00460340181476066,-0.00472955513043861,0.014));
#9171=CARTESIAN_POINT('',(0.00416638826186027,-0.00319432447497636,0.014));
#9172=CARTESIAN_POINT('',(0.00416919619270262,-0.00319720091120407,0.014));
#9173=CARTESIAN_POINT('',(0.00417592338382564,-0.00320420090818039,0.014));
#9174=CARTESIAN_POINT('',(0.00418714105073876,-0.00321629820058378,0.014));
#9175=CARTESIAN_POINT('',(0.00420027518303758,-0.0032310429865858,0.014));
#9176=CARTESIAN_POINT('',(0.00421446304975092,-0.00324762692896949,0.014));
#9177=CARTESIAN_POINT('',(0.00422963582201911,-0.00326609745455166,0.014));
#9178=CARTESIAN_POINT('',(0.00424572317598475,-0.00328649993549271,0.014));
#9179=CARTESIAN_POINT('',(0.00426265339181234,-0.00330887768584735,0.014));
#9180=CARTESIAN_POINT('',(0.00428035339435372,-0.00333327191238814,0.014));
#9181=CARTESIAN_POINT('',(0.00429874881228184,-0.00335972168071946,0.014));
#9182=CARTESIAN_POINT('',(0.00431776403340639,-0.00338826387903504,0.014));
#9183=CARTESIAN_POINT('',(0.00433732226236272,-0.00341893318447856,0.014));
#9184=CARTESIAN_POINT('',(0.00435734557881297,-0.00345176203067592,0.014));
#9185=CARTESIAN_POINT('',(0.00437775499660681,-0.00348678057684092,0.014));
#9186=CARTESIAN_POINT('',(0.0043984705237116,-0.00352401667834964,0.014));
#9187=CARTESIAN_POINT('',(0.00441941122290865,-0.0035634958588271,0.014));
#9188=CARTESIAN_POINT('',(0.00444049527320387,-0.00360524128375089,0.014));
#9189=CARTESIAN_POINT('',(0.00446164003191589,-0.00364927373558897,0.014));
#9190=CARTESIAN_POINT('',(0.00448276209740465,-0.00369561159048357,0.014));
#9191=CARTESIAN_POINT('',(0.00450377737239348,-0.00374427079650273,0.014));
#9192=CARTESIAN_POINT('',(0.00452460112788091,-0.00379526485344512,0.014));
#9193=CARTESIAN_POINT('',(0.00454514806747042,-0.00384860479431878,0.014));
#9194=CARTESIAN_POINT('',(0.00456533239259335,-0.00390429916809367,0.014));
#9195=CARTESIAN_POINT('',(0.00458506786661652,-0.00396235402532019,0.014));
#9196=CARTESIAN_POINT('',(0.00460426788534144,-0.00402277290057011,0.014));
#9197=CARTESIAN_POINT('',(0.00462284552497754,-0.00408555681488156,0.014));
#9198=CARTESIAN_POINT('',(0.00464071367798595,-0.00415070420960431,0.014));
#9199=CARTESIAN_POINT('',(0.0046577848547558,-0.00421821115026218,0.014));
#9200=CARTESIAN_POINT('',(0.00467397226245967,-0.00428807050747617,0.014));
#9201=CARTESIAN_POINT('',(0.00468918601220469,-0.00436027504873777,0.014));
#9202=CARTESIAN_POINT('',(0.00470334790264914,-0.00443480562638284,0.014));
#9203=CARTESIAN_POINT('',(0.00471633541578214,-0.00451167616693628,0.014));
#9204=CARTESIAN_POINT('',(0.00472481953318936,-0.00456825140934158,0.014));
#9205=CARTESIAN_POINT('',(0.00472898949233659,-0.00459915574273039,0.014));
#9206=CARTESIAN_POINT('',(0.00472955513043861,-0.00460340181476067,0.014));
#9207=CARTESIAN_POINT('',(0.00422547277257681,-0.00326108346768019,0.014));
#9208=CARTESIAN_POINT('',(0.00431468534172309,-0.00318852188548702,0.014));
#9209=CARTESIAN_POINT('',(0.004222202273177,-0.00312017755334195,0.014));
#9210=CARTESIAN_POINT('',(-4.59589495927323E-16,3.36189565112874E-16,0.014));
#9211=CARTESIAN_POINT('',(0.00427219745020395,-0.0030513650955713,0.014));
#9212=CARTESIAN_POINT('',(0.00436577561251504,-0.00311820216045699,0.014));
#9213=CARTESIAN_POINT('',(0.0044072175781145,-0.00301093320319857,0.014));
#9214=CARTESIAN_POINT('',(0.00432546788516649,-0.00297537015754231,0.014));
#9215=CARTESIAN_POINT('',(0.00432907123693387,-0.00297715179078964,0.014));
#9216=CARTESIAN_POINT('',(0.00433780744605367,-0.0029813866117173,0.014));
#9217=CARTESIAN_POINT('',(0.00435277910453683,-0.00298831697799409,0.014));
#9218=CARTESIAN_POINT('',(0.00437086089943213,-0.00299625189064971,0.014));
#9219=CARTESIAN_POINT('',(0.00439101745783035,-0.00300462063370947,0.014));
#9220=CARTESIAN_POINT('',(0.00441327261602733,-0.00301334309134545,0.014));
#9221=CARTESIAN_POINT('',(0.0044376477942448,-0.00302233836082624,0.014));
#9222=CARTESIAN_POINT('',(0.00446416202394877,-0.00303152484775588,0.014));
#9223=CARTESIAN_POINT('',(0.00449283191364614,-0.00304082031994557,0.014));
#9224=CARTESIAN_POINT('',(0.00452367163493056,-0.00305014197412443,0.014));
#9225=CARTESIAN_POINT('',(0.00455669290510726,-0.00305940649974738,0.014));
#9226=CARTESIAN_POINT('',(0.00459190497302694,-0.00306853014425577,0.014));
#9227=CARTESIAN_POINT('',(0.00462931460619227,-0.00307742877846292,0.014));
#9228=CARTESIAN_POINT('',(0.00466892607965727,-0.00308601796236626,0.014));
#9229=CARTESIAN_POINT('',(0.00471074116656139,-0.00309421301123729,0.014));
#9230=CARTESIAN_POINT('',(0.00475475913033845,-0.00310192906197289,0.014));
#9231=CARTESIAN_POINT('',(0.00480097671858921,-0.0031090811396572,0.014));
#9232=CARTESIAN_POINT('',(0.00484938815862224,-0.00311558422429378,0.014));
#9233=CARTESIAN_POINT('',(0.00489998515466322,-0.00312135331766917,0.014));
#9234=CARTESIAN_POINT('',(0.0049527568867385,-0.00312630351029632,0.014));
#9235=CARTESIAN_POINT('',(0.00500769001121821,-0.00313035004843905,0.014));
#9236=CARTESIAN_POINT('',(0.00506476866308045,-0.00313340840101667,0.014));
#9237=CARTESIAN_POINT('',(0.00512397445966301,-0.00313539432696434,0.014));
#9238=CARTESIAN_POINT('',(0.00518528650679608,-0.00313622394064724,0.014));
#9239=CARTESIAN_POINT('',(0.00524868140388807,-0.00313581378433532,0.014));
#9240=CARTESIAN_POINT('',(0.00531413326107542,-0.003134080873073,0.014));
#9241=CARTESIAN_POINT('',(0.00538161367828383,-0.00313094284431722,0.014));
#9242=CARTESIAN_POINT('',(0.00545109187782751,-0.00312631770632347,0.014));
#9243=CARTESIAN_POINT('',(0.00552253425880544,-0.00312012511730694,0.014));
#9244=CARTESIAN_POINT('',(0.00559590616549777,-0.00311228182281834,0.014));
#9245=CARTESIAN_POINT('',(0.00567116522185016,-0.00310271936591568,0.014));
#9246=CARTESIAN_POINT('',(0.00574828681262741,-0.00309131692151349,0.014));
#9247=CARTESIAN_POINT('',(0.00580471480203905,-0.00308190308529452,0.014));
#9248=CARTESIAN_POINT('',(0.00583539515793258,-0.00307631898789721,0.014));
#9249=CARTESIAN_POINT('',(0.00583960820419182,-0.0030755448332833,0.014));
#9250=CARTESIAN_POINT('',(0.00494957125417337,-0.00175049832900824,0.014));
#9251=CARTESIAN_POINT('',(0.00495313062277589,-0.00175236628407699,0.014));
#9252=CARTESIAN_POINT('',(0.00496169167975606,-0.00175694486043395,0.014));
#9253=CARTESIAN_POINT('',(0.00497609858390999,-0.00176498361949033,0.014));
#9254=CARTESIAN_POINT('',(0.0049931462754717,-0.00177494807421223,0.014));
#9255=CARTESIAN_POINT('',(0.00501176445859205,-0.00178633604875375,0.014));
#9256=CARTESIAN_POINT('',(0.0050319023288279,-0.00179921391798542,0.014));
#9257=CARTESIAN_POINT('',(0.00505350702498506,-0.00181364656466308,0.014));
#9258=CARTESIAN_POINT('',(0.00507652372222564,-0.00182969734554872,0.014));
#9259=CARTESIAN_POINT('',(0.0051008956555468,-0.00184742803207456,0.014));
#9260=CARTESIAN_POINT('',(0.00512656416554898,-0.00186689875984214,0.014));
#9261=CARTESIAN_POINT('',(0.0051534687398446,-0.00188816797706028,0.014));
#9262=CARTESIAN_POINT('',(0.00518154705752843,-0.0019112923947252,0.014));
#9263=CARTESIAN_POINT('',(0.005210735034497,-0.00193632693775677,0.014));
#9264=CARTESIAN_POINT('',(0.00524096687016691,-0.00196332469733458,0.014));
#9265=CARTESIAN_POINT('',(0.00527217509537886,-0.00199233688439307,0.014));
#9266=CARTESIAN_POINT('',(0.00530429062149753,-0.00202341278431817,0.014));
#9267=CARTESIAN_POINT('',(0.00533724279065955,-0.00205659971286596,0.014));
#9268=CARTESIAN_POINT('',(0.00537095942714006,-0.00209194297333105,0.014));
#9269=CARTESIAN_POINT('',(0.00540536688980608,-0.00212948581498738,0.014));
#9270=CARTESIAN_POINT('',(0.00544039012561865,-0.00216926939283663,0.014));
#9271=CARTESIAN_POINT('',(0.00547595272417602,-0.00221133272865169,0.014));
#9272=CARTESIAN_POINT('',(0.00551197697317147,-0.00225571267348284,0.014));
#9273=CARTESIAN_POINT('',(0.00554838391509416,-0.00230244387109944,0.014));
#9274=CARTESIAN_POINT('',(0.00558509340375507,-0.0023515587245021,0.014));
#9275=CARTESIAN_POINT('',(0.00562202416590965,-0.00240308735743745,0.014));
#9276=CARTESIAN_POINT('',(0.00565909384763856,-0.00245705760189895,0.014));
#9277=CARTESIAN_POINT('',(0.00569621912309995,-0.00251349489323199,0.014));
#9278=CARTESIAN_POINT('',(0.00573331556890929,-0.00257242252530393,0.014));
#9279=CARTESIAN_POINT('',(0.00577029843708322,-0.00263386053813112,0.014));
#9280=CARTESIAN_POINT('',(0.00580708000323638,-0.00269782983038468,0.014));
#9281=CARTESIAN_POINT('',(0.00584357997651954,-0.00276433635709746,0.014));
#9282=CARTESIAN_POINT('',(0.00587968613891295,-0.00283343122332918,0.014));
#9283=CARTESIAN_POINT('',(0.00590523772542223,-0.00288461573981861,0.014));
#9284=CARTESIAN_POINT('',(0.00591875355645885,-0.00291271891922746,0.014));
#9285=CARTESIAN_POINT('',(0.00592060361867834,-0.00291658238191431,0.014));
#9286=CARTESIAN_POINT('',(0.00502639362637529,-0.00179573178612477,0.014));
#9287=CARTESIAN_POINT('',(0.00508881705956087,-0.00169915342056922,0.014));
#9288=CARTESIAN_POINT('',(0.00497974087447111,-0.0016627329380035,0.014));
#9289=CARTESIAN_POINT('',(-5.40983873873886E-16,1.77714311933273E-16,0.014));
#9290=CARTESIAN_POINT('',(0.00500602489449008,-0.00158183904230033,0.014));
#9291=CARTESIAN_POINT('',(0.00511567680444278,-0.0016164876259334,0.014));
#9292=CARTESIAN_POINT('',(0.0051219425251125,-0.00150166251348606,0.014));
#9293=CARTESIAN_POINT('',(0.00503320436144964,-0.00149310209158125,0.014));
#9294=CARTESIAN_POINT('',(0.00503718190757969,-0.00149368302855794,0.014));
#9295=CARTESIAN_POINT('',(0.00504679916782556,-0.00149501094551209,0.014));
#9296=CARTESIAN_POINT('',(0.0050631796621425,-0.00149697561861467,0.014));
#9297=CARTESIAN_POINT('',(0.00508282849386346,-0.00149893458709058,0.014));
#9298=CARTESIAN_POINT('',(0.00510458460390119,-0.0015006650156176,0.014));
#9299=CARTESIAN_POINT('',(0.00512844590476783,-0.00150208334369505,0.014));
#9300=CARTESIAN_POINT('',(0.00515440776798596,-0.00150310600904046,0.014));
#9301=CARTESIAN_POINT('',(0.00518246307950033,-0.00150364952972547,0.014));
#9302=CARTESIAN_POINT('',(0.00521260222379583,-0.00150363056598017,0.014));
#9303=CARTESIAN_POINT('',(0.00524481309124106,-0.00150296598795095,0.014));
#9304=CARTESIAN_POINT('',(0.00527908108128127,-0.0015015729417546,0.014));
#9305=CARTESIAN_POINT('',(0.00531538910913224,-0.0014993689159224,0.014));
#9306=CARTESIAN_POINT('',(0.00535371761372307,-0.00149627180756982,0.014));
#9307=CARTESIAN_POINT('',(0.00539404456747596,-0.00149219998841782,0.014));
#9308=CARTESIAN_POINT('',(0.00543634548772644,-0.00148707237057333,0.014));
#9309=CARTESIAN_POINT('',(0.00548059344981742,-0.0014808084720406,0.014));
#9310=CARTESIAN_POINT('',(0.00552675910184029,-0.00147332848191881,0.014));
#9311=CARTESIAN_POINT('',(0.0055748106810155,-0.00146455332524608,0.014));
#9312=CARTESIAN_POINT('',(0.00562471403170037,-0.00145440472745287,0.014));
#9313=CARTESIAN_POINT('',(0.00567643262501396,-0.00144280527837398,0.014));
#9314=CARTESIAN_POINT('',(0.00572992758006533,-0.00142967849582471,0.014));
#9315=CARTESIAN_POINT('',(0.00578515768678154,-0.00141494888853134,0.014));
#9316=CARTESIAN_POINT('',(0.00584207943029122,-0.00139854201903523,0.014));
#9317=CARTESIAN_POINT('',(0.00590064701697131,-0.00138038456401033,0.014));
#9318=CARTESIAN_POINT('',(0.00596081240167977,-0.0013604043816191,0.014));
#9319=CARTESIAN_POINT('',(0.00602252531793162,-0.00133853054888661,0.014));
#9320=CARTESIAN_POINT('',(0.00608573330422563,-0.0013146935104852,0.014));
#9321=CARTESIAN_POINT('',(0.0061503817524007,-0.00128882479845991,0.014));
#9322=CARTESIAN_POINT('',(0.00621641387912411,-0.00126085838648221,0.014));
#9323=CARTESIAN_POINT('',(0.00628377099780798,-0.00123072580407198,0.014));
#9324=CARTESIAN_POINT('',(0.00635239165207125,-0.0011983750397294,0.014));
#9325=CARTESIAN_POINT('',(0.00642221509442931,-0.00116369878849561,0.014));
#9326=CARTESIAN_POINT('',(0.00647297226608676,-0.00113730849052962,0.014));
#9327=CARTESIAN_POINT('',(0.00650042543748754,-0.0011225169469477,0.014));
#9328=CARTESIAN_POINT('',(0.00650419305565387,-0.00112047877926533,0.014));
#9329=CARTESIAN_POINT('',(0.00650419305565387,-0.00112047877926533,0.014));
#9330=CARTESIAN_POINT('',(0.,5.57214293612046E-19,0.014));
#9331=CARTESIAN_POINT('',(0.00653210217345078,-0.000944267544501832,0.014));
#9332=CARTESIAN_POINT('',(0.00524825572643725,-0.000135321210157773,0.014));
#9333=CARTESIAN_POINT('',(0.00525221811700155,-0.000135997835610631,0.014));
#9334=CARTESIAN_POINT('',(0.00526177502393325,-0.000137706808393585,0.014));
#9335=CARTESIAN_POINT('',(0.0052779609171706,-0.000140900144357181,0.014));
#9336=CARTESIAN_POINT('',(0.0052972534211669,-0.000145108877544345,0.014));
#9337=CARTESIAN_POINT('',(0.00531847944320992,-0.000150186149950889,0.014));
#9338=CARTESIAN_POINT('',(0.00534161117636596,-0.000156210787266272,0.014));
#9339=CARTESIAN_POINT('',(0.00536661839652601,-0.000163260831665568,0.014));
#9340=CARTESIAN_POINT('',(0.00539346854048691,-0.000171413480816771,0.014));
#9341=CARTESIAN_POINT('',(0.00542212670994513,-0.000180745024193542,0.014));
#9342=CARTESIAN_POINT('',(0.00545255569941932,-0.000191330780902954,0.014));
#9343=CARTESIAN_POINT('',(0.00548471601969877,-0.000203245037850991,0.014));
#9344=CARTESIAN_POINT('',(0.00551856592474207,-0.000216560988618977,0.014));
#9345=CARTESIAN_POINT('',(0.00555406143967866,-0.000231350672986914,0.014));
#9346=CARTESIAN_POINT('',(0.00559115639051169,-0.000247684917165611,0.014));
#9347=CARTESIAN_POINT('',(0.00562980243530658,-0.000265633274764782,0.014));
#9348=CARTESIAN_POINT('',(0.00566994909688834,-0.000285263968534319,0.014));
#9349=CARTESIAN_POINT('',(0.00571154379700831,-0.000306643832912942,0.014));
#9350=CARTESIAN_POINT('',(0.00575453189196099,-0.000329838257419748,0.014));
#9351=CARTESIAN_POINT('',(0.00579885670962762,-0.000354911130920112,0.014));
#9352=CARTESIAN_POINT('',(0.00584445958792137,-0.000381924786811093,0.014));
#9353=CARTESIAN_POINT('',(0.0058912799146227,-0.000410939949116757,0.014));
#9354=CARTESIAN_POINT('',(0.00593925516853671,-0.000442015679692041,0.014));
#9355=CARTESIAN_POINT('',(0.00598832096212169,-0.00047520932593226,0.014));
#9356=CARTESIAN_POINT('',(0.00603841108490017,-0.000510576471456708,0.014));
#9357=CARTESIAN_POINT('',(0.00608945755017295,-0.00054817088046467,0.014));
#9358=CARTESIAN_POINT('',(0.00614139063526739,-0.000588044471515513,0.014));
#9359=CARTESIAN_POINT('',(0.0061941389525526,-0.000630247184161422,0.014));
#9360=CARTESIAN_POINT('',(0.00624762940881947,-0.000674827260447302,0.014));
#9361=CARTESIAN_POINT('',(0.00630178759665179,-0.000721829948128344,0.014));
#9362=CARTESIAN_POINT('',(0.00635653654324579,-0.000771302231347835,0.014));
#9363=CARTESIAN_POINT('',(0.00641180172767244,-0.000823274584915458,0.014));
#9364=CARTESIAN_POINT('',(0.00646749221658477,-0.000877830289906441,0.014));
#9365=CARTESIAN_POINT('',(0.00650761010488019,-0.000918613783382528,0.014));
#9366=CARTESIAN_POINT('',(0.00652914878409402,-0.000941164873804503,0.014));
#9367=CARTESIAN_POINT('',(0.00653210217345079,-0.00094426754450183,0.014));
#9368=CARTESIAN_POINT('',(0.00533529605108048,-0.000154601365744417,0.014));
#9369=CARTESIAN_POINT('',(0.00536481990773552,-4.34599801481014E-5,0.014));
#9370=CARTESIAN_POINT('',(0.00524982774307714,-4.25284377516766E-5,0.014));
#9371=CARTESIAN_POINT('',(-5.69422980989387E-16,1.84314369322536E-18,0.014));
#9372=CARTESIAN_POINT('',(0.00524982774307714,4.25284377516761E-5,0.014));
#9373=CARTESIAN_POINT('',(0.00536481990773551,4.34599801481009E-5,0.014));
#9374=CARTESIAN_POINT('',(0.00533529605108048,0.000154601365744417,0.014));
#9375=CARTESIAN_POINT('',(0.00524825572643725,0.000135321210157774,0.014));
#9376=CARTESIAN_POINT('',(0.00525221811700155,0.000135997835610632,0.014));
#9377=CARTESIAN_POINT('',(0.00526177502393325,0.000137706808393586,0.014));
#9378=CARTESIAN_POINT('',(0.0052779609171706,0.000140900144357182,0.014));
#9379=CARTESIAN_POINT('',(0.0052972534211669,0.000145108877544345,0.014));
#9380=CARTESIAN_POINT('',(0.00531847944320992,0.00015018614995089,0.014));
#9381=CARTESIAN_POINT('',(0.00534161117636596,0.000156210787266272,0.014));
#9382=CARTESIAN_POINT('',(0.00536661839652601,0.000163260831665568,0.014));
#9383=CARTESIAN_POINT('',(0.00539346854048691,0.000171413480816772,0.014));
#9384=CARTESIAN_POINT('',(0.00542212670994513,0.000180745024193542,0.014));
#9385=CARTESIAN_POINT('',(0.00545255569941932,0.000191330780902954,0.014));
#9386=CARTESIAN_POINT('',(0.00548471601969877,0.000203245037850992,0.014));
#9387=CARTESIAN_POINT('',(0.00551856592474207,0.000216560988618977,0.014));
#9388=CARTESIAN_POINT('',(0.00555406143967866,0.000231350672986914,0.014));
#9389=CARTESIAN_POINT('',(0.00559115639051169,0.000247684917165611,0.014));
#9390=CARTESIAN_POINT('',(0.00562980243530658,0.000265633274764782,0.014));
#9391=CARTESIAN_POINT('',(0.00566994909688834,0.000285263968534319,0.014));
#9392=CARTESIAN_POINT('',(0.00571154379700831,0.000306643832912943,0.014));
#9393=CARTESIAN_POINT('',(0.00575453189196099,0.000329838257419748,0.014));
#9394=CARTESIAN_POINT('',(0.00579885670962762,0.000354911130920113,0.014));
#9395=CARTESIAN_POINT('',(0.00584445958792137,0.000381924786811093,0.014));
#9396=CARTESIAN_POINT('',(0.0058912799146227,0.000410939949116757,0.014));
#9397=CARTESIAN_POINT('',(0.00593925516853671,0.000442015679692041,0.014));
#9398=CARTESIAN_POINT('',(0.00598832096212169,0.00047520932593226,0.014));
#9399=CARTESIAN_POINT('',(0.00603841108490017,0.000510576471456708,0.014));
#9400=CARTESIAN_POINT('',(0.00608945755017295,0.00054817088046467,0.014));
#9401=CARTESIAN_POINT('',(0.00614139063526739,0.000588044471515513,0.014));
#9402=CARTESIAN_POINT('',(0.0061941389525526,0.000630247184161422,0.014));
#9403=CARTESIAN_POINT('',(0.00624762940881947,0.000674827260447302,0.014));
#9404=CARTESIAN_POINT('',(0.00630178759665179,0.000721829948128344,0.014));
#9405=CARTESIAN_POINT('',(0.00635653654324579,0.000771302231347836,0.014));
#9406=CARTESIAN_POINT('',(0.00641180172767244,0.000823274584915459,0.014));
#9407=CARTESIAN_POINT('',(0.00646749221658477,0.000877830289906442,0.014));
#9408=CARTESIAN_POINT('',(0.00650761010488019,0.000918613783382528,0.014));
#9409=CARTESIAN_POINT('',(0.00652914878409402,0.000941164873804503,0.014));
#9410=CARTESIAN_POINT('',(0.00653210217345079,0.000944267544501831,0.014));
#9411=CARTESIAN_POINT('',(0.00503320436144964,0.00149310209158125,0.014));
#9412=CARTESIAN_POINT('',(0.00503718190757969,0.00149368302855794,0.014));
#9413=CARTESIAN_POINT('',(0.00504679916782556,0.00149501094551209,0.014));
#9414=CARTESIAN_POINT('',(0.0050631796621425,0.00149697561861467,0.014));
#9415=CARTESIAN_POINT('',(0.00508282849386346,0.00149893458709058,0.014));
#9416=CARTESIAN_POINT('',(0.00510458460390119,0.0015006650156176,0.014));
#9417=CARTESIAN_POINT('',(0.00512844590476783,0.00150208334369505,0.014));
#9418=CARTESIAN_POINT('',(0.00515440776798596,0.00150310600904046,0.014));
#9419=CARTESIAN_POINT('',(0.00518246307950033,0.00150364952972547,0.014));
#9420=CARTESIAN_POINT('',(0.00521260222379583,0.00150363056598017,0.014));
#9421=CARTESIAN_POINT('',(0.00524481309124106,0.00150296598795095,0.014));
#9422=CARTESIAN_POINT('',(0.00527908108128127,0.0015015729417546,0.014));
#9423=CARTESIAN_POINT('',(0.00531538910913224,0.0014993689159224,0.014));
#9424=CARTESIAN_POINT('',(0.00535371761372307,0.00149627180756982,0.014));
#9425=CARTESIAN_POINT('',(0.00539404456747596,0.00149219998841782,0.014));
#9426=CARTESIAN_POINT('',(0.00543634548772644,0.00148707237057333,0.014));
#9427=CARTESIAN_POINT('',(0.00548059344981742,0.0014808084720406,0.014));
#9428=CARTESIAN_POINT('',(0.00552675910184029,0.00147332848191881,0.014));
#9429=CARTESIAN_POINT('',(0.0055748106810155,0.00146455332524607,0.014));
#9430=CARTESIAN_POINT('',(0.00562471403170037,0.00145440472745287,0.014));
#9431=CARTESIAN_POINT('',(0.00567643262501396,0.00144280527837398,0.014));
#9432=CARTESIAN_POINT('',(0.00572992758006533,0.00142967849582471,0.014));
#9433=CARTESIAN_POINT('',(0.00578515768678154,0.00141494888853134,0.014));
#9434=CARTESIAN_POINT('',(0.00584207943029122,0.00139854201903523,0.014));
#9435=CARTESIAN_POINT('',(0.00590064701697131,0.00138038456401033,0.014));
#9436=CARTESIAN_POINT('',(0.00596081240167977,0.0013604043816191,0.014));
#9437=CARTESIAN_POINT('',(0.00602252531793162,0.00133853054888661,0.014));
#9438=CARTESIAN_POINT('',(0.00608573330422563,0.0013146935104852,0.014));
#9439=CARTESIAN_POINT('',(0.0061503817524007,0.00128882479845991,0.014));
#9440=CARTESIAN_POINT('',(0.00621641387912411,0.00126085838648221,0.014));
#9441=CARTESIAN_POINT('',(0.00628377099780798,0.00123072580407198,0.014));
#9442=CARTESIAN_POINT('',(0.00635239165207125,0.0011983750397294,0.014));
#9443=CARTESIAN_POINT('',(0.00642221509442931,0.00116369878849561,0.014));
#9444=CARTESIAN_POINT('',(0.00647297226608676,0.00113730849052961,0.014));
#9445=CARTESIAN_POINT('',(0.00650042543748754,0.0011225169469477,0.014));
#9446=CARTESIAN_POINT('',(0.00650419305565387,0.00112047877926533,0.014));
#9447=CARTESIAN_POINT('',(0.0051219425251125,0.00150166251348606,0.014));
#9448=CARTESIAN_POINT('',(0.00511567680444279,0.0016164876259334,0.014));
#9449=CARTESIAN_POINT('',(0.00500602489449008,0.00158183904230033,0.014));
#9450=CARTESIAN_POINT('',(-5.42122999322449E-16,-1.74208444293453E-16,0.014));
#9451=CARTESIAN_POINT('',(0.00497974087447111,0.0016627329380035,0.014));
#9452=CARTESIAN_POINT('',(0.00508881705956086,0.00169915342056922,0.014));
#9453=CARTESIAN_POINT('',(0.00502639362637529,0.00179573178612477,0.014));
#9454=CARTESIAN_POINT('',(0.00494957125417337,0.00175049832900824,0.014));
#9455=CARTESIAN_POINT('',(0.00495313062277589,0.00175236628407699,0.014));
#9456=CARTESIAN_POINT('',(0.00496169167975606,0.00175694486043395,0.014));
#9457=CARTESIAN_POINT('',(0.00497609858390999,0.00176498361949033,0.014));
#9458=CARTESIAN_POINT('',(0.0049931462754717,0.00177494807421223,0.014));
#9459=CARTESIAN_POINT('',(0.00501176445859205,0.00178633604875375,0.014));
#9460=CARTESIAN_POINT('',(0.0050319023288279,0.00179921391798542,0.014));
#9461=CARTESIAN_POINT('',(0.00505350702498506,0.00181364656466308,0.014));
#9462=CARTESIAN_POINT('',(0.00507652372222564,0.00182969734554872,0.014));
#9463=CARTESIAN_POINT('',(0.0051008956555468,0.00184742803207456,0.014));
#9464=CARTESIAN_POINT('',(0.00512656416554898,0.00186689875984214,0.014));
#9465=CARTESIAN_POINT('',(0.0051534687398446,0.00188816797706028,0.014));
#9466=CARTESIAN_POINT('',(0.00518154705752843,0.0019112923947252,0.014));
#9467=CARTESIAN_POINT('',(0.005210735034497,0.00193632693775677,0.014));
#9468=CARTESIAN_POINT('',(0.00524096687016691,0.00196332469733458,0.014));
#9469=CARTESIAN_POINT('',(0.00527217509537886,0.00199233688439306,0.014));
#9470=CARTESIAN_POINT('',(0.00530429062149753,0.00202341278431816,0.014));
#9471=CARTESIAN_POINT('',(0.00533724279065955,0.00205659971286596,0.014));
#9472=CARTESIAN_POINT('',(0.00537095942714006,0.00209194297333105,0.014));
#9473=CARTESIAN_POINT('',(0.00540536688980608,0.00212948581498738,0.014));
#9474=CARTESIAN_POINT('',(0.00544039012561865,0.00216926939283663,0.014));
#9475=CARTESIAN_POINT('',(0.00547595272417602,0.00221133272865169,0.014));
#9476=CARTESIAN_POINT('',(0.00551197697317147,0.00225571267348284,0.014));
#9477=CARTESIAN_POINT('',(0.00554838391509416,0.00230244387109944,0.014));
#9478=CARTESIAN_POINT('',(0.00558509340375507,0.0023515587245021,0.014));
#9479=CARTESIAN_POINT('',(0.00562202416590965,0.00240308735743745,0.014));
#9480=CARTESIAN_POINT('',(0.00565909384763856,0.00245705760189895,0.014));
#9481=CARTESIAN_POINT('',(0.00569621912309995,0.00251349489323198,0.014));
#9482=CARTESIAN_POINT('',(0.00573331556890929,0.00257242252530393,0.014));
#9483=CARTESIAN_POINT('',(0.00577029843708322,0.00263386053813112,0.014));
#9484=CARTESIAN_POINT('',(0.00580708000323638,0.00269782983038468,0.014));
#9485=CARTESIAN_POINT('',(0.00584357997651954,0.00276433635709746,0.014));
#9486=CARTESIAN_POINT('',(0.00587968613891295,0.00283343122332918,0.014));
#9487=CARTESIAN_POINT('',(0.00590523772542223,0.00288461573981861,0.014));
#9488=CARTESIAN_POINT('',(0.00591875355645885,0.00291271891922746,0.014));
#9489=CARTESIAN_POINT('',(0.00592060361867834,0.00291658238191431,0.014));
#9490=CARTESIAN_POINT('',(0.00432546788516648,0.00297537015754231,0.014));
#9491=CARTESIAN_POINT('',(0.00432907123693387,0.00297715179078964,0.014));
#9492=CARTESIAN_POINT('',(0.00433780744605367,0.0029813866117173,0.014));
#9493=CARTESIAN_POINT('',(0.00435277910453683,0.00298831697799409,0.014));
#9494=CARTESIAN_POINT('',(0.00437086089943213,0.00299625189064971,0.014));
#9495=CARTESIAN_POINT('',(0.00439101745783035,0.00300462063370946,0.014));
#9496=CARTESIAN_POINT('',(0.00441327261602733,0.00301334309134545,0.014));
#9497=CARTESIAN_POINT('',(0.0044376477942448,0.00302233836082624,0.014));
#9498=CARTESIAN_POINT('',(0.00446416202394878,0.00303152484775588,0.014));
#9499=CARTESIAN_POINT('',(0.00449283191364614,0.00304082031994557,0.014));
#9500=CARTESIAN_POINT('',(0.00452367163493056,0.00305014197412443,0.014));
#9501=CARTESIAN_POINT('',(0.00455669290510726,0.00305940649974738,0.014));
#9502=CARTESIAN_POINT('',(0.00459190497302694,0.00306853014425577,0.014));
#9503=CARTESIAN_POINT('',(0.00462931460619227,0.00307742877846292,0.014));
#9504=CARTESIAN_POINT('',(0.00466892607965728,0.00308601796236626,0.014));
#9505=CARTESIAN_POINT('',(0.00471074116656138,0.00309421301123728,0.014));
#9506=CARTESIAN_POINT('',(0.00475475913033845,0.00310192906197289,0.014));
#9507=CARTESIAN_POINT('',(0.00480097671858921,0.0031090811396572,0.014));
#9508=CARTESIAN_POINT('',(0.00484938815862224,0.00311558422429378,0.014));
#9509=CARTESIAN_POINT('',(0.00489998515466322,0.00312135331766917,0.014));
#9510=CARTESIAN_POINT('',(0.0049527568867385,0.00312630351029632,0.014));
#9511=CARTESIAN_POINT('',(0.00500769001121821,0.00313035004843905,0.014));
#9512=CARTESIAN_POINT('',(0.00506476866308046,0.00313340840101667,0.014));
#9513=CARTESIAN_POINT('',(0.00512397445966301,0.00313539432696434,0.014));
#9514=CARTESIAN_POINT('',(0.00518528650679608,0.00313622394064724,0.014));
#9515=CARTESIAN_POINT('',(0.00524868140388807,0.00313581378433532,0.014));
#9516=CARTESIAN_POINT('',(0.00531413326107542,0.003134080873073,0.014));
#9517=CARTESIAN_POINT('',(0.00538161367828383,0.00313094284431722,0.014));
#9518=CARTESIAN_POINT('',(0.00545109187782751,0.00312631770632347,0.014));
#9519=CARTESIAN_POINT('',(0.00552253425880544,0.00312012511730694,0.014));
#9520=CARTESIAN_POINT('',(0.00559590616549777,0.00311228182281834,0.014));
#9521=CARTESIAN_POINT('',(0.00567116522185016,0.00310271936591567,0.014));
#9522=CARTESIAN_POINT('',(0.00574828681262741,0.00309131692151349,0.014));
#9523=CARTESIAN_POINT('',(0.00580471480203905,0.00308190308529452,0.014));
#9524=CARTESIAN_POINT('',(0.00583539515793258,0.0030763189878972,0.014));
#9525=CARTESIAN_POINT('',(0.00583960820419182,0.0030755448332833,0.014));
#9526=CARTESIAN_POINT('',(0.0044072175781145,0.00301093320319857,0.014));
#9527=CARTESIAN_POINT('',(0.00436577561251505,0.00311820216045699,0.014));
#9528=CARTESIAN_POINT('',(0.00427219745020395,0.0030513650955713,0.014));
#9529=CARTESIAN_POINT('',(-4.6175624128879E-16,-3.33207295971085E-16,0.014));
#9530=CARTESIAN_POINT('',(0.004222202273177,0.00312017755334195,0.014));
#9531=CARTESIAN_POINT('',(0.00431468534172309,0.00318852188548701,0.014));
#9532=CARTESIAN_POINT('',(0.00422547277257681,0.00326108346768019,0.014));
#9533=CARTESIAN_POINT('',(0.00416638826186027,0.00319432447497636,0.014));
#9534=CARTESIAN_POINT('',(0.00416919619270262,0.00319720091120407,0.014));
#9535=CARTESIAN_POINT('',(0.00417592338382564,0.00320420090818038,0.014));
#9536=CARTESIAN_POINT('',(0.00418714105073876,0.00321629820058378,0.014));
#9537=CARTESIAN_POINT('',(0.00420027518303758,0.0032310429865858,0.014));
#9538=CARTESIAN_POINT('',(0.00421446304975092,0.00324762692896949,0.014));
#9539=CARTESIAN_POINT('',(0.00422963582201911,0.00326609745455166,0.014));
#9540=CARTESIAN_POINT('',(0.00424572317598475,0.0032864999354927,0.014));
#9541=CARTESIAN_POINT('',(0.00426265339181234,0.00330887768584735,0.014));
#9542=CARTESIAN_POINT('',(0.00428035339435372,0.00333327191238814,0.014));
#9543=CARTESIAN_POINT('',(0.00429874881228184,0.00335972168071946,0.014));
#9544=CARTESIAN_POINT('',(0.00431776403340639,0.00338826387903504,0.014));
#9545=CARTESIAN_POINT('',(0.00433732226236272,0.00341893318447856,0.014));
#9546=CARTESIAN_POINT('',(0.00435734557881297,0.00345176203067592,0.014));
#9547=CARTESIAN_POINT('',(0.00437775499660681,0.00348678057684091,0.014));
#9548=CARTESIAN_POINT('',(0.0043984705237116,0.00352401667834964,0.014));
#9549=CARTESIAN_POINT('',(0.00441941122290865,0.00356349585882709,0.014));
#9550=CARTESIAN_POINT('',(0.00444049527320387,0.00360524128375089,0.014));
#9551=CARTESIAN_POINT('',(0.00446164003191589,0.00364927373558897,0.014));
#9552=CARTESIAN_POINT('',(0.00448276209740465,0.00369561159048357,0.014));
#9553=CARTESIAN_POINT('',(0.00450377737239348,0.00374427079650272,0.014));
#9554=CARTESIAN_POINT('',(0.00452460112788091,0.00379526485344512,0.014));
#9555=CARTESIAN_POINT('',(0.00454514806747043,0.00384860479431878,0.014));
#9556=CARTESIAN_POINT('',(0.00456533239259335,0.00390429916809366,0.014));
#9557=CARTESIAN_POINT('',(0.00458506786661652,0.00396235402532019,0.014));
#9558=CARTESIAN_POINT('',(0.00460426788534144,0.00402277290057011,0.014));
#9559=CARTESIAN_POINT('',(0.00462284552497754,0.00408555681488156,0.014));
#9560=CARTESIAN_POINT('',(0.00464071367798595,0.00415070420960431,0.014));
#9561=CARTESIAN_POINT('',(0.0046577848547558,0.00421821115026218,0.014));
#9562=CARTESIAN_POINT('',(0.00467397226245968,0.00428807050747617,0.014));
#9563=CARTESIAN_POINT('',(0.0046891860122047,0.00436027504873777,0.014));
#9564=CARTESIAN_POINT('',(0.00470334790264914,0.00443480562638284,0.014));
#9565=CARTESIAN_POINT('',(0.00471633541578214,0.00451167616693628,0.014));
#9566=CARTESIAN_POINT('',(0.00472481953318937,0.00456825140934158,0.014));
#9567=CARTESIAN_POINT('',(0.00472898949233659,0.00459915574273039,0.014));
#9568=CARTESIAN_POINT('',(0.00472955513043861,0.00460340181476066,0.014));
#9569=CARTESIAN_POINT('',(0.00319432447497636,0.00416638826186027,0.014));
#9570=CARTESIAN_POINT('',(0.00319720091120407,0.00416919619270262,0.014));
#9571=CARTESIAN_POINT('',(0.00320420090818038,0.00417592338382564,0.014));
#9572=CARTESIAN_POINT('',(0.00321629820058378,0.00418714105073876,0.014));
#9573=CARTESIAN_POINT('',(0.0032310429865858,0.00420027518303758,0.014));
#9574=CARTESIAN_POINT('',(0.00324762692896949,0.00421446304975092,0.014));
#9575=CARTESIAN_POINT('',(0.00326609745455166,0.00422963582201911,0.014));
#9576=CARTESIAN_POINT('',(0.0032864999354927,0.00424572317598475,0.014));
#9577=CARTESIAN_POINT('',(0.00330887768584735,0.00426265339181234,0.014));
#9578=CARTESIAN_POINT('',(0.00333327191238814,0.00428035339435372,0.014));
#9579=CARTESIAN_POINT('',(0.00335972168071946,0.00429874881228184,0.014));
#9580=CARTESIAN_POINT('',(0.00338826387903504,0.00431776403340639,0.014));
#9581=CARTESIAN_POINT('',(0.00341893318447856,0.00433732226236272,0.014));
#9582=CARTESIAN_POINT('',(0.00345176203067592,0.00435734557881298,0.014));
#9583=CARTESIAN_POINT('',(0.00348678057684091,0.00437775499660681,0.014));
#9584=CARTESIAN_POINT('',(0.00352401667834964,0.0043984705237116,0.014));
#9585=CARTESIAN_POINT('',(0.00356349585882709,0.00441941122290865,0.014));
#9586=CARTESIAN_POINT('',(0.00360524128375089,0.00444049527320387,0.014));
#9587=CARTESIAN_POINT('',(0.00364927373558897,0.00446164003191589,0.014));
#9588=CARTESIAN_POINT('',(0.00369561159048357,0.00448276209740465,0.014));
#9589=CARTESIAN_POINT('',(0.00374427079650272,0.00450377737239348,0.014));
#9590=CARTESIAN_POINT('',(0.00379526485344512,0.00452460112788091,0.014));
#9591=CARTESIAN_POINT('',(0.00384860479431878,0.00454514806747043,0.014));
#9592=CARTESIAN_POINT('',(0.00390429916809366,0.00456533239259335,0.014));
#9593=CARTESIAN_POINT('',(0.00396235402532018,0.00458506786661652,0.014));
#9594=CARTESIAN_POINT('',(0.00402277290057011,0.00460426788534144,0.014));
#9595=CARTESIAN_POINT('',(0.00408555681488156,0.00462284552497754,0.014));
#9596=CARTESIAN_POINT('',(0.00415070420960431,0.00464071367798595,0.014));
#9597=CARTESIAN_POINT('',(0.00421821115026218,0.0046577848547558,0.014));
#9598=CARTESIAN_POINT('',(0.00428807050747617,0.00467397226245968,0.014));
#9599=CARTESIAN_POINT('',(0.00436027504873777,0.0046891860122047,0.014));
#9600=CARTESIAN_POINT('',(0.00443480562638284,0.00470334790264914,0.014));
#9601=CARTESIAN_POINT('',(0.00451167616693628,0.00471633541578214,0.014));
#9602=CARTESIAN_POINT('',(0.00456825140934158,0.00472481953318937,0.014));
#9603=CARTESIAN_POINT('',(0.00459915574273039,0.00472898949233659,0.014));
#9604=CARTESIAN_POINT('',(0.00460340181476066,0.00472955513043861,0.014));
#9605=CARTESIAN_POINT('',(0.00326108346768019,0.00422547277257681,0.014));
#9606=CARTESIAN_POINT('',(0.00318852188548702,0.00431468534172309,0.014));
#9607=CARTESIAN_POINT('',(0.00312017755334195,0.004222202273177,0.014));
#9608=CARTESIAN_POINT('',(-3.36189565112874E-16,-4.59589495927323E-16,0.014));
#9609=CARTESIAN_POINT('',(0.0030513650955713,0.00427219745020395,0.014));
#9610=CARTESIAN_POINT('',(0.00311820216045699,0.00436577561251504,0.014));
#9611=CARTESIAN_POINT('',(0.00301093320319857,0.0044072175781145,0.014));
#9612=CARTESIAN_POINT('',(0.00297537015754231,0.00432546788516649,0.014));
#9613=CARTESIAN_POINT('',(0.00297715179078964,0.00432907123693387,0.014));
#9614=CARTESIAN_POINT('',(0.0029813866117173,0.00433780744605367,0.014));
#9615=CARTESIAN_POINT('',(0.00298831697799409,0.00435277910453683,0.014));
#9616=CARTESIAN_POINT('',(0.00299625189064971,0.00437086089943213,0.014));
#9617=CARTESIAN_POINT('',(0.00300462063370946,0.00439101745783035,0.014));
#9618=CARTESIAN_POINT('',(0.00301334309134545,0.00441327261602733,0.014));
#9619=CARTESIAN_POINT('',(0.00302233836082624,0.0044376477942448,0.014));
#9620=CARTESIAN_POINT('',(0.00303152484775588,0.00446416202394878,0.014));
#9621=CARTESIAN_POINT('',(0.00304082031994557,0.00449283191364614,0.014));
#9622=CARTESIAN_POINT('',(0.00305014197412443,0.00452367163493056,0.014));
#9623=CARTESIAN_POINT('',(0.00305940649974738,0.00455669290510726,0.014));
#9624=CARTESIAN_POINT('',(0.00306853014425577,0.00459190497302694,0.014));
#9625=CARTESIAN_POINT('',(0.00307742877846292,0.00462931460619227,0.014));
#9626=CARTESIAN_POINT('',(0.00308601796236626,0.00466892607965728,0.014));
#9627=CARTESIAN_POINT('',(0.00309421301123728,0.00471074116656139,0.014));
#9628=CARTESIAN_POINT('',(0.00310192906197289,0.00475475913033845,0.014));
#9629=CARTESIAN_POINT('',(0.0031090811396572,0.00480097671858921,0.014));
#9630=CARTESIAN_POINT('',(0.00311558422429378,0.00484938815862224,0.014));
#9631=CARTESIAN_POINT('',(0.00312135331766917,0.00489998515466322,0.014));
#9632=CARTESIAN_POINT('',(0.00312630351029632,0.0049527568867385,0.014));
#9633=CARTESIAN_POINT('',(0.00313035004843905,0.00500769001121821,0.014));
#9634=CARTESIAN_POINT('',(0.00313340840101667,0.00506476866308046,0.014));
#9635=CARTESIAN_POINT('',(0.00313539432696434,0.00512397445966301,0.014));
#9636=CARTESIAN_POINT('',(0.00313622394064724,0.00518528650679608,0.014));
#9637=CARTESIAN_POINT('',(0.00313581378433532,0.00524868140388807,0.014));
#9638=CARTESIAN_POINT('',(0.003134080873073,0.00531413326107542,0.014));
#9639=CARTESIAN_POINT('',(0.00313094284431722,0.00538161367828383,0.014));
#9640=CARTESIAN_POINT('',(0.00312631770632347,0.00545109187782751,0.014));
#9641=CARTESIAN_POINT('',(0.00312012511730694,0.00552253425880544,0.014));
#9642=CARTESIAN_POINT('',(0.00311228182281834,0.00559590616549777,0.014));
#9643=CARTESIAN_POINT('',(0.00310271936591567,0.00567116522185016,0.014));
#9644=CARTESIAN_POINT('',(0.00309131692151349,0.00574828681262741,0.014));
#9645=CARTESIAN_POINT('',(0.00308190308529452,0.00580471480203905,0.014));
#9646=CARTESIAN_POINT('',(0.0030763189878972,0.00583539515793258,0.014));
#9647=CARTESIAN_POINT('',(0.0030755448332833,0.00583960820419182,0.014));
#9648=CARTESIAN_POINT('',(0.00175049832900824,0.00494957125417337,0.014));
#9649=CARTESIAN_POINT('',(0.00175236628407699,0.00495313062277589,0.014));
#9650=CARTESIAN_POINT('',(0.00175694486043395,0.00496169167975606,0.014));
#9651=CARTESIAN_POINT('',(0.00176498361949033,0.00497609858390999,0.014));
#9652=CARTESIAN_POINT('',(0.00177494807421223,0.0049931462754717,0.014));
#9653=CARTESIAN_POINT('',(0.00178633604875375,0.00501176445859205,0.014));
#9654=CARTESIAN_POINT('',(0.00179921391798542,0.0050319023288279,0.014));
#9655=CARTESIAN_POINT('',(0.00181364656466308,0.00505350702498506,0.014));
#9656=CARTESIAN_POINT('',(0.00182969734554872,0.00507652372222564,0.014));
#9657=CARTESIAN_POINT('',(0.00184742803207456,0.0051008956555468,0.014));
#9658=CARTESIAN_POINT('',(0.00186689875984214,0.00512656416554898,0.014));
#9659=CARTESIAN_POINT('',(0.00188816797706028,0.0051534687398446,0.014));
#9660=CARTESIAN_POINT('',(0.0019112923947252,0.00518154705752843,0.014));
#9661=CARTESIAN_POINT('',(0.00193632693775677,0.005210735034497,0.014));
#9662=CARTESIAN_POINT('',(0.00196332469733458,0.00524096687016691,0.014));
#9663=CARTESIAN_POINT('',(0.00199233688439306,0.00527217509537886,0.014));
#9664=CARTESIAN_POINT('',(0.00202341278431816,0.00530429062149753,0.014));
#9665=CARTESIAN_POINT('',(0.00205659971286596,0.00533724279065955,0.014));
#9666=CARTESIAN_POINT('',(0.00209194297333105,0.00537095942714006,0.014));
#9667=CARTESIAN_POINT('',(0.00212948581498738,0.00540536688980608,0.014));
#9668=CARTESIAN_POINT('',(0.00216926939283663,0.00544039012561865,0.014));
#9669=CARTESIAN_POINT('',(0.00221133272865169,0.00547595272417602,0.014));
#9670=CARTESIAN_POINT('',(0.00225571267348284,0.00551197697317147,0.014));
#9671=CARTESIAN_POINT('',(0.00230244387109944,0.00554838391509416,0.014));
#9672=CARTESIAN_POINT('',(0.0023515587245021,0.00558509340375507,0.014));
#9673=CARTESIAN_POINT('',(0.00240308735743745,0.00562202416590965,0.014));
#9674=CARTESIAN_POINT('',(0.00245705760189895,0.00565909384763856,0.014));
#9675=CARTESIAN_POINT('',(0.00251349489323198,0.00569621912309995,0.014));
#9676=CARTESIAN_POINT('',(0.00257242252530393,0.00573331556890929,0.014));
#9677=CARTESIAN_POINT('',(0.00263386053813112,0.00577029843708322,0.014));
#9678=CARTESIAN_POINT('',(0.00269782983038468,0.00580708000323638,0.014));
#9679=CARTESIAN_POINT('',(0.00276433635709746,0.00584357997651954,0.014));
#9680=CARTESIAN_POINT('',(0.00283343122332918,0.00587968613891295,0.014));
#9681=CARTESIAN_POINT('',(0.00288461573981861,0.00590523772542223,0.014));
#9682=CARTESIAN_POINT('',(0.00291271891922746,0.00591875355645885,0.014));
#9683=CARTESIAN_POINT('',(0.00291658238191431,0.00592060361867834,0.014));
#9684=CARTESIAN_POINT('',(0.00179573178612477,0.00502639362637529,0.014));
#9685=CARTESIAN_POINT('',(0.00169915342056922,0.00508881705956087,0.014));
#9686=CARTESIAN_POINT('',(0.0016627329380035,0.00497974087447111,0.014));
#9687=CARTESIAN_POINT('',(-1.77714311933273E-16,-5.40983873873886E-16,0.014));
#9688=CARTESIAN_POINT('',(0.00158183904230033,0.00500602489449008,0.014));
#9689=CARTESIAN_POINT('',(0.0016164876259334,0.00511567680444278,0.014));
#9690=CARTESIAN_POINT('',(0.00150166251348606,0.0051219425251125,0.014));
#9691=CARTESIAN_POINT('',(0.00149310209158125,0.00503320436144964,0.014));
#9692=CARTESIAN_POINT('',(0.00149368302855794,0.00503718190757969,0.014));
#9693=CARTESIAN_POINT('',(0.00149501094551209,0.00504679916782556,0.014));
#9694=CARTESIAN_POINT('',(0.00149697561861467,0.0050631796621425,0.014));
#9695=CARTESIAN_POINT('',(0.00149893458709058,0.00508282849386346,0.014));
#9696=CARTESIAN_POINT('',(0.0015006650156176,0.00510458460390119,0.014));
#9697=CARTESIAN_POINT('',(0.00150208334369505,0.00512844590476783,0.014));
#9698=CARTESIAN_POINT('',(0.00150310600904046,0.00515440776798596,0.014));
#9699=CARTESIAN_POINT('',(0.00150364952972547,0.00518246307950033,0.014));
#9700=CARTESIAN_POINT('',(0.00150363056598017,0.00521260222379583,0.014));
#9701=CARTESIAN_POINT('',(0.00150296598795095,0.00524481309124106,0.014));
#9702=CARTESIAN_POINT('',(0.0015015729417546,0.00527908108128127,0.014));
#9703=CARTESIAN_POINT('',(0.0014993689159224,0.00531538910913224,0.014));
#9704=CARTESIAN_POINT('',(0.00149627180756982,0.00535371761372307,0.014));
#9705=CARTESIAN_POINT('',(0.00149219998841782,0.00539404456747596,0.014));
#9706=CARTESIAN_POINT('',(0.00148707237057333,0.00543634548772644,0.014));
#9707=CARTESIAN_POINT('',(0.0014808084720406,0.00548059344981742,0.014));
#9708=CARTESIAN_POINT('',(0.00147332848191881,0.00552675910184029,0.014));
#9709=CARTESIAN_POINT('',(0.00146455332524607,0.0055748106810155,0.014));
#9710=CARTESIAN_POINT('',(0.00145440472745287,0.00562471403170037,0.014));
#9711=CARTESIAN_POINT('',(0.00144280527837398,0.00567643262501396,0.014));
#9712=CARTESIAN_POINT('',(0.00142967849582471,0.00572992758006533,0.014));
#9713=CARTESIAN_POINT('',(0.00141494888853134,0.00578515768678154,0.014));
#9714=CARTESIAN_POINT('',(0.00139854201903523,0.00584207943029122,0.014));
#9715=CARTESIAN_POINT('',(0.00138038456401033,0.00590064701697131,0.014));
#9716=CARTESIAN_POINT('',(0.0013604043816191,0.00596081240167977,0.014));
#9717=CARTESIAN_POINT('',(0.00133853054888661,0.00602252531793162,0.014));
#9718=CARTESIAN_POINT('',(0.0013146935104852,0.00608573330422563,0.014));
#9719=CARTESIAN_POINT('',(0.00128882479845991,0.0061503817524007,0.014));
#9720=CARTESIAN_POINT('',(0.00126085838648221,0.00621641387912411,0.014));
#9721=CARTESIAN_POINT('',(0.00123072580407198,0.00628377099780798,0.014));
#9722=CARTESIAN_POINT('',(0.0011983750397294,0.00635239165207125,0.014));
#9723=CARTESIAN_POINT('',(0.00116369878849561,0.00642221509442931,0.014));
#9724=CARTESIAN_POINT('',(0.00113730849052961,0.00647297226608676,0.014));
#9725=CARTESIAN_POINT('',(0.0011225169469477,0.00650042543748754,0.014));
#9726=CARTESIAN_POINT('',(0.00112047877926533,0.00650419305565387,0.014));
#9727=CARTESIAN_POINT('',(0.000135321210157774,0.00524825572643725,0.014));
#9728=CARTESIAN_POINT('',(0.000135997835610632,0.00525221811700155,0.014));
#9729=CARTESIAN_POINT('',(0.000137706808393586,0.00526177502393325,0.014));
#9730=CARTESIAN_POINT('',(0.000140900144357182,0.0052779609171706,0.014));
#9731=CARTESIAN_POINT('',(0.000145108877544345,0.0052972534211669,0.014));
#9732=CARTESIAN_POINT('',(0.00015018614995089,0.00531847944320992,0.014));
#9733=CARTESIAN_POINT('',(0.000156210787266272,0.00534161117636596,0.014));
#9734=CARTESIAN_POINT('',(0.000163260831665568,0.00536661839652601,0.014));
#9735=CARTESIAN_POINT('',(0.000171413480816772,0.00539346854048691,0.014));
#9736=CARTESIAN_POINT('',(0.000180745024193542,0.00542212670994513,0.014));
#9737=CARTESIAN_POINT('',(0.000191330780902954,0.00545255569941932,0.014));
#9738=CARTESIAN_POINT('',(0.000203245037850992,0.00548471601969877,0.014));
#9739=CARTESIAN_POINT('',(0.000216560988618977,0.00551856592474207,0.014));
#9740=CARTESIAN_POINT('',(0.000231350672986914,0.00555406143967866,0.014));
#9741=CARTESIAN_POINT('',(0.000247684917165611,0.00559115639051169,0.014));
#9742=CARTESIAN_POINT('',(0.000265633274764782,0.00562980243530658,0.014));
#9743=CARTESIAN_POINT('',(0.000285263968534319,0.00566994909688834,0.014));
#9744=CARTESIAN_POINT('',(0.000306643832912943,0.00571154379700831,0.014));
#9745=CARTESIAN_POINT('',(0.000329838257419748,0.00575453189196099,0.014));
#9746=CARTESIAN_POINT('',(0.000354911130920113,0.00579885670962762,0.014));
#9747=CARTESIAN_POINT('',(0.000381924786811094,0.00584445958792137,0.014));
#9748=CARTESIAN_POINT('',(0.000410939949116758,0.0058912799146227,0.014));
#9749=CARTESIAN_POINT('',(0.000442015679692042,0.00593925516853671,0.014));
#9750=CARTESIAN_POINT('',(0.00047520932593226,0.00598832096212169,0.014));
#9751=CARTESIAN_POINT('',(0.000510576471456708,0.00603841108490017,0.014));
#9752=CARTESIAN_POINT('',(0.00054817088046467,0.00608945755017295,0.014));
#9753=CARTESIAN_POINT('',(0.000588044471515513,0.00614139063526739,0.014));
#9754=CARTESIAN_POINT('',(0.000630247184161422,0.0061941389525526,0.014));
#9755=CARTESIAN_POINT('',(0.000674827260447302,0.00624762940881947,0.014));
#9756=CARTESIAN_POINT('',(0.000721829948128345,0.00630178759665179,0.014));
#9757=CARTESIAN_POINT('',(0.000771302231347836,0.00635653654324579,0.014));
#9758=CARTESIAN_POINT('',(0.000823274584915459,0.00641180172767244,0.014));
#9759=CARTESIAN_POINT('',(0.000877830289906442,0.00646749221658477,0.014));
#9760=CARTESIAN_POINT('',(0.000918613783382529,0.00650761010488019,0.014));
#9761=CARTESIAN_POINT('',(0.000941164873804503,0.00652914878409402,0.014));
#9762=CARTESIAN_POINT('',(0.000944267544501831,0.00653210217345079,0.014));
#9763=CARTESIAN_POINT('',(0.000154601365744418,0.00533529605108048,0.014));
#9764=CARTESIAN_POINT('',(4.34599801481018E-5,0.00536481990773552,0.014));
#9765=CARTESIAN_POINT('',(4.25284377516768E-5,0.00524982774307714,0.014));
#9766=CARTESIAN_POINT('',(-1.84314369322539E-18,-5.69422980989387E-16,0.014));
#9767=CARTESIAN_POINT('',(-4.25284377516758E-5,0.00524982774307714,0.014));
#9768=CARTESIAN_POINT('',(-4.34599801481005E-5,0.00536481990773551,0.014));
#9769=CARTESIAN_POINT('',(-0.000154601365744417,0.00533529605108048,0.014));
#9770=CARTESIAN_POINT('',(-0.000135321210157773,0.00524825572643725,0.014));
#9771=CARTESIAN_POINT('',(-0.000135997835610631,0.00525221811700155,0.014));
#9772=CARTESIAN_POINT('',(-0.000137706808393586,0.00526177502393325,0.014));
#9773=CARTESIAN_POINT('',(-0.000140900144357181,0.0052779609171706,0.014));
#9774=CARTESIAN_POINT('',(-0.000145108877544345,0.0052972534211669,0.014));
#9775=CARTESIAN_POINT('',(-0.000150186149950889,0.00531847944320992,0.014));
#9776=CARTESIAN_POINT('',(-0.000156210787266272,0.00534161117636596,0.014));
#9777=CARTESIAN_POINT('',(-0.000163260831665568,0.00536661839652601,0.014));
#9778=CARTESIAN_POINT('',(-0.000171413480816771,0.00539346854048691,0.014));
#9779=CARTESIAN_POINT('',(-0.000180745024193542,0.00542212670994513,0.014));
#9780=CARTESIAN_POINT('',(-0.000191330780902954,0.00545255569941932,0.014));
#9781=CARTESIAN_POINT('',(-0.000203245037850991,0.00548471601969877,0.014));
#9782=CARTESIAN_POINT('',(-0.000216560988618977,0.00551856592474207,0.014));
#9783=CARTESIAN_POINT('',(-0.000231350672986914,0.00555406143967866,0.014));
#9784=CARTESIAN_POINT('',(-0.000247684917165611,0.00559115639051169,0.014));
#9785=CARTESIAN_POINT('',(-0.000265633274764782,0.00562980243530658,0.014));
#9786=CARTESIAN_POINT('',(-0.000285263968534319,0.00566994909688834,0.014));
#9787=CARTESIAN_POINT('',(-0.000306643832912942,0.00571154379700831,0.014));
#9788=CARTESIAN_POINT('',(-0.000329838257419748,0.00575453189196099,0.014));
#9789=CARTESIAN_POINT('',(-0.000354911130920112,0.00579885670962762,0.014));
#9790=CARTESIAN_POINT('',(-0.000381924786811093,0.00584445958792137,0.014));
#9791=CARTESIAN_POINT('',(-0.000410939949116757,0.0058912799146227,0.014));
#9792=CARTESIAN_POINT('',(-0.000442015679692041,0.00593925516853671,0.014));
#9793=CARTESIAN_POINT('',(-0.00047520932593226,0.00598832096212169,0.014));
#9794=CARTESIAN_POINT('',(-0.000510576471456708,0.00603841108490017,0.014));
#9795=CARTESIAN_POINT('',(-0.00054817088046467,0.00608945755017295,0.014));
#9796=CARTESIAN_POINT('',(-0.000588044471515513,0.00614139063526739,0.014));
#9797=CARTESIAN_POINT('',(-0.000630247184161421,0.0061941389525526,0.014));
#9798=CARTESIAN_POINT('',(-0.000674827260447301,0.00624762940881947,0.014));
#9799=CARTESIAN_POINT('',(-0.000721829948128344,0.00630178759665179,0.014));
#9800=CARTESIAN_POINT('',(-0.000771302231347835,0.00635653654324579,0.014));
#9801=CARTESIAN_POINT('',(-0.000823274584915458,0.00641180172767244,0.014));
#9802=CARTESIAN_POINT('',(-0.000877830289906441,0.00646749221658477,0.014));
#9803=CARTESIAN_POINT('',(-0.000918613783382528,0.00650761010488019,0.014));
#9804=CARTESIAN_POINT('',(-0.000941164873804503,0.00652914878409402,0.014));
#9805=CARTESIAN_POINT('',(-0.00094426754450183,0.00653210217345079,0.014));
#9806=CARTESIAN_POINT('',(-0.00149310209158125,0.00503320436144964,0.014));
#9807=CARTESIAN_POINT('',(-0.00149368302855794,0.00503718190757969,0.014));
#9808=CARTESIAN_POINT('',(-0.00149501094551209,0.00504679916782556,0.014));
#9809=CARTESIAN_POINT('',(-0.00149697561861467,0.0050631796621425,0.014));
#9810=CARTESIAN_POINT('',(-0.00149893458709058,0.00508282849386346,0.014));
#9811=CARTESIAN_POINT('',(-0.0015006650156176,0.00510458460390119,0.014));
#9812=CARTESIAN_POINT('',(-0.00150208334369505,0.00512844590476783,0.014));
#9813=CARTESIAN_POINT('',(-0.00150310600904046,0.00515440776798596,0.014));
#9814=CARTESIAN_POINT('',(-0.00150364952972547,0.00518246307950034,0.014));
#9815=CARTESIAN_POINT('',(-0.00150363056598017,0.00521260222379583,0.014));
#9816=CARTESIAN_POINT('',(-0.00150296598795095,0.00524481309124106,0.014));
#9817=CARTESIAN_POINT('',(-0.0015015729417546,0.00527908108128127,0.014));
#9818=CARTESIAN_POINT('',(-0.0014993689159224,0.00531538910913224,0.014));
#9819=CARTESIAN_POINT('',(-0.00149627180756982,0.00535371761372307,0.014));
#9820=CARTESIAN_POINT('',(-0.00149219998841782,0.00539404456747596,0.014));
#9821=CARTESIAN_POINT('',(-0.00148707237057333,0.00543634548772644,0.014));
#9822=CARTESIAN_POINT('',(-0.0014808084720406,0.00548059344981742,0.014));
#9823=CARTESIAN_POINT('',(-0.00147332848191881,0.00552675910184029,0.014));
#9824=CARTESIAN_POINT('',(-0.00146455332524607,0.0055748106810155,0.014));
#9825=CARTESIAN_POINT('',(-0.00145440472745287,0.00562471403170037,0.014));
#9826=CARTESIAN_POINT('',(-0.00144280527837398,0.00567643262501396,0.014));
#9827=CARTESIAN_POINT('',(-0.00142967849582471,0.00572992758006533,0.014));
#9828=CARTESIAN_POINT('',(-0.00141494888853134,0.00578515768678154,0.014));
#9829=CARTESIAN_POINT('',(-0.00139854201903523,0.00584207943029123,0.014));
#9830=CARTESIAN_POINT('',(-0.00138038456401032,0.00590064701697131,0.014));
#9831=CARTESIAN_POINT('',(-0.0013604043816191,0.00596081240167977,0.014));
#9832=CARTESIAN_POINT('',(-0.00133853054888661,0.00602252531793162,0.014));
#9833=CARTESIAN_POINT('',(-0.0013146935104852,0.00608573330422563,0.014));
#9834=CARTESIAN_POINT('',(-0.00128882479845991,0.0061503817524007,0.014));
#9835=CARTESIAN_POINT('',(-0.00126085838648221,0.00621641387912411,0.014));
#9836=CARTESIAN_POINT('',(-0.00123072580407198,0.00628377099780798,0.014));
#9837=CARTESIAN_POINT('',(-0.0011983750397294,0.00635239165207125,0.014));
#9838=CARTESIAN_POINT('',(-0.00116369878849561,0.00642221509442931,0.014));
#9839=CARTESIAN_POINT('',(-0.00113730849052961,0.00647297226608676,0.014));
#9840=CARTESIAN_POINT('',(-0.0011225169469477,0.00650042543748754,0.014));
#9841=CARTESIAN_POINT('',(-0.00112047877926533,0.00650419305565387,0.014));
#9842=CARTESIAN_POINT('',(-0.00150166251348606,0.0051219425251125,0.014));
#9843=CARTESIAN_POINT('',(-0.0016164876259334,0.00511567680444279,0.014));
#9844=CARTESIAN_POINT('',(-0.00158183904230033,0.00500602489449008,0.014));
#9845=CARTESIAN_POINT('',(1.74208444293453E-16,-5.4212299932245E-16,0.014));
#9846=CARTESIAN_POINT('',(-0.0016627329380035,0.00497974087447111,0.014));
#9847=CARTESIAN_POINT('',(-0.00169915342056922,0.00508881705956086,0.014));
#9848=CARTESIAN_POINT('',(-0.00179573178612477,0.00502639362637529,0.014));
#9849=CARTESIAN_POINT('',(-0.00175049832900824,0.00494957125417337,0.014));
#9850=CARTESIAN_POINT('',(-0.00175236628407699,0.00495313062277589,0.014));
#9851=CARTESIAN_POINT('',(-0.00175694486043395,0.00496169167975606,0.014));
#9852=CARTESIAN_POINT('',(-0.00176498361949033,0.00497609858390999,0.014));
#9853=CARTESIAN_POINT('',(-0.00177494807421223,0.0049931462754717,0.014));
#9854=CARTESIAN_POINT('',(-0.00178633604875375,0.00501176445859205,0.014));
#9855=CARTESIAN_POINT('',(-0.00179921391798542,0.0050319023288279,0.014));
#9856=CARTESIAN_POINT('',(-0.00181364656466307,0.00505350702498507,0.014));
#9857=CARTESIAN_POINT('',(-0.00182969734554872,0.00507652372222564,0.014));
#9858=CARTESIAN_POINT('',(-0.00184742803207456,0.0051008956555468,0.014));
#9859=CARTESIAN_POINT('',(-0.00186689875984214,0.00512656416554898,0.014));
#9860=CARTESIAN_POINT('',(-0.00188816797706028,0.0051534687398446,0.014));
#9861=CARTESIAN_POINT('',(-0.0019112923947252,0.00518154705752843,0.014));
#9862=CARTESIAN_POINT('',(-0.00193632693775677,0.005210735034497,0.014));
#9863=CARTESIAN_POINT('',(-0.00196332469733458,0.00524096687016691,0.014));
#9864=CARTESIAN_POINT('',(-0.00199233688439306,0.00527217509537886,0.014));
#9865=CARTESIAN_POINT('',(-0.00202341278431816,0.00530429062149753,0.014));
#9866=CARTESIAN_POINT('',(-0.00205659971286596,0.00533724279065955,0.014));
#9867=CARTESIAN_POINT('',(-0.00209194297333105,0.00537095942714006,0.014));
#9868=CARTESIAN_POINT('',(-0.00212948581498738,0.00540536688980608,0.014));
#9869=CARTESIAN_POINT('',(-0.00216926939283663,0.00544039012561865,0.014));
#9870=CARTESIAN_POINT('',(-0.00221133272865169,0.00547595272417602,0.014));
#9871=CARTESIAN_POINT('',(-0.00225571267348283,0.00551197697317147,0.014));
#9872=CARTESIAN_POINT('',(-0.00230244387109944,0.00554838391509416,0.014));
#9873=CARTESIAN_POINT('',(-0.0023515587245021,0.00558509340375507,0.014));
#9874=CARTESIAN_POINT('',(-0.00240308735743745,0.00562202416590965,0.014));
#9875=CARTESIAN_POINT('',(-0.00245705760189895,0.00565909384763856,0.014));
#9876=CARTESIAN_POINT('',(-0.00251349489323198,0.00569621912309995,0.014));
#9877=CARTESIAN_POINT('',(-0.00257242252530393,0.00573331556890929,0.014));
#9878=CARTESIAN_POINT('',(-0.00263386053813112,0.00577029843708322,0.014));
#9879=CARTESIAN_POINT('',(-0.00269782983038468,0.00580708000323638,0.014));
#9880=CARTESIAN_POINT('',(-0.00276433635709746,0.00584357997651954,0.014));
#9881=CARTESIAN_POINT('',(-0.00283343122332918,0.00587968613891296,0.014));
#9882=CARTESIAN_POINT('',(-0.00288461573981861,0.00590523772542223,0.014));
#9883=CARTESIAN_POINT('',(-0.00291271891922746,0.00591875355645885,0.014));
#9884=CARTESIAN_POINT('',(-0.00291658238191431,0.00592060361867834,0.014));
#9885=CARTESIAN_POINT('',(-0.00297537015754231,0.00432546788516649,0.014));
#9886=CARTESIAN_POINT('',(-0.00297715179078964,0.00432907123693387,0.014));
#9887=CARTESIAN_POINT('',(-0.0029813866117173,0.00433780744605367,0.014));
#9888=CARTESIAN_POINT('',(-0.00298831697799409,0.00435277910453683,0.014));
#9889=CARTESIAN_POINT('',(-0.00299625189064971,0.00437086089943213,0.014));
#9890=CARTESIAN_POINT('',(-0.00300462063370946,0.00439101745783035,0.014));
#9891=CARTESIAN_POINT('',(-0.00301334309134545,0.00441327261602733,0.014));
#9892=CARTESIAN_POINT('',(-0.00302233836082624,0.0044376477942448,0.014));
#9893=CARTESIAN_POINT('',(-0.00303152484775588,0.00446416202394878,0.014));
#9894=CARTESIAN_POINT('',(-0.00304082031994557,0.00449283191364614,0.014));
#9895=CARTESIAN_POINT('',(-0.00305014197412443,0.00452367163493056,0.014));
#9896=CARTESIAN_POINT('',(-0.00305940649974738,0.00455669290510726,0.014));
#9897=CARTESIAN_POINT('',(-0.00306853014425577,0.00459190497302694,0.014));
#9898=CARTESIAN_POINT('',(-0.00307742877846292,0.00462931460619227,0.014));
#9899=CARTESIAN_POINT('',(-0.00308601796236626,0.00466892607965728,0.014));
#9900=CARTESIAN_POINT('',(-0.00309421301123728,0.00471074116656139,0.014));
#9901=CARTESIAN_POINT('',(-0.00310192906197289,0.00475475913033845,0.014));
#9902=CARTESIAN_POINT('',(-0.0031090811396572,0.00480097671858921,0.014));
#9903=CARTESIAN_POINT('',(-0.00311558422429378,0.00484938815862224,0.014));
#9904=CARTESIAN_POINT('',(-0.00312135331766917,0.00489998515466322,0.014));
#9905=CARTESIAN_POINT('',(-0.00312630351029632,0.0049527568867385,0.014));
#9906=CARTESIAN_POINT('',(-0.00313035004843905,0.00500769001121821,0.014));
#9907=CARTESIAN_POINT('',(-0.00313340840101667,0.00506476866308046,0.014));
#9908=CARTESIAN_POINT('',(-0.00313539432696434,0.00512397445966301,0.014));
#9909=CARTESIAN_POINT('',(-0.00313622394064724,0.00518528650679608,0.014));
#9910=CARTESIAN_POINT('',(-0.00313581378433532,0.00524868140388807,0.014));
#9911=CARTESIAN_POINT('',(-0.003134080873073,0.00531413326107542,0.014));
#9912=CARTESIAN_POINT('',(-0.00313094284431722,0.00538161367828383,0.014));
#9913=CARTESIAN_POINT('',(-0.00312631770632347,0.00545109187782751,0.014));
#9914=CARTESIAN_POINT('',(-0.00312012511730694,0.00552253425880544,0.014));
#9915=CARTESIAN_POINT('',(-0.00311228182281834,0.00559590616549777,0.014));
#9916=CARTESIAN_POINT('',(-0.00310271936591567,0.00567116522185016,0.014));
#9917=CARTESIAN_POINT('',(-0.00309131692151349,0.00574828681262741,0.014));
#9918=CARTESIAN_POINT('',(-0.00308190308529452,0.00580471480203905,0.014));
#9919=CARTESIAN_POINT('',(-0.0030763189878972,0.00583539515793258,0.014));
#9920=CARTESIAN_POINT('',(-0.0030755448332833,0.00583960820419182,0.014));
#9921=CARTESIAN_POINT('',(-0.00301093320319857,0.0044072175781145,0.014));
#9922=CARTESIAN_POINT('',(-0.00311820216045699,0.00436577561251505,0.014));
#9923=CARTESIAN_POINT('',(-0.0030513650955713,0.00427219745020395,0.014));
#9924=CARTESIAN_POINT('',(3.33207295971085E-16,-4.61756241288791E-16,0.014));
#9925=CARTESIAN_POINT('',(-0.00312017755334195,0.00422220227317701,0.014));
#9926=CARTESIAN_POINT('',(-0.00318852188548701,0.00431468534172309,0.014));
#9927=CARTESIAN_POINT('',(-0.00326108346768019,0.00422547277257681,0.014));
#9928=CARTESIAN_POINT('',(-0.00319432447497636,0.00416638826186027,0.014));
#9929=CARTESIAN_POINT('',(-0.00319720091120407,0.00416919619270262,0.014));
#9930=CARTESIAN_POINT('',(-0.00320420090818038,0.00417592338382564,0.014));
#9931=CARTESIAN_POINT('',(-0.00321629820058378,0.00418714105073877,0.014));
#9932=CARTESIAN_POINT('',(-0.0032310429865858,0.00420027518303758,0.014));
#9933=CARTESIAN_POINT('',(-0.00324762692896949,0.00421446304975092,0.014));
#9934=CARTESIAN_POINT('',(-0.00326609745455166,0.00422963582201911,0.014));
#9935=CARTESIAN_POINT('',(-0.0032864999354927,0.00424572317598475,0.014));
#9936=CARTESIAN_POINT('',(-0.00330887768584735,0.00426265339181234,0.014));
#9937=CARTESIAN_POINT('',(-0.00333327191238814,0.00428035339435372,0.014));
#9938=CARTESIAN_POINT('',(-0.00335972168071946,0.00429874881228184,0.014));
#9939=CARTESIAN_POINT('',(-0.00338826387903504,0.00431776403340639,0.014));
#9940=CARTESIAN_POINT('',(-0.00341893318447856,0.00433732226236272,0.014));
#9941=CARTESIAN_POINT('',(-0.00345176203067592,0.00435734557881298,0.014));
#9942=CARTESIAN_POINT('',(-0.00348678057684091,0.00437775499660681,0.014));
#9943=CARTESIAN_POINT('',(-0.00352401667834964,0.0043984705237116,0.014));
#9944=CARTESIAN_POINT('',(-0.00356349585882709,0.00441941122290865,0.014));
#9945=CARTESIAN_POINT('',(-0.00360524128375089,0.00444049527320387,0.014));
#9946=CARTESIAN_POINT('',(-0.00364927373558897,0.00446164003191589,0.014));
#9947=CARTESIAN_POINT('',(-0.00369561159048357,0.00448276209740465,0.014));
#9948=CARTESIAN_POINT('',(-0.00374427079650272,0.00450377737239348,0.014));
#9949=CARTESIAN_POINT('',(-0.00379526485344512,0.00452460112788091,0.014));
#9950=CARTESIAN_POINT('',(-0.00384860479431878,0.00454514806747043,0.014));
#9951=CARTESIAN_POINT('',(-0.00390429916809366,0.00456533239259335,0.014));
#9952=CARTESIAN_POINT('',(-0.00396235402532019,0.00458506786661652,0.014));
#9953=CARTESIAN_POINT('',(-0.00402277290057011,0.00460426788534144,0.014));
#9954=CARTESIAN_POINT('',(-0.00408555681488156,0.00462284552497754,0.014));
#9955=CARTESIAN_POINT('',(-0.00415070420960431,0.00464071367798595,0.014));
#9956=CARTESIAN_POINT('',(-0.00421821115026218,0.0046577848547558,0.014));
#9957=CARTESIAN_POINT('',(-0.00428807050747617,0.00467397226245968,0.014));
#9958=CARTESIAN_POINT('',(-0.00436027504873777,0.0046891860122047,0.014));
#9959=CARTESIAN_POINT('',(-0.00443480562638284,0.00470334790264914,0.014));
#9960=CARTESIAN_POINT('',(-0.00451167616693628,0.00471633541578215,0.014));
#9961=CARTESIAN_POINT('',(-0.00456825140934158,0.00472481953318937,0.014));
#9962=CARTESIAN_POINT('',(-0.00459915574273039,0.00472898949233659,0.014));
#9963=CARTESIAN_POINT('',(-0.00460340181476066,0.00472955513043861,0.014));
#9964=CARTESIAN_POINT('',(-0.00416638826186027,0.00319432447497636,0.014));
#9965=CARTESIAN_POINT('',(-0.00416919619270262,0.00319720091120407,0.014));
#9966=CARTESIAN_POINT('',(-0.00417592338382564,0.00320420090818039,0.014));
#9967=CARTESIAN_POINT('',(-0.00418714105073876,0.00321629820058378,0.014));
#9968=CARTESIAN_POINT('',(-0.00420027518303758,0.0032310429865858,0.014));
#9969=CARTESIAN_POINT('',(-0.00421446304975092,0.00324762692896949,0.014));
#9970=CARTESIAN_POINT('',(-0.00422963582201911,0.00326609745455166,0.014));
#9971=CARTESIAN_POINT('',(-0.00424572317598475,0.00328649993549271,0.014));
#9972=CARTESIAN_POINT('',(-0.00426265339181234,0.00330887768584735,0.014));
#9973=CARTESIAN_POINT('',(-0.00428035339435372,0.00333327191238814,0.014));
#9974=CARTESIAN_POINT('',(-0.00429874881228184,0.00335972168071946,0.014));
#9975=CARTESIAN_POINT('',(-0.00431776403340639,0.00338826387903504,0.014));
#9976=CARTESIAN_POINT('',(-0.00433732226236272,0.00341893318447856,0.014));
#9977=CARTESIAN_POINT('',(-0.00435734557881298,0.00345176203067592,0.014));
#9978=CARTESIAN_POINT('',(-0.00437775499660681,0.00348678057684091,0.014));
#9979=CARTESIAN_POINT('',(-0.0043984705237116,0.00352401667834964,0.014));
#9980=CARTESIAN_POINT('',(-0.00441941122290865,0.0035634958588271,0.014));
#9981=CARTESIAN_POINT('',(-0.00444049527320387,0.00360524128375089,0.014));
#9982=CARTESIAN_POINT('',(-0.00446164003191589,0.00364927373558897,0.014));
#9983=CARTESIAN_POINT('',(-0.00448276209740465,0.00369561159048357,0.014));
#9984=CARTESIAN_POINT('',(-0.00450377737239348,0.00374427079650273,0.014));
#9985=CARTESIAN_POINT('',(-0.00452460112788091,0.00379526485344512,0.014));
#9986=CARTESIAN_POINT('',(-0.00454514806747042,0.00384860479431878,0.014));
#9987=CARTESIAN_POINT('',(-0.00456533239259335,0.00390429916809366,0.014));
#9988=CARTESIAN_POINT('',(-0.00458506786661652,0.00396235402532019,0.014));
#9989=CARTESIAN_POINT('',(-0.00460426788534144,0.00402277290057011,0.014));
#9990=CARTESIAN_POINT('',(-0.00462284552497754,0.00408555681488156,0.014));
#9991=CARTESIAN_POINT('',(-0.00464071367798595,0.00415070420960431,0.014));
#9992=CARTESIAN_POINT('',(-0.0046577848547558,0.00421821115026218,0.014));
#9993=CARTESIAN_POINT('',(-0.00467397226245967,0.00428807050747617,0.014));
#9994=CARTESIAN_POINT('',(-0.0046891860122047,0.00436027504873777,0.014));
#9995=CARTESIAN_POINT('',(-0.00470334790264914,0.00443480562638284,0.014));
#9996=CARTESIAN_POINT('',(-0.00471633541578214,0.00451167616693628,0.014));
#9997=CARTESIAN_POINT('',(-0.00472481953318937,0.00456825140934158,0.014));
#9998=CARTESIAN_POINT('',(-0.00472898949233659,0.00459915574273039,0.014));
#9999=CARTESIAN_POINT('',(-0.00472955513043861,0.00460340181476067,0.014));
#10000=CARTESIAN_POINT('',(-0.00422547277257681,0.00326108346768019,0.014));
#10001=CARTESIAN_POINT('',(-0.00431468534172309,0.00318852188548702,0.014));
#10002=CARTESIAN_POINT('',(-0.004222202273177,0.00312017755334195,0.014));
#10003=CARTESIAN_POINT('',(4.59589495927323E-16,-3.36189565112874E-16,0.014));
#10004=CARTESIAN_POINT('',(-0.00427219745020395,0.0030513650955713,0.014));
#10005=CARTESIAN_POINT('',(-0.00436577561251504,0.00311820216045699,0.014));
#10006=CARTESIAN_POINT('',(-0.0044072175781145,0.00301093320319857,0.014));
#10007=CARTESIAN_POINT('',(-0.00432546788516649,0.00297537015754231,0.014));
#10008=CARTESIAN_POINT('',(-0.00432907123693387,0.00297715179078964,0.014));
#10009=CARTESIAN_POINT('',(-0.00433780744605367,0.0029813866117173,0.014));
#10010=CARTESIAN_POINT('',(-0.00435277910453683,0.00298831697799409,0.014));
#10011=CARTESIAN_POINT('',(-0.00437086089943213,0.00299625189064971,0.014));
#10012=CARTESIAN_POINT('',(-0.00439101745783035,0.00300462063370946,0.014));
#10013=CARTESIAN_POINT('',(-0.00441327261602733,0.00301334309134545,0.014));
#10014=CARTESIAN_POINT('',(-0.0044376477942448,0.00302233836082624,0.014));
#10015=CARTESIAN_POINT('',(-0.00446416202394877,0.00303152484775588,0.014));
#10016=CARTESIAN_POINT('',(-0.00449283191364614,0.00304082031994557,0.014));
#10017=CARTESIAN_POINT('',(-0.00452367163493056,0.00305014197412443,0.014));
#10018=CARTESIAN_POINT('',(-0.00455669290510726,0.00305940649974738,0.014));
#10019=CARTESIAN_POINT('',(-0.00459190497302694,0.00306853014425577,0.014));
#10020=CARTESIAN_POINT('',(-0.00462931460619227,0.00307742877846292,0.014));
#10021=CARTESIAN_POINT('',(-0.00466892607965727,0.00308601796236626,0.014));
#10022=CARTESIAN_POINT('',(-0.00471074116656139,0.00309421301123728,0.014));
#10023=CARTESIAN_POINT('',(-0.00475475913033845,0.00310192906197289,0.014));
#10024=CARTESIAN_POINT('',(-0.00480097671858921,0.0031090811396572,0.014));
#10025=CARTESIAN_POINT('',(-0.00484938815862224,0.00311558422429378,0.014));
#10026=CARTESIAN_POINT('',(-0.00489998515466322,0.00312135331766917,0.014));
#10027=CARTESIAN_POINT('',(-0.0049527568867385,0.00312630351029632,0.014));
#10028=CARTESIAN_POINT('',(-0.00500769001121821,0.00313035004843905,0.014));
#10029=CARTESIAN_POINT('',(-0.00506476866308045,0.00313340840101667,0.014));
#10030=CARTESIAN_POINT('',(-0.00512397445966301,0.00313539432696434,0.014));
#10031=CARTESIAN_POINT('',(-0.00518528650679608,0.00313622394064724,0.014));
#10032=CARTESIAN_POINT('',(-0.00524868140388807,0.00313581378433532,0.014));
#10033=CARTESIAN_POINT('',(-0.00531413326107542,0.003134080873073,0.014));
#10034=CARTESIAN_POINT('',(-0.00538161367828383,0.00313094284431722,0.014));
#10035=CARTESIAN_POINT('',(-0.00545109187782751,0.00312631770632347,0.014));
#10036=CARTESIAN_POINT('',(-0.00552253425880544,0.00312012511730694,0.014));
#10037=CARTESIAN_POINT('',(-0.00559590616549777,0.00311228182281834,0.014));
#10038=CARTESIAN_POINT('',(-0.00567116522185016,0.00310271936591567,0.014));
#10039=CARTESIAN_POINT('',(-0.00574828681262741,0.00309131692151349,0.014));
#10040=CARTESIAN_POINT('',(-0.00580471480203905,0.00308190308529452,0.014));
#10041=CARTESIAN_POINT('',(-0.00583539515793258,0.0030763189878972,0.014));
#10042=CARTESIAN_POINT('',(-0.00583960820419182,0.0030755448332833,0.014));
#10043=CARTESIAN_POINT('',(-0.00494957125417337,0.00175049832900824,0.014));
#10044=CARTESIAN_POINT('',(-0.00495313062277589,0.00175236628407699,0.014));
#10045=CARTESIAN_POINT('',(-0.00496169167975606,0.00175694486043395,0.014));
#10046=CARTESIAN_POINT('',(-0.00497609858390999,0.00176498361949033,0.014));
#10047=CARTESIAN_POINT('',(-0.0049931462754717,0.00177494807421223,0.014));
#10048=CARTESIAN_POINT('',(-0.00501176445859205,0.00178633604875375,0.014));
#10049=CARTESIAN_POINT('',(-0.0050319023288279,0.00179921391798542,0.014));
#10050=CARTESIAN_POINT('',(-0.00505350702498506,0.00181364656466308,0.014));
#10051=CARTESIAN_POINT('',(-0.00507652372222564,0.00182969734554872,0.014));
#10052=CARTESIAN_POINT('',(-0.0051008956555468,0.00184742803207456,0.014));
#10053=CARTESIAN_POINT('',(-0.00512656416554898,0.00186689875984214,0.014));
#10054=CARTESIAN_POINT('',(-0.0051534687398446,0.00188816797706028,0.014));
#10055=CARTESIAN_POINT('',(-0.00518154705752843,0.0019112923947252,0.014));
#10056=CARTESIAN_POINT('',(-0.005210735034497,0.00193632693775677,0.014));
#10057=CARTESIAN_POINT('',(-0.00524096687016691,0.00196332469733458,0.014));
#10058=CARTESIAN_POINT('',(-0.00527217509537886,0.00199233688439306,0.014));
#10059=CARTESIAN_POINT('',(-0.00530429062149753,0.00202341278431816,0.014));
#10060=CARTESIAN_POINT('',(-0.00533724279065955,0.00205659971286596,0.014));
#10061=CARTESIAN_POINT('',(-0.00537095942714006,0.00209194297333105,0.014));
#10062=CARTESIAN_POINT('',(-0.00540536688980608,0.00212948581498738,0.014));
#10063=CARTESIAN_POINT('',(-0.00544039012561865,0.00216926939283663,0.014));
#10064=CARTESIAN_POINT('',(-0.00547595272417602,0.00221133272865169,0.014));
#10065=CARTESIAN_POINT('',(-0.00551197697317147,0.00225571267348284,0.014));
#10066=CARTESIAN_POINT('',(-0.00554838391509416,0.00230244387109944,0.014));
#10067=CARTESIAN_POINT('',(-0.00558509340375507,0.0023515587245021,0.014));
#10068=CARTESIAN_POINT('',(-0.00562202416590965,0.00240308735743745,0.014));
#10069=CARTESIAN_POINT('',(-0.00565909384763856,0.00245705760189895,0.014));
#10070=CARTESIAN_POINT('',(-0.00569621912309995,0.00251349489323198,0.014));
#10071=CARTESIAN_POINT('',(-0.00573331556890929,0.00257242252530393,0.014));
#10072=CARTESIAN_POINT('',(-0.00577029843708322,0.00263386053813112,0.014));
#10073=CARTESIAN_POINT('',(-0.00580708000323638,0.00269782983038468,0.014));
#10074=CARTESIAN_POINT('',(-0.00584357997651954,0.00276433635709746,0.014));
#10075=CARTESIAN_POINT('',(-0.00587968613891295,0.00283343122332918,0.014));
#10076=CARTESIAN_POINT('',(-0.00590523772542223,0.00288461573981861,0.014));
#10077=CARTESIAN_POINT('',(-0.00591875355645885,0.00291271891922746,0.014));
#10078=CARTESIAN_POINT('',(-0.00592060361867834,0.00291658238191431,0.014));
#10079=CARTESIAN_POINT('',(-0.00502639362637529,0.00179573178612477,0.014));
#10080=CARTESIAN_POINT('',(-0.00508881705956087,0.00169915342056922,0.014));
#10081=CARTESIAN_POINT('',(-0.00497974087447111,0.0016627329380035,0.014));
#10082=CARTESIAN_POINT('',(5.40983873873886E-16,-1.77714311933273E-16,0.014));
#10083=CARTESIAN_POINT('',(0.,5.57214293612046E-19,0.014));
#10084=CARTESIAN_POINT('',(0.00650419305565387,-0.00112047877926533,0.014));
#10085=CARTESIAN_POINT('',(0.00650419305565387,-0.00112047877926533,0.007));
#10086=CARTESIAN_POINT('',(0.,5.57214293612046E-19,0.007));
#10087=CARTESIAN_POINT('',(0.00653210217345078,-0.000944267544501832,0.007));
#10088=CARTESIAN_POINT('',(0.00653210217345078,-0.000944267544501832,0.014));
#10089=CARTESIAN_POINT('',(0.,1.53080849893419E-19,0.007));
#10090=CARTESIAN_POINT('',(0.,4.89858719658941E-19,0.007));
#10091=CARTESIAN_POINT('',(0.0025,4.89858719658941E-19,0.007));
#10092=CARTESIAN_POINT('',(-0.00508881705956087,0.00169915342056922,0.007));
#10093=CARTESIAN_POINT('',(-0.00502639362637529,0.00179573178612477,0.007));
#10094=CARTESIAN_POINT('',(-0.00497974087447111,0.0016627329380035,0.007));
#10095=CARTESIAN_POINT('',(-0.00494957125417337,0.00175049832900824,0.007));
#10096=CARTESIAN_POINT('',(-0.00495313062277589,0.00175236628407699,0.007));
#10097=CARTESIAN_POINT('',(-0.00496169167975606,0.00175694486043395,0.007));
#10098=CARTESIAN_POINT('',(-0.00497609858390999,0.00176498361949033,0.007));
#10099=CARTESIAN_POINT('',(-0.0049931462754717,0.00177494807421223,0.007));
#10100=CARTESIAN_POINT('',(-0.00501176445859205,0.00178633604875375,0.007));
#10101=CARTESIAN_POINT('',(-0.0050319023288279,0.00179921391798542,0.007));
#10102=CARTESIAN_POINT('',(-0.00505350702498506,0.00181364656466308,0.007));
#10103=CARTESIAN_POINT('',(-0.00507652372222564,0.00182969734554872,0.007));
#10104=CARTESIAN_POINT('',(-0.0051008956555468,0.00184742803207456,0.007));
#10105=CARTESIAN_POINT('',(-0.00512656416554898,0.00186689875984214,0.007));
#10106=CARTESIAN_POINT('',(-0.0051534687398446,0.00188816797706028,0.007));
#10107=CARTESIAN_POINT('',(-0.00518154705752843,0.0019112923947252,0.007));
#10108=CARTESIAN_POINT('',(-0.005210735034497,0.00193632693775677,0.007));
#10109=CARTESIAN_POINT('',(-0.00524096687016691,0.00196332469733458,0.007));
#10110=CARTESIAN_POINT('',(-0.00527217509537886,0.00199233688439306,0.007));
#10111=CARTESIAN_POINT('',(-0.00530429062149753,0.00202341278431816,0.007));
#10112=CARTESIAN_POINT('',(-0.00533724279065955,0.00205659971286596,0.007));
#10113=CARTESIAN_POINT('',(-0.00537095942714006,0.00209194297333105,0.007));
#10114=CARTESIAN_POINT('',(-0.00540536688980608,0.00212948581498738,0.007));
#10115=CARTESIAN_POINT('',(-0.00544039012561865,0.00216926939283663,0.007));
#10116=CARTESIAN_POINT('',(-0.00547595272417602,0.00221133272865169,0.007));
#10117=CARTESIAN_POINT('',(-0.00551197697317147,0.00225571267348284,0.007));
#10118=CARTESIAN_POINT('',(-0.00554838391509416,0.00230244387109944,0.007));
#10119=CARTESIAN_POINT('',(-0.00558509340375507,0.0023515587245021,0.007));
#10120=CARTESIAN_POINT('',(-0.00562202416590965,0.00240308735743745,0.007));
#10121=CARTESIAN_POINT('',(-0.00565909384763856,0.00245705760189895,0.007));
#10122=CARTESIAN_POINT('',(-0.00569621912309995,0.00251349489323198,0.007));
#10123=CARTESIAN_POINT('',(-0.00573331556890929,0.00257242252530393,0.007));
#10124=CARTESIAN_POINT('',(-0.00577029843708322,0.00263386053813112,0.007));
#10125=CARTESIAN_POINT('',(-0.00580708000323638,0.00269782983038468,0.007));
#10126=CARTESIAN_POINT('',(-0.00584357997651954,0.00276433635709746,0.007));
#10127=CARTESIAN_POINT('',(-0.00587968613891295,0.00283343122332918,0.007));
#10128=CARTESIAN_POINT('',(-0.00590523772542223,0.00288461573981861,0.007));
#10129=CARTESIAN_POINT('',(-0.00591875355645885,0.00291271891922746,0.007));
#10130=CARTESIAN_POINT('',(-0.00592060361867834,0.00291658238191431,0.007));
#10131=CARTESIAN_POINT('',(-0.00432546788516649,0.00297537015754231,0.007));
#10132=CARTESIAN_POINT('',(-0.00432907123693387,0.00297715179078964,0.007));
#10133=CARTESIAN_POINT('',(-0.00433780744605367,0.0029813866117173,0.007));
#10134=CARTESIAN_POINT('',(-0.00435277910453683,0.00298831697799409,0.007));
#10135=CARTESIAN_POINT('',(-0.00437086089943213,0.00299625189064971,0.007));
#10136=CARTESIAN_POINT('',(-0.00439101745783035,0.00300462063370946,0.007));
#10137=CARTESIAN_POINT('',(-0.00441327261602733,0.00301334309134545,0.007));
#10138=CARTESIAN_POINT('',(-0.0044376477942448,0.00302233836082624,0.007));
#10139=CARTESIAN_POINT('',(-0.00446416202394877,0.00303152484775588,0.007));
#10140=CARTESIAN_POINT('',(-0.00449283191364614,0.00304082031994557,0.007));
#10141=CARTESIAN_POINT('',(-0.00452367163493056,0.00305014197412443,0.007));
#10142=CARTESIAN_POINT('',(-0.00455669290510726,0.00305940649974738,0.007));
#10143=CARTESIAN_POINT('',(-0.00459190497302694,0.00306853014425577,0.007));
#10144=CARTESIAN_POINT('',(-0.00462931460619227,0.00307742877846292,0.007));
#10145=CARTESIAN_POINT('',(-0.00466892607965727,0.00308601796236626,0.007));
#10146=CARTESIAN_POINT('',(-0.00471074116656139,0.00309421301123728,0.007));
#10147=CARTESIAN_POINT('',(-0.00475475913033845,0.00310192906197289,0.007));
#10148=CARTESIAN_POINT('',(-0.00480097671858921,0.0031090811396572,0.007));
#10149=CARTESIAN_POINT('',(-0.00484938815862224,0.00311558422429378,0.007));
#10150=CARTESIAN_POINT('',(-0.00489998515466322,0.00312135331766917,0.007));
#10151=CARTESIAN_POINT('',(-0.0049527568867385,0.00312630351029632,0.007));
#10152=CARTESIAN_POINT('',(-0.00500769001121821,0.00313035004843905,0.007));
#10153=CARTESIAN_POINT('',(-0.00506476866308045,0.00313340840101667,0.007));
#10154=CARTESIAN_POINT('',(-0.00512397445966301,0.00313539432696434,0.007));
#10155=CARTESIAN_POINT('',(-0.00518528650679608,0.00313622394064724,0.007));
#10156=CARTESIAN_POINT('',(-0.00524868140388807,0.00313581378433532,0.007));
#10157=CARTESIAN_POINT('',(-0.00531413326107542,0.003134080873073,0.007));
#10158=CARTESIAN_POINT('',(-0.00538161367828383,0.00313094284431722,0.007));
#10159=CARTESIAN_POINT('',(-0.00545109187782751,0.00312631770632347,0.007));
#10160=CARTESIAN_POINT('',(-0.00552253425880544,0.00312012511730694,0.007));
#10161=CARTESIAN_POINT('',(-0.00559590616549777,0.00311228182281834,0.007));
#10162=CARTESIAN_POINT('',(-0.00567116522185016,0.00310271936591567,0.007));
#10163=CARTESIAN_POINT('',(-0.00574828681262741,0.00309131692151349,0.007));
#10164=CARTESIAN_POINT('',(-0.00580471480203905,0.00308190308529452,0.007));
#10165=CARTESIAN_POINT('',(-0.00583539515793258,0.0030763189878972,0.007));
#10166=CARTESIAN_POINT('',(-0.00583960820419182,0.0030755448332833,0.007));
#10167=CARTESIAN_POINT('',(-0.0044072175781145,0.00301093320319857,0.007));
#10168=CARTESIAN_POINT('',(-0.00436577561251504,0.00311820216045699,0.007));
#10169=CARTESIAN_POINT('',(-0.00427219745020395,0.0030513650955713,0.007));
#10170=CARTESIAN_POINT('',(4.59589495927323E-16,-3.36189565112874E-16,0.007));
#10171=CARTESIAN_POINT('',(-0.004222202273177,0.00312017755334195,0.007));
#10172=CARTESIAN_POINT('',(-0.00431468534172309,0.00318852188548702,0.007));
#10173=CARTESIAN_POINT('',(-0.00422547277257681,0.00326108346768019,0.007));
#10174=CARTESIAN_POINT('',(-0.00416638826186027,0.00319432447497636,0.007));
#10175=CARTESIAN_POINT('',(-0.00416919619270262,0.00319720091120407,0.007));
#10176=CARTESIAN_POINT('',(-0.00417592338382564,0.00320420090818039,0.007));
#10177=CARTESIAN_POINT('',(-0.00418714105073876,0.00321629820058378,0.007));
#10178=CARTESIAN_POINT('',(-0.00420027518303758,0.0032310429865858,0.007));
#10179=CARTESIAN_POINT('',(-0.00421446304975092,0.00324762692896949,0.007));
#10180=CARTESIAN_POINT('',(-0.00422963582201911,0.00326609745455166,0.007));
#10181=CARTESIAN_POINT('',(-0.00424572317598475,0.00328649993549271,0.007));
#10182=CARTESIAN_POINT('',(-0.00426265339181234,0.00330887768584735,0.007));
#10183=CARTESIAN_POINT('',(-0.00428035339435372,0.00333327191238814,0.007));
#10184=CARTESIAN_POINT('',(-0.00429874881228184,0.00335972168071946,0.007));
#10185=CARTESIAN_POINT('',(-0.00431776403340639,0.00338826387903504,0.007));
#10186=CARTESIAN_POINT('',(-0.00433732226236272,0.00341893318447856,0.007));
#10187=CARTESIAN_POINT('',(-0.00435734557881298,0.00345176203067592,0.007));
#10188=CARTESIAN_POINT('',(-0.00437775499660681,0.00348678057684091,0.007));
#10189=CARTESIAN_POINT('',(-0.0043984705237116,0.00352401667834964,0.007));
#10190=CARTESIAN_POINT('',(-0.00441941122290865,0.0035634958588271,0.007));
#10191=CARTESIAN_POINT('',(-0.00444049527320387,0.00360524128375089,0.007));
#10192=CARTESIAN_POINT('',(-0.00446164003191589,0.00364927373558897,0.007));
#10193=CARTESIAN_POINT('',(-0.00448276209740465,0.00369561159048357,0.007));
#10194=CARTESIAN_POINT('',(-0.00450377737239348,0.00374427079650273,0.007));
#10195=CARTESIAN_POINT('',(-0.00452460112788091,0.00379526485344512,0.007));
#10196=CARTESIAN_POINT('',(-0.00454514806747042,0.00384860479431878,0.007));
#10197=CARTESIAN_POINT('',(-0.00456533239259335,0.00390429916809366,0.007));
#10198=CARTESIAN_POINT('',(-0.00458506786661652,0.00396235402532019,0.007));
#10199=CARTESIAN_POINT('',(-0.00460426788534144,0.00402277290057011,0.007));
#10200=CARTESIAN_POINT('',(-0.00462284552497754,0.00408555681488156,0.007));
#10201=CARTESIAN_POINT('',(-0.00464071367798595,0.00415070420960431,0.007));
#10202=CARTESIAN_POINT('',(-0.0046577848547558,0.00421821115026218,0.007));
#10203=CARTESIAN_POINT('',(-0.00467397226245967,0.00428807050747617,0.007));
#10204=CARTESIAN_POINT('',(-0.0046891860122047,0.00436027504873777,0.007));
#10205=CARTESIAN_POINT('',(-0.00470334790264914,0.00443480562638284,0.007));
#10206=CARTESIAN_POINT('',(-0.00471633541578214,0.00451167616693628,0.007));
#10207=CARTESIAN_POINT('',(-0.00472481953318937,0.00456825140934158,0.007));
#10208=CARTESIAN_POINT('',(-0.00472898949233659,0.00459915574273039,0.007));
#10209=CARTESIAN_POINT('',(-0.00472955513043861,0.00460340181476067,0.007));
#10210=CARTESIAN_POINT('',(-0.00319432447497636,0.00416638826186027,0.007));
#10211=CARTESIAN_POINT('',(-0.00319720091120407,0.00416919619270262,0.007));
#10212=CARTESIAN_POINT('',(-0.00320420090818038,0.00417592338382564,0.007));
#10213=CARTESIAN_POINT('',(-0.00321629820058378,0.00418714105073877,0.007));
#10214=CARTESIAN_POINT('',(-0.0032310429865858,0.00420027518303758,0.007));
#10215=CARTESIAN_POINT('',(-0.00324762692896949,0.00421446304975092,0.007));
#10216=CARTESIAN_POINT('',(-0.00326609745455166,0.00422963582201911,0.007));
#10217=CARTESIAN_POINT('',(-0.0032864999354927,0.00424572317598475,0.007));
#10218=CARTESIAN_POINT('',(-0.00330887768584735,0.00426265339181234,0.007));
#10219=CARTESIAN_POINT('',(-0.00333327191238814,0.00428035339435372,0.007));
#10220=CARTESIAN_POINT('',(-0.00335972168071946,0.00429874881228184,0.007));
#10221=CARTESIAN_POINT('',(-0.00338826387903504,0.00431776403340639,0.007));
#10222=CARTESIAN_POINT('',(-0.00341893318447856,0.00433732226236272,0.007));
#10223=CARTESIAN_POINT('',(-0.00345176203067592,0.00435734557881298,0.007));
#10224=CARTESIAN_POINT('',(-0.00348678057684091,0.00437775499660681,0.007));
#10225=CARTESIAN_POINT('',(-0.00352401667834964,0.0043984705237116,0.007));
#10226=CARTESIAN_POINT('',(-0.00356349585882709,0.00441941122290865,0.007));
#10227=CARTESIAN_POINT('',(-0.00360524128375089,0.00444049527320387,0.007));
#10228=CARTESIAN_POINT('',(-0.00364927373558897,0.00446164003191589,0.007));
#10229=CARTESIAN_POINT('',(-0.00369561159048357,0.00448276209740465,0.007));
#10230=CARTESIAN_POINT('',(-0.00374427079650272,0.00450377737239348,0.007));
#10231=CARTESIAN_POINT('',(-0.00379526485344512,0.00452460112788091,0.007));
#10232=CARTESIAN_POINT('',(-0.00384860479431878,0.00454514806747043,0.007));
#10233=CARTESIAN_POINT('',(-0.00390429916809366,0.00456533239259335,0.007));
#10234=CARTESIAN_POINT('',(-0.00396235402532019,0.00458506786661652,0.007));
#10235=CARTESIAN_POINT('',(-0.00402277290057011,0.00460426788534144,0.007));
#10236=CARTESIAN_POINT('',(-0.00408555681488156,0.00462284552497754,0.007));
#10237=CARTESIAN_POINT('',(-0.00415070420960431,0.00464071367798595,0.007));
#10238=CARTESIAN_POINT('',(-0.00421821115026218,0.0046577848547558,0.007));
#10239=CARTESIAN_POINT('',(-0.00428807050747617,0.00467397226245968,0.007));
#10240=CARTESIAN_POINT('',(-0.00436027504873777,0.0046891860122047,0.007));
#10241=CARTESIAN_POINT('',(-0.00443480562638284,0.00470334790264914,0.007));
#10242=CARTESIAN_POINT('',(-0.00451167616693628,0.00471633541578215,0.007));
#10243=CARTESIAN_POINT('',(-0.00456825140934158,0.00472481953318937,0.007));
#10244=CARTESIAN_POINT('',(-0.00459915574273039,0.00472898949233659,0.007));
#10245=CARTESIAN_POINT('',(-0.00460340181476066,0.00472955513043861,0.007));
#10246=CARTESIAN_POINT('',(-0.00326108346768019,0.00422547277257681,0.007));
#10247=CARTESIAN_POINT('',(-0.00318852188548701,0.00431468534172309,0.007));
#10248=CARTESIAN_POINT('',(-0.00312017755334194,0.004222202273177,0.007));
#10249=CARTESIAN_POINT('',(3.33207295971085E-16,-4.61756241288791E-16,0.007));
#10250=CARTESIAN_POINT('',(-0.0030513650955713,0.00427219745020395,0.007));
#10251=CARTESIAN_POINT('',(-0.00311820216045699,0.00436577561251505,0.007));
#10252=CARTESIAN_POINT('',(-0.00301093320319857,0.0044072175781145,0.007));
#10253=CARTESIAN_POINT('',(-0.00297537015754231,0.00432546788516649,0.007));
#10254=CARTESIAN_POINT('',(-0.00297715179078964,0.00432907123693387,0.007));
#10255=CARTESIAN_POINT('',(-0.0029813866117173,0.00433780744605367,0.007));
#10256=CARTESIAN_POINT('',(-0.00298831697799409,0.00435277910453683,0.007));
#10257=CARTESIAN_POINT('',(-0.00299625189064971,0.00437086089943213,0.007));
#10258=CARTESIAN_POINT('',(-0.00300462063370946,0.00439101745783035,0.007));
#10259=CARTESIAN_POINT('',(-0.00301334309134545,0.00441327261602733,0.007));
#10260=CARTESIAN_POINT('',(-0.00302233836082624,0.0044376477942448,0.007));
#10261=CARTESIAN_POINT('',(-0.00303152484775588,0.00446416202394878,0.007));
#10262=CARTESIAN_POINT('',(-0.00304082031994557,0.00449283191364614,0.007));
#10263=CARTESIAN_POINT('',(-0.00305014197412443,0.00452367163493056,0.007));
#10264=CARTESIAN_POINT('',(-0.00305940649974738,0.00455669290510726,0.007));
#10265=CARTESIAN_POINT('',(-0.00306853014425577,0.00459190497302694,0.007));
#10266=CARTESIAN_POINT('',(-0.00307742877846292,0.00462931460619227,0.007));
#10267=CARTESIAN_POINT('',(-0.00308601796236626,0.00466892607965728,0.007));
#10268=CARTESIAN_POINT('',(-0.00309421301123728,0.00471074116656139,0.007));
#10269=CARTESIAN_POINT('',(-0.00310192906197289,0.00475475913033845,0.007));
#10270=CARTESIAN_POINT('',(-0.0031090811396572,0.00480097671858921,0.007));
#10271=CARTESIAN_POINT('',(-0.00311558422429378,0.00484938815862224,0.007));
#10272=CARTESIAN_POINT('',(-0.00312135331766917,0.00489998515466322,0.007));
#10273=CARTESIAN_POINT('',(-0.00312630351029632,0.0049527568867385,0.007));
#10274=CARTESIAN_POINT('',(-0.00313035004843905,0.00500769001121821,0.007));
#10275=CARTESIAN_POINT('',(-0.00313340840101667,0.00506476866308046,0.007));
#10276=CARTESIAN_POINT('',(-0.00313539432696434,0.00512397445966301,0.007));
#10277=CARTESIAN_POINT('',(-0.00313622394064724,0.00518528650679608,0.007));
#10278=CARTESIAN_POINT('',(-0.00313581378433532,0.00524868140388807,0.007));
#10279=CARTESIAN_POINT('',(-0.003134080873073,0.00531413326107542,0.007));
#10280=CARTESIAN_POINT('',(-0.00313094284431722,0.00538161367828383,0.007));
#10281=CARTESIAN_POINT('',(-0.00312631770632347,0.00545109187782751,0.007));
#10282=CARTESIAN_POINT('',(-0.00312012511730694,0.00552253425880544,0.007));
#10283=CARTESIAN_POINT('',(-0.00311228182281834,0.00559590616549777,0.007));
#10284=CARTESIAN_POINT('',(-0.00310271936591567,0.00567116522185016,0.007));
#10285=CARTESIAN_POINT('',(-0.00309131692151349,0.00574828681262741,0.007));
#10286=CARTESIAN_POINT('',(-0.00308190308529452,0.00580471480203905,0.007));
#10287=CARTESIAN_POINT('',(-0.0030763189878972,0.00583539515793258,0.007));
#10288=CARTESIAN_POINT('',(-0.0030755448332833,0.00583960820419182,0.007));
#10289=CARTESIAN_POINT('',(-0.00175049832900824,0.00494957125417337,0.007));
#10290=CARTESIAN_POINT('',(-0.00175236628407699,0.00495313062277589,0.007));
#10291=CARTESIAN_POINT('',(-0.00175694486043395,0.00496169167975606,0.007));
#10292=CARTESIAN_POINT('',(-0.00176498361949033,0.00497609858390999,0.007));
#10293=CARTESIAN_POINT('',(-0.00177494807421223,0.0049931462754717,0.007));
#10294=CARTESIAN_POINT('',(-0.00178633604875375,0.00501176445859205,0.007));
#10295=CARTESIAN_POINT('',(-0.00179921391798542,0.0050319023288279,0.007));
#10296=CARTESIAN_POINT('',(-0.00181364656466307,0.00505350702498507,0.007));
#10297=CARTESIAN_POINT('',(-0.00182969734554872,0.00507652372222564,0.007));
#10298=CARTESIAN_POINT('',(-0.00184742803207456,0.0051008956555468,0.007));
#10299=CARTESIAN_POINT('',(-0.00186689875984214,0.00512656416554898,0.007));
#10300=CARTESIAN_POINT('',(-0.00188816797706028,0.0051534687398446,0.007));
#10301=CARTESIAN_POINT('',(-0.0019112923947252,0.00518154705752843,0.007));
#10302=CARTESIAN_POINT('',(-0.00193632693775677,0.005210735034497,0.007));
#10303=CARTESIAN_POINT('',(-0.00196332469733458,0.00524096687016691,0.007));
#10304=CARTESIAN_POINT('',(-0.00199233688439306,0.00527217509537886,0.007));
#10305=CARTESIAN_POINT('',(-0.00202341278431816,0.00530429062149753,0.007));
#10306=CARTESIAN_POINT('',(-0.00205659971286596,0.00533724279065955,0.007));
#10307=CARTESIAN_POINT('',(-0.00209194297333105,0.00537095942714006,0.007));
#10308=CARTESIAN_POINT('',(-0.00212948581498738,0.00540536688980608,0.007));
#10309=CARTESIAN_POINT('',(-0.00216926939283663,0.00544039012561865,0.007));
#10310=CARTESIAN_POINT('',(-0.00221133272865169,0.00547595272417602,0.007));
#10311=CARTESIAN_POINT('',(-0.00225571267348283,0.00551197697317147,0.007));
#10312=CARTESIAN_POINT('',(-0.00230244387109944,0.00554838391509416,0.007));
#10313=CARTESIAN_POINT('',(-0.0023515587245021,0.00558509340375507,0.007));
#10314=CARTESIAN_POINT('',(-0.00240308735743745,0.00562202416590965,0.007));
#10315=CARTESIAN_POINT('',(-0.00245705760189895,0.00565909384763856,0.007));
#10316=CARTESIAN_POINT('',(-0.00251349489323198,0.00569621912309995,0.007));
#10317=CARTESIAN_POINT('',(-0.00257242252530393,0.00573331556890929,0.007));
#10318=CARTESIAN_POINT('',(-0.00263386053813112,0.00577029843708322,0.007));
#10319=CARTESIAN_POINT('',(-0.00269782983038468,0.00580708000323638,0.007));
#10320=CARTESIAN_POINT('',(-0.00276433635709746,0.00584357997651954,0.007));
#10321=CARTESIAN_POINT('',(-0.00283343122332918,0.00587968613891296,0.007));
#10322=CARTESIAN_POINT('',(-0.00288461573981861,0.00590523772542223,0.007));
#10323=CARTESIAN_POINT('',(-0.00291271891922746,0.00591875355645885,0.007));
#10324=CARTESIAN_POINT('',(-0.00291658238191431,0.00592060361867834,0.007));
#10325=CARTESIAN_POINT('',(-0.00179573178612477,0.00502639362637529,0.007));
#10326=CARTESIAN_POINT('',(-0.00169915342056922,0.00508881705956086,0.007));
#10327=CARTESIAN_POINT('',(-0.0016627329380035,0.0049797408744711,0.007));
#10328=CARTESIAN_POINT('',(1.74208444293453E-16,-5.4212299932245E-16,0.007));
#10329=CARTESIAN_POINT('',(-0.00158183904230033,0.00500602489449008,0.007));
#10330=CARTESIAN_POINT('',(-0.0016164876259334,0.00511567680444279,0.007));
#10331=CARTESIAN_POINT('',(-0.00150166251348606,0.0051219425251125,0.007));
#10332=CARTESIAN_POINT('',(-0.00149310209158125,0.00503320436144964,0.007));
#10333=CARTESIAN_POINT('',(-0.00149368302855794,0.00503718190757969,0.007));
#10334=CARTESIAN_POINT('',(-0.00149501094551209,0.00504679916782556,0.007));
#10335=CARTESIAN_POINT('',(-0.00149697561861467,0.0050631796621425,0.007));
#10336=CARTESIAN_POINT('',(-0.00149893458709058,0.00508282849386346,0.007));
#10337=CARTESIAN_POINT('',(-0.0015006650156176,0.00510458460390119,0.007));
#10338=CARTESIAN_POINT('',(-0.00150208334369505,0.00512844590476783,0.007));
#10339=CARTESIAN_POINT('',(-0.00150310600904046,0.00515440776798596,0.007));
#10340=CARTESIAN_POINT('',(-0.00150364952972547,0.00518246307950034,0.007));
#10341=CARTESIAN_POINT('',(-0.00150363056598017,0.00521260222379583,0.007));
#10342=CARTESIAN_POINT('',(-0.00150296598795095,0.00524481309124106,0.007));
#10343=CARTESIAN_POINT('',(-0.0015015729417546,0.00527908108128127,0.007));
#10344=CARTESIAN_POINT('',(-0.0014993689159224,0.00531538910913224,0.007));
#10345=CARTESIAN_POINT('',(-0.00149627180756982,0.00535371761372307,0.007));
#10346=CARTESIAN_POINT('',(-0.00149219998841782,0.00539404456747596,0.007));
#10347=CARTESIAN_POINT('',(-0.00148707237057333,0.00543634548772644,0.007));
#10348=CARTESIAN_POINT('',(-0.0014808084720406,0.00548059344981742,0.007));
#10349=CARTESIAN_POINT('',(-0.00147332848191881,0.00552675910184029,0.007));
#10350=CARTESIAN_POINT('',(-0.00146455332524607,0.0055748106810155,0.007));
#10351=CARTESIAN_POINT('',(-0.00145440472745287,0.00562471403170037,0.007));
#10352=CARTESIAN_POINT('',(-0.00144280527837398,0.00567643262501396,0.007));
#10353=CARTESIAN_POINT('',(-0.00142967849582471,0.00572992758006533,0.007));
#10354=CARTESIAN_POINT('',(-0.00141494888853134,0.00578515768678154,0.007));
#10355=CARTESIAN_POINT('',(-0.00139854201903523,0.00584207943029123,0.007));
#10356=CARTESIAN_POINT('',(-0.00138038456401032,0.00590064701697131,0.007));
#10357=CARTESIAN_POINT('',(-0.0013604043816191,0.00596081240167977,0.007));
#10358=CARTESIAN_POINT('',(-0.00133853054888661,0.00602252531793162,0.007));
#10359=CARTESIAN_POINT('',(-0.0013146935104852,0.00608573330422563,0.007));
#10360=CARTESIAN_POINT('',(-0.00128882479845991,0.0061503817524007,0.007));
#10361=CARTESIAN_POINT('',(-0.00126085838648221,0.00621641387912411,0.007));
#10362=CARTESIAN_POINT('',(-0.00123072580407198,0.00628377099780798,0.007));
#10363=CARTESIAN_POINT('',(-0.0011983750397294,0.00635239165207125,0.007));
#10364=CARTESIAN_POINT('',(-0.00116369878849561,0.00642221509442931,0.007));
#10365=CARTESIAN_POINT('',(-0.00113730849052961,0.00647297226608676,0.007));
#10366=CARTESIAN_POINT('',(-0.0011225169469477,0.00650042543748754,0.007));
#10367=CARTESIAN_POINT('',(-0.00112047877926533,0.00650419305565387,0.007));
#10368=CARTESIAN_POINT('',(-0.000135321210157773,0.00524825572643725,0.007));
#10369=CARTESIAN_POINT('',(-0.000135997835610631,0.00525221811700155,0.007));
#10370=CARTESIAN_POINT('',(-0.000137706808393586,0.00526177502393325,0.007));
#10371=CARTESIAN_POINT('',(-0.000140900144357181,0.0052779609171706,0.007));
#10372=CARTESIAN_POINT('',(-0.000145108877544345,0.0052972534211669,0.007));
#10373=CARTESIAN_POINT('',(-0.000150186149950889,0.00531847944320992,0.007));
#10374=CARTESIAN_POINT('',(-0.000156210787266272,0.00534161117636596,0.007));
#10375=CARTESIAN_POINT('',(-0.000163260831665568,0.00536661839652601,0.007));
#10376=CARTESIAN_POINT('',(-0.000171413480816771,0.00539346854048691,0.007));
#10377=CARTESIAN_POINT('',(-0.000180745024193542,0.00542212670994513,0.007));
#10378=CARTESIAN_POINT('',(-0.000191330780902954,0.00545255569941932,0.007));
#10379=CARTESIAN_POINT('',(-0.000203245037850991,0.00548471601969877,0.007));
#10380=CARTESIAN_POINT('',(-0.000216560988618977,0.00551856592474207,0.007));
#10381=CARTESIAN_POINT('',(-0.000231350672986914,0.00555406143967866,0.007));
#10382=CARTESIAN_POINT('',(-0.000247684917165611,0.00559115639051169,0.007));
#10383=CARTESIAN_POINT('',(-0.000265633274764782,0.00562980243530658,0.007));
#10384=CARTESIAN_POINT('',(-0.000285263968534319,0.00566994909688834,0.007));
#10385=CARTESIAN_POINT('',(-0.000306643832912942,0.00571154379700831,0.007));
#10386=CARTESIAN_POINT('',(-0.000329838257419748,0.00575453189196099,0.007));
#10387=CARTESIAN_POINT('',(-0.000354911130920112,0.00579885670962762,0.007));
#10388=CARTESIAN_POINT('',(-0.000381924786811093,0.00584445958792137,0.007));
#10389=CARTESIAN_POINT('',(-0.000410939949116757,0.0058912799146227,0.007));
#10390=CARTESIAN_POINT('',(-0.000442015679692041,0.00593925516853671,0.007));
#10391=CARTESIAN_POINT('',(-0.00047520932593226,0.00598832096212169,0.007));
#10392=CARTESIAN_POINT('',(-0.000510576471456708,0.00603841108490017,0.007));
#10393=CARTESIAN_POINT('',(-0.00054817088046467,0.00608945755017295,0.007));
#10394=CARTESIAN_POINT('',(-0.000588044471515513,0.00614139063526739,0.007));
#10395=CARTESIAN_POINT('',(-0.000630247184161421,0.0061941389525526,0.007));
#10396=CARTESIAN_POINT('',(-0.000674827260447301,0.00624762940881947,0.007));
#10397=CARTESIAN_POINT('',(-0.000721829948128344,0.00630178759665179,0.007));
#10398=CARTESIAN_POINT('',(-0.000771302231347835,0.00635653654324579,0.007));
#10399=CARTESIAN_POINT('',(-0.000823274584915458,0.00641180172767244,0.007));
#10400=CARTESIAN_POINT('',(-0.000877830289906441,0.00646749221658477,0.007));
#10401=CARTESIAN_POINT('',(-0.000918613783382528,0.00650761010488019,0.007));
#10402=CARTESIAN_POINT('',(-0.000941164873804503,0.00652914878409402,0.007));
#10403=CARTESIAN_POINT('',(-0.00094426754450183,0.00653210217345079,0.007));
#10404=CARTESIAN_POINT('',(-0.000154601365744417,0.00533529605108048,0.007));
#10405=CARTESIAN_POINT('',(-4.34599801481005E-5,0.00536481990773551,0.007));
#10406=CARTESIAN_POINT('',(-4.25284377516757E-5,0.00524982774307713,0.007));
#10407=CARTESIAN_POINT('',(-1.84314369322539E-18,-5.69422980989387E-16,
0.007));
#10408=CARTESIAN_POINT('',(4.25284377516768E-5,0.00524982774307714,0.007));
#10409=CARTESIAN_POINT('',(4.34599801481018E-5,0.00536481990773552,0.007));
#10410=CARTESIAN_POINT('',(0.000154601365744418,0.00533529605108048,0.007));
#10411=CARTESIAN_POINT('',(0.000135321210157774,0.00524825572643725,0.007));
#10412=CARTESIAN_POINT('',(0.000135997835610632,0.00525221811700155,0.007));
#10413=CARTESIAN_POINT('',(0.000137706808393586,0.00526177502393325,0.007));
#10414=CARTESIAN_POINT('',(0.000140900144357182,0.0052779609171706,0.007));
#10415=CARTESIAN_POINT('',(0.000145108877544345,0.0052972534211669,0.007));
#10416=CARTESIAN_POINT('',(0.00015018614995089,0.00531847944320992,0.007));
#10417=CARTESIAN_POINT('',(0.000156210787266272,0.00534161117636596,0.007));
#10418=CARTESIAN_POINT('',(0.000163260831665568,0.00536661839652601,0.007));
#10419=CARTESIAN_POINT('',(0.000171413480816772,0.00539346854048691,0.007));
#10420=CARTESIAN_POINT('',(0.000180745024193542,0.00542212670994513,0.007));
#10421=CARTESIAN_POINT('',(0.000191330780902954,0.00545255569941932,0.007));
#10422=CARTESIAN_POINT('',(0.000203245037850992,0.00548471601969877,0.007));
#10423=CARTESIAN_POINT('',(0.000216560988618977,0.00551856592474207,0.007));
#10424=CARTESIAN_POINT('',(0.000231350672986914,0.00555406143967866,0.007));
#10425=CARTESIAN_POINT('',(0.000247684917165611,0.00559115639051169,0.007));
#10426=CARTESIAN_POINT('',(0.000265633274764782,0.00562980243530658,0.007));
#10427=CARTESIAN_POINT('',(0.000285263968534319,0.00566994909688834,0.007));
#10428=CARTESIAN_POINT('',(0.000306643832912943,0.00571154379700831,0.007));
#10429=CARTESIAN_POINT('',(0.000329838257419748,0.00575453189196099,0.007));
#10430=CARTESIAN_POINT('',(0.000354911130920113,0.00579885670962762,0.007));
#10431=CARTESIAN_POINT('',(0.000381924786811094,0.00584445958792137,0.007));
#10432=CARTESIAN_POINT('',(0.000410939949116758,0.0058912799146227,0.007));
#10433=CARTESIAN_POINT('',(0.000442015679692042,0.00593925516853671,0.007));
#10434=CARTESIAN_POINT('',(0.00047520932593226,0.00598832096212169,0.007));
#10435=CARTESIAN_POINT('',(0.000510576471456708,0.00603841108490017,0.007));
#10436=CARTESIAN_POINT('',(0.00054817088046467,0.00608945755017295,0.007));
#10437=CARTESIAN_POINT('',(0.000588044471515513,0.00614139063526739,0.007));
#10438=CARTESIAN_POINT('',(0.000630247184161422,0.0061941389525526,0.007));
#10439=CARTESIAN_POINT('',(0.000674827260447302,0.00624762940881947,0.007));
#10440=CARTESIAN_POINT('',(0.000721829948128345,0.00630178759665179,0.007));
#10441=CARTESIAN_POINT('',(0.000771302231347836,0.00635653654324579,0.007));
#10442=CARTESIAN_POINT('',(0.000823274584915459,0.00641180172767244,0.007));
#10443=CARTESIAN_POINT('',(0.000877830289906442,0.00646749221658477,0.007));
#10444=CARTESIAN_POINT('',(0.000918613783382529,0.00650761010488019,0.007));
#10445=CARTESIAN_POINT('',(0.000941164873804503,0.00652914878409402,0.007));
#10446=CARTESIAN_POINT('',(0.000944267544501831,0.00653210217345079,0.007));
#10447=CARTESIAN_POINT('',(0.00149310209158125,0.00503320436144964,0.007));
#10448=CARTESIAN_POINT('',(0.00149368302855794,0.00503718190757969,0.007));
#10449=CARTESIAN_POINT('',(0.00149501094551209,0.00504679916782556,0.007));
#10450=CARTESIAN_POINT('',(0.00149697561861467,0.0050631796621425,0.007));
#10451=CARTESIAN_POINT('',(0.00149893458709058,0.00508282849386346,0.007));
#10452=CARTESIAN_POINT('',(0.0015006650156176,0.00510458460390119,0.007));
#10453=CARTESIAN_POINT('',(0.00150208334369505,0.00512844590476783,0.007));
#10454=CARTESIAN_POINT('',(0.00150310600904046,0.00515440776798596,0.007));
#10455=CARTESIAN_POINT('',(0.00150364952972547,0.00518246307950033,0.007));
#10456=CARTESIAN_POINT('',(0.00150363056598017,0.00521260222379583,0.007));
#10457=CARTESIAN_POINT('',(0.00150296598795095,0.00524481309124106,0.007));
#10458=CARTESIAN_POINT('',(0.0015015729417546,0.00527908108128127,0.007));
#10459=CARTESIAN_POINT('',(0.0014993689159224,0.00531538910913224,0.007));
#10460=CARTESIAN_POINT('',(0.00149627180756982,0.00535371761372307,0.007));
#10461=CARTESIAN_POINT('',(0.00149219998841782,0.00539404456747596,0.007));
#10462=CARTESIAN_POINT('',(0.00148707237057333,0.00543634548772644,0.007));
#10463=CARTESIAN_POINT('',(0.0014808084720406,0.00548059344981742,0.007));
#10464=CARTESIAN_POINT('',(0.00147332848191881,0.00552675910184029,0.007));
#10465=CARTESIAN_POINT('',(0.00146455332524607,0.0055748106810155,0.007));
#10466=CARTESIAN_POINT('',(0.00145440472745287,0.00562471403170037,0.007));
#10467=CARTESIAN_POINT('',(0.00144280527837398,0.00567643262501396,0.007));
#10468=CARTESIAN_POINT('',(0.00142967849582471,0.00572992758006533,0.007));
#10469=CARTESIAN_POINT('',(0.00141494888853134,0.00578515768678154,0.007));
#10470=CARTESIAN_POINT('',(0.00139854201903523,0.00584207943029122,0.007));
#10471=CARTESIAN_POINT('',(0.00138038456401033,0.00590064701697131,0.007));
#10472=CARTESIAN_POINT('',(0.0013604043816191,0.00596081240167977,0.007));
#10473=CARTESIAN_POINT('',(0.00133853054888661,0.00602252531793162,0.007));
#10474=CARTESIAN_POINT('',(0.0013146935104852,0.00608573330422563,0.007));
#10475=CARTESIAN_POINT('',(0.00128882479845991,0.0061503817524007,0.007));
#10476=CARTESIAN_POINT('',(0.00126085838648221,0.00621641387912411,0.007));
#10477=CARTESIAN_POINT('',(0.00123072580407198,0.00628377099780798,0.007));
#10478=CARTESIAN_POINT('',(0.0011983750397294,0.00635239165207125,0.007));
#10479=CARTESIAN_POINT('',(0.00116369878849561,0.00642221509442931,0.007));
#10480=CARTESIAN_POINT('',(0.00113730849052961,0.00647297226608676,0.007));
#10481=CARTESIAN_POINT('',(0.0011225169469477,0.00650042543748754,0.007));
#10482=CARTESIAN_POINT('',(0.00112047877926533,0.00650419305565387,0.007));
#10483=CARTESIAN_POINT('',(0.00150166251348606,0.0051219425251125,0.007));
#10484=CARTESIAN_POINT('',(0.0016164876259334,0.00511567680444278,0.007));
#10485=CARTESIAN_POINT('',(0.00158183904230033,0.00500602489449007,0.007));
#10486=CARTESIAN_POINT('',(-1.77714311933273E-16,-5.40983873873886E-16,
0.007));
#10487=CARTESIAN_POINT('',(0.0016627329380035,0.00497974087447111,0.007));
#10488=CARTESIAN_POINT('',(0.00169915342056922,0.00508881705956087,0.007));
#10489=CARTESIAN_POINT('',(0.00179573178612477,0.00502639362637529,0.007));
#10490=CARTESIAN_POINT('',(0.00175049832900824,0.00494957125417337,0.007));
#10491=CARTESIAN_POINT('',(0.00175236628407699,0.00495313062277589,0.007));
#10492=CARTESIAN_POINT('',(0.00175694486043395,0.00496169167975606,0.007));
#10493=CARTESIAN_POINT('',(0.00176498361949033,0.00497609858390999,0.007));
#10494=CARTESIAN_POINT('',(0.00177494807421223,0.0049931462754717,0.007));
#10495=CARTESIAN_POINT('',(0.00178633604875375,0.00501176445859205,0.007));
#10496=CARTESIAN_POINT('',(0.00179921391798542,0.0050319023288279,0.007));
#10497=CARTESIAN_POINT('',(0.00181364656466308,0.00505350702498506,0.007));
#10498=CARTESIAN_POINT('',(0.00182969734554872,0.00507652372222564,0.007));
#10499=CARTESIAN_POINT('',(0.00184742803207456,0.0051008956555468,0.007));
#10500=CARTESIAN_POINT('',(0.00186689875984214,0.00512656416554898,0.007));
#10501=CARTESIAN_POINT('',(0.00188816797706028,0.0051534687398446,0.007));
#10502=CARTESIAN_POINT('',(0.0019112923947252,0.00518154705752843,0.007));
#10503=CARTESIAN_POINT('',(0.00193632693775677,0.005210735034497,0.007));
#10504=CARTESIAN_POINT('',(0.00196332469733458,0.00524096687016691,0.007));
#10505=CARTESIAN_POINT('',(0.00199233688439306,0.00527217509537886,0.007));
#10506=CARTESIAN_POINT('',(0.00202341278431816,0.00530429062149753,0.007));
#10507=CARTESIAN_POINT('',(0.00205659971286596,0.00533724279065955,0.007));
#10508=CARTESIAN_POINT('',(0.00209194297333105,0.00537095942714006,0.007));
#10509=CARTESIAN_POINT('',(0.00212948581498738,0.00540536688980608,0.007));
#10510=CARTESIAN_POINT('',(0.00216926939283663,0.00544039012561865,0.007));
#10511=CARTESIAN_POINT('',(0.00221133272865169,0.00547595272417602,0.007));
#10512=CARTESIAN_POINT('',(0.00225571267348284,0.00551197697317147,0.007));
#10513=CARTESIAN_POINT('',(0.00230244387109944,0.00554838391509416,0.007));
#10514=CARTESIAN_POINT('',(0.0023515587245021,0.00558509340375507,0.007));
#10515=CARTESIAN_POINT('',(0.00240308735743745,0.00562202416590965,0.007));
#10516=CARTESIAN_POINT('',(0.00245705760189895,0.00565909384763856,0.007));
#10517=CARTESIAN_POINT('',(0.00251349489323198,0.00569621912309995,0.007));
#10518=CARTESIAN_POINT('',(0.00257242252530393,0.00573331556890929,0.007));
#10519=CARTESIAN_POINT('',(0.00263386053813112,0.00577029843708322,0.007));
#10520=CARTESIAN_POINT('',(0.00269782983038468,0.00580708000323638,0.007));
#10521=CARTESIAN_POINT('',(0.00276433635709746,0.00584357997651954,0.007));
#10522=CARTESIAN_POINT('',(0.00283343122332918,0.00587968613891295,0.007));
#10523=CARTESIAN_POINT('',(0.00288461573981861,0.00590523772542223,0.007));
#10524=CARTESIAN_POINT('',(0.00291271891922746,0.00591875355645885,0.007));
#10525=CARTESIAN_POINT('',(0.00291658238191431,0.00592060361867834,0.007));
#10526=CARTESIAN_POINT('',(0.00297537015754231,0.00432546788516649,0.007));
#10527=CARTESIAN_POINT('',(0.00297715179078964,0.00432907123693387,0.007));
#10528=CARTESIAN_POINT('',(0.0029813866117173,0.00433780744605367,0.007));
#10529=CARTESIAN_POINT('',(0.00298831697799409,0.00435277910453683,0.007));
#10530=CARTESIAN_POINT('',(0.00299625189064971,0.00437086089943213,0.007));
#10531=CARTESIAN_POINT('',(0.00300462063370946,0.00439101745783035,0.007));
#10532=CARTESIAN_POINT('',(0.00301334309134545,0.00441327261602733,0.007));
#10533=CARTESIAN_POINT('',(0.00302233836082624,0.0044376477942448,0.007));
#10534=CARTESIAN_POINT('',(0.00303152484775588,0.00446416202394878,0.007));
#10535=CARTESIAN_POINT('',(0.00304082031994557,0.00449283191364614,0.007));
#10536=CARTESIAN_POINT('',(0.00305014197412443,0.00452367163493056,0.007));
#10537=CARTESIAN_POINT('',(0.00305940649974738,0.00455669290510726,0.007));
#10538=CARTESIAN_POINT('',(0.00306853014425577,0.00459190497302694,0.007));
#10539=CARTESIAN_POINT('',(0.00307742877846292,0.00462931460619227,0.007));
#10540=CARTESIAN_POINT('',(0.00308601796236626,0.00466892607965728,0.007));
#10541=CARTESIAN_POINT('',(0.00309421301123728,0.00471074116656139,0.007));
#10542=CARTESIAN_POINT('',(0.00310192906197289,0.00475475913033845,0.007));
#10543=CARTESIAN_POINT('',(0.0031090811396572,0.00480097671858921,0.007));
#10544=CARTESIAN_POINT('',(0.00311558422429378,0.00484938815862224,0.007));
#10545=CARTESIAN_POINT('',(0.00312135331766917,0.00489998515466322,0.007));
#10546=CARTESIAN_POINT('',(0.00312630351029632,0.0049527568867385,0.007));
#10547=CARTESIAN_POINT('',(0.00313035004843905,0.00500769001121821,0.007));
#10548=CARTESIAN_POINT('',(0.00313340840101667,0.00506476866308046,0.007));
#10549=CARTESIAN_POINT('',(0.00313539432696434,0.00512397445966301,0.007));
#10550=CARTESIAN_POINT('',(0.00313622394064724,0.00518528650679608,0.007));
#10551=CARTESIAN_POINT('',(0.00313581378433532,0.00524868140388807,0.007));
#10552=CARTESIAN_POINT('',(0.003134080873073,0.00531413326107542,0.007));
#10553=CARTESIAN_POINT('',(0.00313094284431722,0.00538161367828383,0.007));
#10554=CARTESIAN_POINT('',(0.00312631770632347,0.00545109187782751,0.007));
#10555=CARTESIAN_POINT('',(0.00312012511730694,0.00552253425880544,0.007));
#10556=CARTESIAN_POINT('',(0.00311228182281834,0.00559590616549777,0.007));
#10557=CARTESIAN_POINT('',(0.00310271936591567,0.00567116522185016,0.007));
#10558=CARTESIAN_POINT('',(0.00309131692151349,0.00574828681262741,0.007));
#10559=CARTESIAN_POINT('',(0.00308190308529452,0.00580471480203905,0.007));
#10560=CARTESIAN_POINT('',(0.0030763189878972,0.00583539515793258,0.007));
#10561=CARTESIAN_POINT('',(0.0030755448332833,0.00583960820419182,0.007));
#10562=CARTESIAN_POINT('',(0.00301093320319857,0.0044072175781145,0.007));
#10563=CARTESIAN_POINT('',(0.00311820216045699,0.00436577561251504,0.007));
#10564=CARTESIAN_POINT('',(0.0030513650955713,0.00427219745020395,0.007));
#10565=CARTESIAN_POINT('',(-3.36189565112874E-16,-4.59589495927323E-16,
0.007));
#10566=CARTESIAN_POINT('',(0.00312017755334195,0.004222202273177,0.007));
#10567=CARTESIAN_POINT('',(0.00318852188548702,0.00431468534172309,0.007));
#10568=CARTESIAN_POINT('',(0.00326108346768019,0.00422547277257681,0.007));
#10569=CARTESIAN_POINT('',(0.00319432447497636,0.00416638826186027,0.007));
#10570=CARTESIAN_POINT('',(0.00319720091120407,0.00416919619270262,0.007));
#10571=CARTESIAN_POINT('',(0.00320420090818038,0.00417592338382564,0.007));
#10572=CARTESIAN_POINT('',(0.00321629820058378,0.00418714105073876,0.007));
#10573=CARTESIAN_POINT('',(0.0032310429865858,0.00420027518303758,0.007));
#10574=CARTESIAN_POINT('',(0.00324762692896949,0.00421446304975092,0.007));
#10575=CARTESIAN_POINT('',(0.00326609745455166,0.00422963582201911,0.007));
#10576=CARTESIAN_POINT('',(0.0032864999354927,0.00424572317598475,0.007));
#10577=CARTESIAN_POINT('',(0.00330887768584735,0.00426265339181234,0.007));
#10578=CARTESIAN_POINT('',(0.00333327191238814,0.00428035339435372,0.007));
#10579=CARTESIAN_POINT('',(0.00335972168071946,0.00429874881228184,0.007));
#10580=CARTESIAN_POINT('',(0.00338826387903504,0.00431776403340639,0.007));
#10581=CARTESIAN_POINT('',(0.00341893318447856,0.00433732226236272,0.007));
#10582=CARTESIAN_POINT('',(0.00345176203067592,0.00435734557881298,0.007));
#10583=CARTESIAN_POINT('',(0.00348678057684091,0.00437775499660681,0.007));
#10584=CARTESIAN_POINT('',(0.00352401667834964,0.0043984705237116,0.007));
#10585=CARTESIAN_POINT('',(0.00356349585882709,0.00441941122290865,0.007));
#10586=CARTESIAN_POINT('',(0.00360524128375089,0.00444049527320387,0.007));
#10587=CARTESIAN_POINT('',(0.00364927373558897,0.00446164003191589,0.007));
#10588=CARTESIAN_POINT('',(0.00369561159048357,0.00448276209740465,0.007));
#10589=CARTESIAN_POINT('',(0.00374427079650272,0.00450377737239348,0.007));
#10590=CARTESIAN_POINT('',(0.00379526485344512,0.00452460112788091,0.007));
#10591=CARTESIAN_POINT('',(0.00384860479431878,0.00454514806747043,0.007));
#10592=CARTESIAN_POINT('',(0.00390429916809366,0.00456533239259335,0.007));
#10593=CARTESIAN_POINT('',(0.00396235402532018,0.00458506786661652,0.007));
#10594=CARTESIAN_POINT('',(0.00402277290057011,0.00460426788534144,0.007));
#10595=CARTESIAN_POINT('',(0.00408555681488156,0.00462284552497754,0.007));
#10596=CARTESIAN_POINT('',(0.00415070420960431,0.00464071367798595,0.007));
#10597=CARTESIAN_POINT('',(0.00421821115026218,0.0046577848547558,0.007));
#10598=CARTESIAN_POINT('',(0.00428807050747617,0.00467397226245968,0.007));
#10599=CARTESIAN_POINT('',(0.00436027504873777,0.0046891860122047,0.007));
#10600=CARTESIAN_POINT('',(0.00443480562638284,0.00470334790264914,0.007));
#10601=CARTESIAN_POINT('',(0.00451167616693628,0.00471633541578214,0.007));
#10602=CARTESIAN_POINT('',(0.00456825140934158,0.00472481953318937,0.007));
#10603=CARTESIAN_POINT('',(0.00459915574273039,0.00472898949233659,0.007));
#10604=CARTESIAN_POINT('',(0.00460340181476066,0.00472955513043861,0.007));
#10605=CARTESIAN_POINT('',(0.00416638826186027,0.00319432447497636,0.007));
#10606=CARTESIAN_POINT('',(0.00416919619270262,0.00319720091120407,0.007));
#10607=CARTESIAN_POINT('',(0.00417592338382564,0.00320420090818038,0.007));
#10608=CARTESIAN_POINT('',(0.00418714105073876,0.00321629820058378,0.007));
#10609=CARTESIAN_POINT('',(0.00420027518303758,0.0032310429865858,0.007));
#10610=CARTESIAN_POINT('',(0.00421446304975092,0.00324762692896949,0.007));
#10611=CARTESIAN_POINT('',(0.00422963582201911,0.00326609745455166,0.007));
#10612=CARTESIAN_POINT('',(0.00424572317598475,0.0032864999354927,0.007));
#10613=CARTESIAN_POINT('',(0.00426265339181234,0.00330887768584735,0.007));
#10614=CARTESIAN_POINT('',(0.00428035339435372,0.00333327191238814,0.007));
#10615=CARTESIAN_POINT('',(0.00429874881228184,0.00335972168071946,0.007));
#10616=CARTESIAN_POINT('',(0.00431776403340639,0.00338826387903504,0.007));
#10617=CARTESIAN_POINT('',(0.00433732226236272,0.00341893318447856,0.007));
#10618=CARTESIAN_POINT('',(0.00435734557881297,0.00345176203067592,0.007));
#10619=CARTESIAN_POINT('',(0.00437775499660681,0.00348678057684091,0.007));
#10620=CARTESIAN_POINT('',(0.0043984705237116,0.00352401667834964,0.007));
#10621=CARTESIAN_POINT('',(0.00441941122290865,0.00356349585882709,0.007));
#10622=CARTESIAN_POINT('',(0.00444049527320387,0.00360524128375089,0.007));
#10623=CARTESIAN_POINT('',(0.00446164003191589,0.00364927373558897,0.007));
#10624=CARTESIAN_POINT('',(0.00448276209740465,0.00369561159048357,0.007));
#10625=CARTESIAN_POINT('',(0.00450377737239348,0.00374427079650272,0.007));
#10626=CARTESIAN_POINT('',(0.00452460112788091,0.00379526485344512,0.007));
#10627=CARTESIAN_POINT('',(0.00454514806747043,0.00384860479431878,0.007));
#10628=CARTESIAN_POINT('',(0.00456533239259335,0.00390429916809366,0.007));
#10629=CARTESIAN_POINT('',(0.00458506786661652,0.00396235402532019,0.007));
#10630=CARTESIAN_POINT('',(0.00460426788534144,0.00402277290057011,0.007));
#10631=CARTESIAN_POINT('',(0.00462284552497754,0.00408555681488156,0.007));
#10632=CARTESIAN_POINT('',(0.00464071367798595,0.00415070420960431,0.007));
#10633=CARTESIAN_POINT('',(0.0046577848547558,0.00421821115026218,0.007));
#10634=CARTESIAN_POINT('',(0.00467397226245968,0.00428807050747617,0.007));
#10635=CARTESIAN_POINT('',(0.0046891860122047,0.00436027504873777,0.007));
#10636=CARTESIAN_POINT('',(0.00470334790264914,0.00443480562638284,0.007));
#10637=CARTESIAN_POINT('',(0.00471633541578214,0.00451167616693628,0.007));
#10638=CARTESIAN_POINT('',(0.00472481953318937,0.00456825140934158,0.007));
#10639=CARTESIAN_POINT('',(0.00472898949233659,0.00459915574273039,0.007));
#10640=CARTESIAN_POINT('',(0.00472955513043861,0.00460340181476066,0.007));
#10641=CARTESIAN_POINT('',(0.00422547277257681,0.00326108346768019,0.007));
#10642=CARTESIAN_POINT('',(0.00431468534172309,0.00318852188548701,0.007));
#10643=CARTESIAN_POINT('',(0.004222202273177,0.00312017755334194,0.007));
#10644=CARTESIAN_POINT('',(-4.6175624128879E-16,-3.33207295971085E-16,0.007));
#10645=CARTESIAN_POINT('',(0.00427219745020395,0.0030513650955713,0.007));
#10646=CARTESIAN_POINT('',(0.00436577561251505,0.00311820216045699,0.007));
#10647=CARTESIAN_POINT('',(0.0044072175781145,0.00301093320319857,0.007));
#10648=CARTESIAN_POINT('',(0.00432546788516648,0.00297537015754231,0.007));
#10649=CARTESIAN_POINT('',(0.00432907123693387,0.00297715179078964,0.007));
#10650=CARTESIAN_POINT('',(0.00433780744605367,0.0029813866117173,0.007));
#10651=CARTESIAN_POINT('',(0.00435277910453683,0.00298831697799409,0.007));
#10652=CARTESIAN_POINT('',(0.00437086089943213,0.00299625189064971,0.007));
#10653=CARTESIAN_POINT('',(0.00439101745783035,0.00300462063370946,0.007));
#10654=CARTESIAN_POINT('',(0.00441327261602733,0.00301334309134545,0.007));
#10655=CARTESIAN_POINT('',(0.0044376477942448,0.00302233836082624,0.007));
#10656=CARTESIAN_POINT('',(0.00446416202394878,0.00303152484775588,0.007));
#10657=CARTESIAN_POINT('',(0.00449283191364614,0.00304082031994557,0.007));
#10658=CARTESIAN_POINT('',(0.00452367163493056,0.00305014197412443,0.007));
#10659=CARTESIAN_POINT('',(0.00455669290510726,0.00305940649974738,0.007));
#10660=CARTESIAN_POINT('',(0.00459190497302694,0.00306853014425577,0.007));
#10661=CARTESIAN_POINT('',(0.00462931460619227,0.00307742877846292,0.007));
#10662=CARTESIAN_POINT('',(0.00466892607965728,0.00308601796236626,0.007));
#10663=CARTESIAN_POINT('',(0.00471074116656138,0.00309421301123728,0.007));
#10664=CARTESIAN_POINT('',(0.00475475913033845,0.00310192906197289,0.007));
#10665=CARTESIAN_POINT('',(0.00480097671858921,0.0031090811396572,0.007));
#10666=CARTESIAN_POINT('',(0.00484938815862224,0.00311558422429378,0.007));
#10667=CARTESIAN_POINT('',(0.00489998515466322,0.00312135331766917,0.007));
#10668=CARTESIAN_POINT('',(0.0049527568867385,0.00312630351029632,0.007));
#10669=CARTESIAN_POINT('',(0.00500769001121821,0.00313035004843905,0.007));
#10670=CARTESIAN_POINT('',(0.00506476866308046,0.00313340840101667,0.007));
#10671=CARTESIAN_POINT('',(0.00512397445966301,0.00313539432696434,0.007));
#10672=CARTESIAN_POINT('',(0.00518528650679608,0.00313622394064724,0.007));
#10673=CARTESIAN_POINT('',(0.00524868140388807,0.00313581378433532,0.007));
#10674=CARTESIAN_POINT('',(0.00531413326107542,0.003134080873073,0.007));
#10675=CARTESIAN_POINT('',(0.00538161367828383,0.00313094284431722,0.007));
#10676=CARTESIAN_POINT('',(0.00545109187782751,0.00312631770632347,0.007));
#10677=CARTESIAN_POINT('',(0.00552253425880544,0.00312012511730694,0.007));
#10678=CARTESIAN_POINT('',(0.00559590616549777,0.00311228182281834,0.007));
#10679=CARTESIAN_POINT('',(0.00567116522185016,0.00310271936591567,0.007));
#10680=CARTESIAN_POINT('',(0.00574828681262741,0.00309131692151349,0.007));
#10681=CARTESIAN_POINT('',(0.00580471480203905,0.00308190308529452,0.007));
#10682=CARTESIAN_POINT('',(0.00583539515793258,0.0030763189878972,0.007));
#10683=CARTESIAN_POINT('',(0.00583960820419182,0.0030755448332833,0.007));
#10684=CARTESIAN_POINT('',(0.00494957125417337,0.00175049832900824,0.007));
#10685=CARTESIAN_POINT('',(0.00495313062277589,0.00175236628407699,0.007));
#10686=CARTESIAN_POINT('',(0.00496169167975606,0.00175694486043395,0.007));
#10687=CARTESIAN_POINT('',(0.00497609858390999,0.00176498361949033,0.007));
#10688=CARTESIAN_POINT('',(0.0049931462754717,0.00177494807421223,0.007));
#10689=CARTESIAN_POINT('',(0.00501176445859205,0.00178633604875375,0.007));
#10690=CARTESIAN_POINT('',(0.0050319023288279,0.00179921391798542,0.007));
#10691=CARTESIAN_POINT('',(0.00505350702498506,0.00181364656466308,0.007));
#10692=CARTESIAN_POINT('',(0.00507652372222564,0.00182969734554872,0.007));
#10693=CARTESIAN_POINT('',(0.0051008956555468,0.00184742803207456,0.007));
#10694=CARTESIAN_POINT('',(0.00512656416554898,0.00186689875984214,0.007));
#10695=CARTESIAN_POINT('',(0.0051534687398446,0.00188816797706028,0.007));
#10696=CARTESIAN_POINT('',(0.00518154705752843,0.0019112923947252,0.007));
#10697=CARTESIAN_POINT('',(0.005210735034497,0.00193632693775677,0.007));
#10698=CARTESIAN_POINT('',(0.00524096687016691,0.00196332469733458,0.007));
#10699=CARTESIAN_POINT('',(0.00527217509537886,0.00199233688439306,0.007));
#10700=CARTESIAN_POINT('',(0.00530429062149753,0.00202341278431816,0.007));
#10701=CARTESIAN_POINT('',(0.00533724279065955,0.00205659971286596,0.007));
#10702=CARTESIAN_POINT('',(0.00537095942714006,0.00209194297333105,0.007));
#10703=CARTESIAN_POINT('',(0.00540536688980608,0.00212948581498738,0.007));
#10704=CARTESIAN_POINT('',(0.00544039012561865,0.00216926939283663,0.007));
#10705=CARTESIAN_POINT('',(0.00547595272417602,0.00221133272865169,0.007));
#10706=CARTESIAN_POINT('',(0.00551197697317147,0.00225571267348284,0.007));
#10707=CARTESIAN_POINT('',(0.00554838391509416,0.00230244387109944,0.007));
#10708=CARTESIAN_POINT('',(0.00558509340375507,0.0023515587245021,0.007));
#10709=CARTESIAN_POINT('',(0.00562202416590965,0.00240308735743745,0.007));
#10710=CARTESIAN_POINT('',(0.00565909384763856,0.00245705760189895,0.007));
#10711=CARTESIAN_POINT('',(0.00569621912309995,0.00251349489323198,0.007));
#10712=CARTESIAN_POINT('',(0.00573331556890929,0.00257242252530393,0.007));
#10713=CARTESIAN_POINT('',(0.00577029843708322,0.00263386053813112,0.007));
#10714=CARTESIAN_POINT('',(0.00580708000323638,0.00269782983038468,0.007));
#10715=CARTESIAN_POINT('',(0.00584357997651954,0.00276433635709746,0.007));
#10716=CARTESIAN_POINT('',(0.00587968613891295,0.00283343122332918,0.007));
#10717=CARTESIAN_POINT('',(0.00590523772542223,0.00288461573981861,0.007));
#10718=CARTESIAN_POINT('',(0.00591875355645885,0.00291271891922746,0.007));
#10719=CARTESIAN_POINT('',(0.00592060361867834,0.00291658238191431,0.007));
#10720=CARTESIAN_POINT('',(0.00502639362637529,0.00179573178612477,0.007));
#10721=CARTESIAN_POINT('',(0.00508881705956086,0.00169915342056922,0.007));
#10722=CARTESIAN_POINT('',(0.0049797408744711,0.0016627329380035,0.007));
#10723=CARTESIAN_POINT('',(-5.42122999322449E-16,-1.74208444293453E-16,
0.007));
#10724=CARTESIAN_POINT('',(0.00500602489449008,0.00158183904230033,0.007));
#10725=CARTESIAN_POINT('',(0.00511567680444279,0.0016164876259334,0.007));
#10726=CARTESIAN_POINT('',(0.0051219425251125,0.00150166251348606,0.007));
#10727=CARTESIAN_POINT('',(0.00503320436144964,0.00149310209158125,0.007));
#10728=CARTESIAN_POINT('',(0.00503718190757969,0.00149368302855794,0.007));
#10729=CARTESIAN_POINT('',(0.00504679916782556,0.00149501094551209,0.007));
#10730=CARTESIAN_POINT('',(0.0050631796621425,0.00149697561861467,0.007));
#10731=CARTESIAN_POINT('',(0.00508282849386346,0.00149893458709058,0.007));
#10732=CARTESIAN_POINT('',(0.00510458460390119,0.0015006650156176,0.007));
#10733=CARTESIAN_POINT('',(0.00512844590476783,0.00150208334369505,0.007));
#10734=CARTESIAN_POINT('',(0.00515440776798596,0.00150310600904046,0.007));
#10735=CARTESIAN_POINT('',(0.00518246307950033,0.00150364952972547,0.007));
#10736=CARTESIAN_POINT('',(0.00521260222379583,0.00150363056598017,0.007));
#10737=CARTESIAN_POINT('',(0.00524481309124106,0.00150296598795095,0.007));
#10738=CARTESIAN_POINT('',(0.00527908108128127,0.0015015729417546,0.007));
#10739=CARTESIAN_POINT('',(0.00531538910913224,0.0014993689159224,0.007));
#10740=CARTESIAN_POINT('',(0.00535371761372307,0.00149627180756982,0.007));
#10741=CARTESIAN_POINT('',(0.00539404456747596,0.00149219998841782,0.007));
#10742=CARTESIAN_POINT('',(0.00543634548772644,0.00148707237057333,0.007));
#10743=CARTESIAN_POINT('',(0.00548059344981742,0.0014808084720406,0.007));
#10744=CARTESIAN_POINT('',(0.00552675910184029,0.00147332848191881,0.007));
#10745=CARTESIAN_POINT('',(0.0055748106810155,0.00146455332524607,0.007));
#10746=CARTESIAN_POINT('',(0.00562471403170037,0.00145440472745287,0.007));
#10747=CARTESIAN_POINT('',(0.00567643262501396,0.00144280527837398,0.007));
#10748=CARTESIAN_POINT('',(0.00572992758006533,0.00142967849582471,0.007));
#10749=CARTESIAN_POINT('',(0.00578515768678154,0.00141494888853134,0.007));
#10750=CARTESIAN_POINT('',(0.00584207943029122,0.00139854201903523,0.007));
#10751=CARTESIAN_POINT('',(0.00590064701697131,0.00138038456401033,0.007));
#10752=CARTESIAN_POINT('',(0.00596081240167977,0.0013604043816191,0.007));
#10753=CARTESIAN_POINT('',(0.00602252531793162,0.00133853054888661,0.007));
#10754=CARTESIAN_POINT('',(0.00608573330422563,0.0013146935104852,0.007));
#10755=CARTESIAN_POINT('',(0.0061503817524007,0.00128882479845991,0.007));
#10756=CARTESIAN_POINT('',(0.00621641387912411,0.00126085838648221,0.007));
#10757=CARTESIAN_POINT('',(0.00628377099780798,0.00123072580407198,0.007));
#10758=CARTESIAN_POINT('',(0.00635239165207125,0.0011983750397294,0.007));
#10759=CARTESIAN_POINT('',(0.00642221509442931,0.00116369878849561,0.007));
#10760=CARTESIAN_POINT('',(0.00647297226608676,0.00113730849052961,0.007));
#10761=CARTESIAN_POINT('',(0.00650042543748754,0.0011225169469477,0.007));
#10762=CARTESIAN_POINT('',(0.00650419305565387,0.00112047877926533,0.007));
#10763=CARTESIAN_POINT('',(0.00524825572643725,0.000135321210157774,0.007));
#10764=CARTESIAN_POINT('',(0.00525221811700155,0.000135997835610632,0.007));
#10765=CARTESIAN_POINT('',(0.00526177502393325,0.000137706808393586,0.007));
#10766=CARTESIAN_POINT('',(0.0052779609171706,0.000140900144357182,0.007));
#10767=CARTESIAN_POINT('',(0.0052972534211669,0.000145108877544345,0.007));
#10768=CARTESIAN_POINT('',(0.00531847944320992,0.00015018614995089,0.007));
#10769=CARTESIAN_POINT('',(0.00534161117636596,0.000156210787266272,0.007));
#10770=CARTESIAN_POINT('',(0.00536661839652601,0.000163260831665568,0.007));
#10771=CARTESIAN_POINT('',(0.00539346854048691,0.000171413480816772,0.007));
#10772=CARTESIAN_POINT('',(0.00542212670994513,0.000180745024193542,0.007));
#10773=CARTESIAN_POINT('',(0.00545255569941932,0.000191330780902954,0.007));
#10774=CARTESIAN_POINT('',(0.00548471601969877,0.000203245037850992,0.007));
#10775=CARTESIAN_POINT('',(0.00551856592474207,0.000216560988618977,0.007));
#10776=CARTESIAN_POINT('',(0.00555406143967866,0.000231350672986914,0.007));
#10777=CARTESIAN_POINT('',(0.00559115639051169,0.000247684917165611,0.007));
#10778=CARTESIAN_POINT('',(0.00562980243530658,0.000265633274764782,0.007));
#10779=CARTESIAN_POINT('',(0.00566994909688834,0.000285263968534319,0.007));
#10780=CARTESIAN_POINT('',(0.00571154379700831,0.000306643832912943,0.007));
#10781=CARTESIAN_POINT('',(0.00575453189196099,0.000329838257419748,0.007));
#10782=CARTESIAN_POINT('',(0.00579885670962762,0.000354911130920113,0.007));
#10783=CARTESIAN_POINT('',(0.00584445958792137,0.000381924786811093,0.007));
#10784=CARTESIAN_POINT('',(0.0058912799146227,0.000410939949116757,0.007));
#10785=CARTESIAN_POINT('',(0.00593925516853671,0.000442015679692041,0.007));
#10786=CARTESIAN_POINT('',(0.00598832096212169,0.00047520932593226,0.007));
#10787=CARTESIAN_POINT('',(0.00603841108490017,0.000510576471456708,0.007));
#10788=CARTESIAN_POINT('',(0.00608945755017295,0.00054817088046467,0.007));
#10789=CARTESIAN_POINT('',(0.00614139063526739,0.000588044471515513,0.007));
#10790=CARTESIAN_POINT('',(0.0061941389525526,0.000630247184161422,0.007));
#10791=CARTESIAN_POINT('',(0.00624762940881947,0.000674827260447302,0.007));
#10792=CARTESIAN_POINT('',(0.00630178759665179,0.000721829948128344,0.007));
#10793=CARTESIAN_POINT('',(0.00635653654324579,0.000771302231347836,0.007));
#10794=CARTESIAN_POINT('',(0.00641180172767244,0.000823274584915459,0.007));
#10795=CARTESIAN_POINT('',(0.00646749221658477,0.000877830289906442,0.007));
#10796=CARTESIAN_POINT('',(0.00650761010488019,0.000918613783382528,0.007));
#10797=CARTESIAN_POINT('',(0.00652914878409402,0.000941164873804503,0.007));
#10798=CARTESIAN_POINT('',(0.00653210217345079,0.000944267544501831,0.007));
#10799=CARTESIAN_POINT('',(0.00533529605108048,0.000154601365744417,0.007));
#10800=CARTESIAN_POINT('',(0.00536481990773551,4.34599801481009E-5,0.007));
#10801=CARTESIAN_POINT('',(0.00524982774307713,4.25284377516761E-5,0.007));
#10802=CARTESIAN_POINT('',(-5.69422980989387E-16,1.84314369322536E-18,0.007));
#10803=CARTESIAN_POINT('',(0.00524982774307714,-4.25284377516766E-5,0.007));
#10804=CARTESIAN_POINT('',(0.00536481990773552,-4.34599801481014E-5,0.007));
#10805=CARTESIAN_POINT('',(0.00533529605108048,-0.000154601365744417,0.007));
#10806=CARTESIAN_POINT('',(0.00524825572643725,-0.000135321210157773,0.007));
#10807=CARTESIAN_POINT('',(0.00525221811700155,-0.000135997835610631,0.007));
#10808=CARTESIAN_POINT('',(0.00526177502393325,-0.000137706808393585,0.007));
#10809=CARTESIAN_POINT('',(0.0052779609171706,-0.000140900144357181,0.007));
#10810=CARTESIAN_POINT('',(0.0052972534211669,-0.000145108877544345,0.007));
#10811=CARTESIAN_POINT('',(0.00531847944320992,-0.000150186149950889,0.007));
#10812=CARTESIAN_POINT('',(0.00534161117636596,-0.000156210787266272,0.007));
#10813=CARTESIAN_POINT('',(0.00536661839652601,-0.000163260831665568,0.007));
#10814=CARTESIAN_POINT('',(0.00539346854048691,-0.000171413480816771,0.007));
#10815=CARTESIAN_POINT('',(0.00542212670994513,-0.000180745024193542,0.007));
#10816=CARTESIAN_POINT('',(0.00545255569941932,-0.000191330780902954,0.007));
#10817=CARTESIAN_POINT('',(0.00548471601969877,-0.000203245037850991,0.007));
#10818=CARTESIAN_POINT('',(0.00551856592474207,-0.000216560988618977,0.007));
#10819=CARTESIAN_POINT('',(0.00555406143967866,-0.000231350672986914,0.007));
#10820=CARTESIAN_POINT('',(0.00559115639051169,-0.000247684917165611,0.007));
#10821=CARTESIAN_POINT('',(0.00562980243530658,-0.000265633274764782,0.007));
#10822=CARTESIAN_POINT('',(0.00566994909688834,-0.000285263968534319,0.007));
#10823=CARTESIAN_POINT('',(0.00571154379700831,-0.000306643832912942,0.007));
#10824=CARTESIAN_POINT('',(0.00575453189196099,-0.000329838257419748,0.007));
#10825=CARTESIAN_POINT('',(0.00579885670962762,-0.000354911130920112,0.007));
#10826=CARTESIAN_POINT('',(0.00584445958792137,-0.000381924786811093,0.007));
#10827=CARTESIAN_POINT('',(0.0058912799146227,-0.000410939949116757,0.007));
#10828=CARTESIAN_POINT('',(0.00593925516853671,-0.000442015679692041,0.007));
#10829=CARTESIAN_POINT('',(0.00598832096212169,-0.00047520932593226,0.007));
#10830=CARTESIAN_POINT('',(0.00603841108490017,-0.000510576471456708,0.007));
#10831=CARTESIAN_POINT('',(0.00608945755017295,-0.00054817088046467,0.007));
#10832=CARTESIAN_POINT('',(0.00614139063526739,-0.000588044471515513,0.007));
#10833=CARTESIAN_POINT('',(0.0061941389525526,-0.000630247184161422,0.007));
#10834=CARTESIAN_POINT('',(0.00624762940881947,-0.000674827260447302,0.007));
#10835=CARTESIAN_POINT('',(0.00630178759665179,-0.000721829948128344,0.007));
#10836=CARTESIAN_POINT('',(0.00635653654324579,-0.000771302231347835,0.007));
#10837=CARTESIAN_POINT('',(0.00641180172767244,-0.000823274584915458,0.007));
#10838=CARTESIAN_POINT('',(0.00646749221658477,-0.000877830289906441,0.007));
#10839=CARTESIAN_POINT('',(0.00650761010488019,-0.000918613783382528,0.007));
#10840=CARTESIAN_POINT('',(0.00652914878409402,-0.000941164873804503,0.007));
#10841=CARTESIAN_POINT('',(0.00653210217345079,-0.00094426754450183,0.007));
#10842=CARTESIAN_POINT('',(0.00503320436144964,-0.00149310209158125,0.007));
#10843=CARTESIAN_POINT('',(0.00503718190757969,-0.00149368302855794,0.007));
#10844=CARTESIAN_POINT('',(0.00504679916782556,-0.00149501094551209,0.007));
#10845=CARTESIAN_POINT('',(0.0050631796621425,-0.00149697561861467,0.007));
#10846=CARTESIAN_POINT('',(0.00508282849386346,-0.00149893458709058,0.007));
#10847=CARTESIAN_POINT('',(0.00510458460390119,-0.0015006650156176,0.007));
#10848=CARTESIAN_POINT('',(0.00512844590476783,-0.00150208334369505,0.007));
#10849=CARTESIAN_POINT('',(0.00515440776798596,-0.00150310600904046,0.007));
#10850=CARTESIAN_POINT('',(0.00518246307950033,-0.00150364952972547,0.007));
#10851=CARTESIAN_POINT('',(0.00521260222379583,-0.00150363056598017,0.007));
#10852=CARTESIAN_POINT('',(0.00524481309124106,-0.00150296598795095,0.007));
#10853=CARTESIAN_POINT('',(0.00527908108128127,-0.0015015729417546,0.007));
#10854=CARTESIAN_POINT('',(0.00531538910913224,-0.0014993689159224,0.007));
#10855=CARTESIAN_POINT('',(0.00535371761372307,-0.00149627180756982,0.007));
#10856=CARTESIAN_POINT('',(0.00539404456747596,-0.00149219998841782,0.007));
#10857=CARTESIAN_POINT('',(0.00543634548772644,-0.00148707237057333,0.007));
#10858=CARTESIAN_POINT('',(0.00548059344981742,-0.0014808084720406,0.007));
#10859=CARTESIAN_POINT('',(0.00552675910184029,-0.00147332848191881,0.007));
#10860=CARTESIAN_POINT('',(0.0055748106810155,-0.00146455332524608,0.007));
#10861=CARTESIAN_POINT('',(0.00562471403170037,-0.00145440472745287,0.007));
#10862=CARTESIAN_POINT('',(0.00567643262501396,-0.00144280527837398,0.007));
#10863=CARTESIAN_POINT('',(0.00572992758006533,-0.00142967849582471,0.007));
#10864=CARTESIAN_POINT('',(0.00578515768678154,-0.00141494888853134,0.007));
#10865=CARTESIAN_POINT('',(0.00584207943029122,-0.00139854201903523,0.007));
#10866=CARTESIAN_POINT('',(0.00590064701697131,-0.00138038456401033,0.007));
#10867=CARTESIAN_POINT('',(0.00596081240167977,-0.0013604043816191,0.007));
#10868=CARTESIAN_POINT('',(0.00602252531793162,-0.00133853054888661,0.007));
#10869=CARTESIAN_POINT('',(0.00608573330422563,-0.0013146935104852,0.007));
#10870=CARTESIAN_POINT('',(0.0061503817524007,-0.00128882479845991,0.007));
#10871=CARTESIAN_POINT('',(0.00621641387912411,-0.00126085838648221,0.007));
#10872=CARTESIAN_POINT('',(0.00628377099780798,-0.00123072580407198,0.007));
#10873=CARTESIAN_POINT('',(0.00635239165207125,-0.0011983750397294,0.007));
#10874=CARTESIAN_POINT('',(0.00642221509442931,-0.00116369878849561,0.007));
#10875=CARTESIAN_POINT('',(0.00647297226608676,-0.00113730849052962,0.007));
#10876=CARTESIAN_POINT('',(0.00650042543748754,-0.0011225169469477,0.007));
#10877=CARTESIAN_POINT('',(0.00650419305565387,-0.00112047877926533,0.007));
#10878=CARTESIAN_POINT('',(0.0051219425251125,-0.00150166251348606,0.007));
#10879=CARTESIAN_POINT('',(0.00511567680444278,-0.0016164876259334,0.007));
#10880=CARTESIAN_POINT('',(0.00500602489449007,-0.00158183904230033,0.007));
#10881=CARTESIAN_POINT('',(-5.40983873873886E-16,1.77714311933273E-16,0.007));
#10882=CARTESIAN_POINT('',(0.00497974087447111,-0.0016627329380035,0.007));
#10883=CARTESIAN_POINT('',(0.00508881705956087,-0.00169915342056922,0.007));
#10884=CARTESIAN_POINT('',(0.00502639362637529,-0.00179573178612477,0.007));
#10885=CARTESIAN_POINT('',(0.00494957125417337,-0.00175049832900824,0.007));
#10886=CARTESIAN_POINT('',(0.00495313062277589,-0.00175236628407699,0.007));
#10887=CARTESIAN_POINT('',(0.00496169167975606,-0.00175694486043395,0.007));
#10888=CARTESIAN_POINT('',(0.00497609858390999,-0.00176498361949033,0.007));
#10889=CARTESIAN_POINT('',(0.0049931462754717,-0.00177494807421223,0.007));
#10890=CARTESIAN_POINT('',(0.00501176445859205,-0.00178633604875375,0.007));
#10891=CARTESIAN_POINT('',(0.0050319023288279,-0.00179921391798542,0.007));
#10892=CARTESIAN_POINT('',(0.00505350702498506,-0.00181364656466308,0.007));
#10893=CARTESIAN_POINT('',(0.00507652372222564,-0.00182969734554872,0.007));
#10894=CARTESIAN_POINT('',(0.0051008956555468,-0.00184742803207456,0.007));
#10895=CARTESIAN_POINT('',(0.00512656416554898,-0.00186689875984214,0.007));
#10896=CARTESIAN_POINT('',(0.0051534687398446,-0.00188816797706028,0.007));
#10897=CARTESIAN_POINT('',(0.00518154705752843,-0.0019112923947252,0.007));
#10898=CARTESIAN_POINT('',(0.005210735034497,-0.00193632693775677,0.007));
#10899=CARTESIAN_POINT('',(0.00524096687016691,-0.00196332469733458,0.007));
#10900=CARTESIAN_POINT('',(0.00527217509537886,-0.00199233688439307,0.007));
#10901=CARTESIAN_POINT('',(0.00530429062149753,-0.00202341278431817,0.007));
#10902=CARTESIAN_POINT('',(0.00533724279065955,-0.00205659971286596,0.007));
#10903=CARTESIAN_POINT('',(0.00537095942714006,-0.00209194297333105,0.007));
#10904=CARTESIAN_POINT('',(0.00540536688980608,-0.00212948581498738,0.007));
#10905=CARTESIAN_POINT('',(0.00544039012561865,-0.00216926939283663,0.007));
#10906=CARTESIAN_POINT('',(0.00547595272417602,-0.00221133272865169,0.007));
#10907=CARTESIAN_POINT('',(0.00551197697317147,-0.00225571267348284,0.007));
#10908=CARTESIAN_POINT('',(0.00554838391509416,-0.00230244387109944,0.007));
#10909=CARTESIAN_POINT('',(0.00558509340375507,-0.0023515587245021,0.007));
#10910=CARTESIAN_POINT('',(0.00562202416590965,-0.00240308735743745,0.007));
#10911=CARTESIAN_POINT('',(0.00565909384763856,-0.00245705760189895,0.007));
#10912=CARTESIAN_POINT('',(0.00569621912309995,-0.00251349489323199,0.007));
#10913=CARTESIAN_POINT('',(0.00573331556890929,-0.00257242252530393,0.007));
#10914=CARTESIAN_POINT('',(0.00577029843708322,-0.00263386053813112,0.007));
#10915=CARTESIAN_POINT('',(0.00580708000323638,-0.00269782983038468,0.007));
#10916=CARTESIAN_POINT('',(0.00584357997651954,-0.00276433635709746,0.007));
#10917=CARTESIAN_POINT('',(0.00587968613891295,-0.00283343122332918,0.007));
#10918=CARTESIAN_POINT('',(0.00590523772542223,-0.00288461573981861,0.007));
#10919=CARTESIAN_POINT('',(0.00591875355645885,-0.00291271891922746,0.007));
#10920=CARTESIAN_POINT('',(0.00592060361867834,-0.00291658238191431,0.007));
#10921=CARTESIAN_POINT('',(0.00432546788516649,-0.00297537015754231,0.007));
#10922=CARTESIAN_POINT('',(0.00432907123693387,-0.00297715179078964,0.007));
#10923=CARTESIAN_POINT('',(0.00433780744605367,-0.0029813866117173,0.007));
#10924=CARTESIAN_POINT('',(0.00435277910453683,-0.00298831697799409,0.007));
#10925=CARTESIAN_POINT('',(0.00437086089943213,-0.00299625189064971,0.007));
#10926=CARTESIAN_POINT('',(0.00439101745783035,-0.00300462063370947,0.007));
#10927=CARTESIAN_POINT('',(0.00441327261602733,-0.00301334309134545,0.007));
#10928=CARTESIAN_POINT('',(0.0044376477942448,-0.00302233836082624,0.007));
#10929=CARTESIAN_POINT('',(0.00446416202394877,-0.00303152484775588,0.007));
#10930=CARTESIAN_POINT('',(0.00449283191364614,-0.00304082031994557,0.007));
#10931=CARTESIAN_POINT('',(0.00452367163493056,-0.00305014197412443,0.007));
#10932=CARTESIAN_POINT('',(0.00455669290510726,-0.00305940649974738,0.007));
#10933=CARTESIAN_POINT('',(0.00459190497302694,-0.00306853014425577,0.007));
#10934=CARTESIAN_POINT('',(0.00462931460619227,-0.00307742877846292,0.007));
#10935=CARTESIAN_POINT('',(0.00466892607965727,-0.00308601796236626,0.007));
#10936=CARTESIAN_POINT('',(0.00471074116656139,-0.00309421301123729,0.007));
#10937=CARTESIAN_POINT('',(0.00475475913033845,-0.00310192906197289,0.007));
#10938=CARTESIAN_POINT('',(0.00480097671858921,-0.0031090811396572,0.007));
#10939=CARTESIAN_POINT('',(0.00484938815862224,-0.00311558422429378,0.007));
#10940=CARTESIAN_POINT('',(0.00489998515466322,-0.00312135331766917,0.007));
#10941=CARTESIAN_POINT('',(0.0049527568867385,-0.00312630351029632,0.007));
#10942=CARTESIAN_POINT('',(0.00500769001121821,-0.00313035004843905,0.007));
#10943=CARTESIAN_POINT('',(0.00506476866308045,-0.00313340840101667,0.007));
#10944=CARTESIAN_POINT('',(0.00512397445966301,-0.00313539432696434,0.007));
#10945=CARTESIAN_POINT('',(0.00518528650679608,-0.00313622394064724,0.007));
#10946=CARTESIAN_POINT('',(0.00524868140388807,-0.00313581378433532,0.007));
#10947=CARTESIAN_POINT('',(0.00531413326107542,-0.003134080873073,0.007));
#10948=CARTESIAN_POINT('',(0.00538161367828383,-0.00313094284431722,0.007));
#10949=CARTESIAN_POINT('',(0.00545109187782751,-0.00312631770632347,0.007));
#10950=CARTESIAN_POINT('',(0.00552253425880544,-0.00312012511730694,0.007));
#10951=CARTESIAN_POINT('',(0.00559590616549777,-0.00311228182281834,0.007));
#10952=CARTESIAN_POINT('',(0.00567116522185016,-0.00310271936591568,0.007));
#10953=CARTESIAN_POINT('',(0.00574828681262741,-0.00309131692151349,0.007));
#10954=CARTESIAN_POINT('',(0.00580471480203905,-0.00308190308529452,0.007));
#10955=CARTESIAN_POINT('',(0.00583539515793258,-0.00307631898789721,0.007));
#10956=CARTESIAN_POINT('',(0.00583960820419182,-0.0030755448332833,0.007));
#10957=CARTESIAN_POINT('',(0.0044072175781145,-0.00301093320319857,0.007));
#10958=CARTESIAN_POINT('',(0.00436577561251504,-0.00311820216045699,0.007));
#10959=CARTESIAN_POINT('',(0.00427219745020395,-0.0030513650955713,0.007));
#10960=CARTESIAN_POINT('',(-4.59589495927323E-16,3.36189565112874E-16,0.007));
#10961=CARTESIAN_POINT('',(0.004222202273177,-0.00312017755334195,0.007));
#10962=CARTESIAN_POINT('',(0.00431468534172309,-0.00318852188548702,0.007));
#10963=CARTESIAN_POINT('',(0.00422547277257681,-0.00326108346768019,0.007));
#10964=CARTESIAN_POINT('',(0.00416638826186027,-0.00319432447497636,0.007));
#10965=CARTESIAN_POINT('',(0.00416919619270262,-0.00319720091120407,0.007));
#10966=CARTESIAN_POINT('',(0.00417592338382564,-0.00320420090818039,0.007));
#10967=CARTESIAN_POINT('',(0.00418714105073876,-0.00321629820058378,0.007));
#10968=CARTESIAN_POINT('',(0.00420027518303758,-0.0032310429865858,0.007));
#10969=CARTESIAN_POINT('',(0.00421446304975092,-0.00324762692896949,0.007));
#10970=CARTESIAN_POINT('',(0.00422963582201911,-0.00326609745455166,0.007));
#10971=CARTESIAN_POINT('',(0.00424572317598475,-0.00328649993549271,0.007));
#10972=CARTESIAN_POINT('',(0.00426265339181234,-0.00330887768584735,0.007));
#10973=CARTESIAN_POINT('',(0.00428035339435372,-0.00333327191238814,0.007));
#10974=CARTESIAN_POINT('',(0.00429874881228184,-0.00335972168071946,0.007));
#10975=CARTESIAN_POINT('',(0.00431776403340639,-0.00338826387903504,0.007));
#10976=CARTESIAN_POINT('',(0.00433732226236272,-0.00341893318447856,0.007));
#10977=CARTESIAN_POINT('',(0.00435734557881297,-0.00345176203067592,0.007));
#10978=CARTESIAN_POINT('',(0.00437775499660681,-0.00348678057684092,0.007));
#10979=CARTESIAN_POINT('',(0.0043984705237116,-0.00352401667834964,0.007));
#10980=CARTESIAN_POINT('',(0.00441941122290865,-0.0035634958588271,0.007));
#10981=CARTESIAN_POINT('',(0.00444049527320387,-0.00360524128375089,0.007));
#10982=CARTESIAN_POINT('',(0.00446164003191589,-0.00364927373558897,0.007));
#10983=CARTESIAN_POINT('',(0.00448276209740465,-0.00369561159048357,0.007));
#10984=CARTESIAN_POINT('',(0.00450377737239348,-0.00374427079650273,0.007));
#10985=CARTESIAN_POINT('',(0.00452460112788091,-0.00379526485344512,0.007));
#10986=CARTESIAN_POINT('',(0.00454514806747042,-0.00384860479431878,0.007));
#10987=CARTESIAN_POINT('',(0.00456533239259335,-0.00390429916809367,0.007));
#10988=CARTESIAN_POINT('',(0.00458506786661652,-0.00396235402532019,0.007));
#10989=CARTESIAN_POINT('',(0.00460426788534144,-0.00402277290057011,0.007));
#10990=CARTESIAN_POINT('',(0.00462284552497754,-0.00408555681488156,0.007));
#10991=CARTESIAN_POINT('',(0.00464071367798595,-0.00415070420960431,0.007));
#10992=CARTESIAN_POINT('',(0.0046577848547558,-0.00421821115026218,0.007));
#10993=CARTESIAN_POINT('',(0.00467397226245967,-0.00428807050747617,0.007));
#10994=CARTESIAN_POINT('',(0.00468918601220469,-0.00436027504873777,0.007));
#10995=CARTESIAN_POINT('',(0.00470334790264914,-0.00443480562638284,0.007));
#10996=CARTESIAN_POINT('',(0.00471633541578214,-0.00451167616693628,0.007));
#10997=CARTESIAN_POINT('',(0.00472481953318936,-0.00456825140934158,0.007));
#10998=CARTESIAN_POINT('',(0.00472898949233659,-0.00459915574273039,0.007));
#10999=CARTESIAN_POINT('',(0.00472955513043861,-0.00460340181476067,0.007));
#11000=CARTESIAN_POINT('',(0.00319432447497636,-0.00416638826186027,0.007));
#11001=CARTESIAN_POINT('',(0.00319720091120407,-0.00416919619270262,0.007));
#11002=CARTESIAN_POINT('',(0.00320420090818038,-0.00417592338382564,0.007));
#11003=CARTESIAN_POINT('',(0.00321629820058378,-0.00418714105073877,0.007));
#11004=CARTESIAN_POINT('',(0.0032310429865858,-0.00420027518303758,0.007));
#11005=CARTESIAN_POINT('',(0.00324762692896949,-0.00421446304975092,0.007));
#11006=CARTESIAN_POINT('',(0.00326609745455166,-0.00422963582201911,0.007));
#11007=CARTESIAN_POINT('',(0.0032864999354927,-0.00424572317598475,0.007));
#11008=CARTESIAN_POINT('',(0.00330887768584735,-0.00426265339181234,0.007));
#11009=CARTESIAN_POINT('',(0.00333327191238814,-0.00428035339435372,0.007));
#11010=CARTESIAN_POINT('',(0.00335972168071946,-0.00429874881228184,0.007));
#11011=CARTESIAN_POINT('',(0.00338826387903504,-0.00431776403340639,0.007));
#11012=CARTESIAN_POINT('',(0.00341893318447855,-0.00433732226236272,0.007));
#11013=CARTESIAN_POINT('',(0.00345176203067591,-0.00435734557881298,0.007));
#11014=CARTESIAN_POINT('',(0.00348678057684091,-0.00437775499660681,0.007));
#11015=CARTESIAN_POINT('',(0.00352401667834963,-0.0043984705237116,0.007));
#11016=CARTESIAN_POINT('',(0.00356349585882709,-0.00441941122290865,0.007));
#11017=CARTESIAN_POINT('',(0.00360524128375089,-0.00444049527320387,0.007));
#11018=CARTESIAN_POINT('',(0.00364927373558896,-0.00446164003191589,0.007));
#11019=CARTESIAN_POINT('',(0.00369561159048357,-0.00448276209740465,0.007));
#11020=CARTESIAN_POINT('',(0.00374427079650272,-0.00450377737239348,0.007));
#11021=CARTESIAN_POINT('',(0.00379526485344511,-0.00452460112788091,0.007));
#11022=CARTESIAN_POINT('',(0.00384860479431878,-0.00454514806747043,0.007));
#11023=CARTESIAN_POINT('',(0.00390429916809366,-0.00456533239259335,0.007));
#11024=CARTESIAN_POINT('',(0.00396235402532018,-0.00458506786661652,0.007));
#11025=CARTESIAN_POINT('',(0.00402277290057011,-0.00460426788534144,0.007));
#11026=CARTESIAN_POINT('',(0.00408555681488156,-0.00462284552497754,0.007));
#11027=CARTESIAN_POINT('',(0.00415070420960431,-0.00464071367798595,0.007));
#11028=CARTESIAN_POINT('',(0.00421821115026218,-0.0046577848547558,0.007));
#11029=CARTESIAN_POINT('',(0.00428807050747617,-0.00467397226245968,0.007));
#11030=CARTESIAN_POINT('',(0.00436027504873777,-0.0046891860122047,0.007));
#11031=CARTESIAN_POINT('',(0.00443480562638284,-0.00470334790264914,0.007));
#11032=CARTESIAN_POINT('',(0.00451167616693628,-0.00471633541578215,0.007));
#11033=CARTESIAN_POINT('',(0.00456825140934158,-0.00472481953318937,0.007));
#11034=CARTESIAN_POINT('',(0.00459915574273039,-0.00472898949233659,0.007));
#11035=CARTESIAN_POINT('',(0.00460340181476066,-0.00472955513043861,0.007));
#11036=CARTESIAN_POINT('',(0.00326108346768019,-0.00422547277257681,0.007));
#11037=CARTESIAN_POINT('',(0.00318852188548701,-0.00431468534172309,0.007));
#11038=CARTESIAN_POINT('',(0.00312017755334194,-0.004222202273177,0.007));
#11039=CARTESIAN_POINT('',(-3.33207295971085E-16,4.61756241288791E-16,0.007));
#11040=CARTESIAN_POINT('',(0.0030513650955713,-0.00427219745020395,0.007));
#11041=CARTESIAN_POINT('',(0.00311820216045699,-0.00436577561251505,0.007));
#11042=CARTESIAN_POINT('',(0.00301093320319857,-0.0044072175781145,0.007));
#11043=CARTESIAN_POINT('',(0.00297537015754231,-0.00432546788516649,0.007));
#11044=CARTESIAN_POINT('',(0.00297715179078964,-0.00432907123693387,0.007));
#11045=CARTESIAN_POINT('',(0.0029813866117173,-0.00433780744605367,0.007));
#11046=CARTESIAN_POINT('',(0.00298831697799409,-0.00435277910453683,0.007));
#11047=CARTESIAN_POINT('',(0.00299625189064971,-0.00437086089943213,0.007));
#11048=CARTESIAN_POINT('',(0.00300462063370946,-0.00439101745783035,0.007));
#11049=CARTESIAN_POINT('',(0.00301334309134545,-0.00441327261602733,0.007));
#11050=CARTESIAN_POINT('',(0.00302233836082624,-0.0044376477942448,0.007));
#11051=CARTESIAN_POINT('',(0.00303152484775588,-0.00446416202394878,0.007));
#11052=CARTESIAN_POINT('',(0.00304082031994557,-0.00449283191364614,0.007));
#11053=CARTESIAN_POINT('',(0.00305014197412443,-0.00452367163493056,0.007));
#11054=CARTESIAN_POINT('',(0.00305940649974738,-0.00455669290510726,0.007));
#11055=CARTESIAN_POINT('',(0.00306853014425577,-0.00459190497302694,0.007));
#11056=CARTESIAN_POINT('',(0.00307742877846292,-0.00462931460619227,0.007));
#11057=CARTESIAN_POINT('',(0.00308601796236626,-0.00466892607965728,0.007));
#11058=CARTESIAN_POINT('',(0.00309421301123728,-0.00471074116656139,0.007));
#11059=CARTESIAN_POINT('',(0.00310192906197288,-0.00475475913033845,0.007));
#11060=CARTESIAN_POINT('',(0.0031090811396572,-0.00480097671858921,0.007));
#11061=CARTESIAN_POINT('',(0.00311558422429378,-0.00484938815862224,0.007));
#11062=CARTESIAN_POINT('',(0.00312135331766917,-0.00489998515466322,0.007));
#11063=CARTESIAN_POINT('',(0.00312630351029632,-0.0049527568867385,0.007));
#11064=CARTESIAN_POINT('',(0.00313035004843905,-0.00500769001121821,0.007));
#11065=CARTESIAN_POINT('',(0.00313340840101667,-0.00506476866308046,0.007));
#11066=CARTESIAN_POINT('',(0.00313539432696434,-0.00512397445966301,0.007));
#11067=CARTESIAN_POINT('',(0.00313622394064724,-0.00518528650679608,0.007));
#11068=CARTESIAN_POINT('',(0.00313581378433531,-0.00524868140388807,0.007));
#11069=CARTESIAN_POINT('',(0.00313408087307299,-0.00531413326107542,0.007));
#11070=CARTESIAN_POINT('',(0.00313094284431722,-0.00538161367828383,0.007));
#11071=CARTESIAN_POINT('',(0.00312631770632347,-0.00545109187782751,0.007));
#11072=CARTESIAN_POINT('',(0.00312012511730694,-0.00552253425880544,0.007));
#11073=CARTESIAN_POINT('',(0.00311228182281833,-0.00559590616549777,0.007));
#11074=CARTESIAN_POINT('',(0.00310271936591567,-0.00567116522185016,0.007));
#11075=CARTESIAN_POINT('',(0.00309131692151349,-0.00574828681262741,0.007));
#11076=CARTESIAN_POINT('',(0.00308190308529451,-0.00580471480203905,0.007));
#11077=CARTESIAN_POINT('',(0.0030763189878972,-0.00583539515793258,0.007));
#11078=CARTESIAN_POINT('',(0.0030755448332833,-0.00583960820419182,0.007));
#11079=CARTESIAN_POINT('',(0.00175049832900824,-0.00494957125417337,0.007));
#11080=CARTESIAN_POINT('',(0.00175236628407699,-0.00495313062277589,0.007));
#11081=CARTESIAN_POINT('',(0.00175694486043395,-0.00496169167975606,0.007));
#11082=CARTESIAN_POINT('',(0.00176498361949033,-0.00497609858390999,0.007));
#11083=CARTESIAN_POINT('',(0.00177494807421223,-0.0049931462754717,0.007));
#11084=CARTESIAN_POINT('',(0.00178633604875374,-0.00501176445859205,0.007));
#11085=CARTESIAN_POINT('',(0.00179921391798542,-0.0050319023288279,0.007));
#11086=CARTESIAN_POINT('',(0.00181364656466307,-0.00505350702498507,0.007));
#11087=CARTESIAN_POINT('',(0.00182969734554872,-0.00507652372222564,0.007));
#11088=CARTESIAN_POINT('',(0.00184742803207456,-0.0051008956555468,0.007));
#11089=CARTESIAN_POINT('',(0.00186689875984214,-0.00512656416554898,0.007));
#11090=CARTESIAN_POINT('',(0.00188816797706028,-0.0051534687398446,0.007));
#11091=CARTESIAN_POINT('',(0.0019112923947252,-0.00518154705752843,0.007));
#11092=CARTESIAN_POINT('',(0.00193632693775677,-0.005210735034497,0.007));
#11093=CARTESIAN_POINT('',(0.00196332469733458,-0.00524096687016691,0.007));
#11094=CARTESIAN_POINT('',(0.00199233688439306,-0.00527217509537886,0.007));
#11095=CARTESIAN_POINT('',(0.00202341278431816,-0.00530429062149753,0.007));
#11096=CARTESIAN_POINT('',(0.00205659971286596,-0.00533724279065955,0.007));
#11097=CARTESIAN_POINT('',(0.00209194297333105,-0.00537095942714006,0.007));
#11098=CARTESIAN_POINT('',(0.00212948581498738,-0.00540536688980608,0.007));
#11099=CARTESIAN_POINT('',(0.00216926939283663,-0.00544039012561865,0.007));
#11100=CARTESIAN_POINT('',(0.00221133272865169,-0.00547595272417602,0.007));
#11101=CARTESIAN_POINT('',(0.00225571267348283,-0.00551197697317147,0.007));
#11102=CARTESIAN_POINT('',(0.00230244387109944,-0.00554838391509416,0.007));
#11103=CARTESIAN_POINT('',(0.0023515587245021,-0.00558509340375507,0.007));
#11104=CARTESIAN_POINT('',(0.00240308735743745,-0.00562202416590965,0.007));
#11105=CARTESIAN_POINT('',(0.00245705760189895,-0.00565909384763856,0.007));
#11106=CARTESIAN_POINT('',(0.00251349489323198,-0.00569621912309995,0.007));
#11107=CARTESIAN_POINT('',(0.00257242252530393,-0.00573331556890929,0.007));
#11108=CARTESIAN_POINT('',(0.00263386053813112,-0.00577029843708322,0.007));
#11109=CARTESIAN_POINT('',(0.00269782983038468,-0.00580708000323638,0.007));
#11110=CARTESIAN_POINT('',(0.00276433635709746,-0.00584357997651954,0.007));
#11111=CARTESIAN_POINT('',(0.00283343122332918,-0.00587968613891296,0.007));
#11112=CARTESIAN_POINT('',(0.00288461573981861,-0.00590523772542223,0.007));
#11113=CARTESIAN_POINT('',(0.00291271891922746,-0.00591875355645885,0.007));
#11114=CARTESIAN_POINT('',(0.00291658238191431,-0.00592060361867834,0.007));
#11115=CARTESIAN_POINT('',(0.00179573178612477,-0.00502639362637529,0.007));
#11116=CARTESIAN_POINT('',(0.00169915342056922,-0.00508881705956086,0.007));
#11117=CARTESIAN_POINT('',(0.0016627329380035,-0.0049797408744711,0.007));
#11118=CARTESIAN_POINT('',(-1.74208444293453E-16,5.4212299932245E-16,0.007));
#11119=CARTESIAN_POINT('',(0.00158183904230033,-0.00500602489449008,0.007));
#11120=CARTESIAN_POINT('',(0.0016164876259334,-0.00511567680444279,0.007));
#11121=CARTESIAN_POINT('',(0.00150166251348606,-0.0051219425251125,0.007));
#11122=CARTESIAN_POINT('',(0.00149310209158125,-0.00503320436144964,0.007));
#11123=CARTESIAN_POINT('',(0.00149368302855794,-0.00503718190757969,0.007));
#11124=CARTESIAN_POINT('',(0.00149501094551209,-0.00504679916782556,0.007));
#11125=CARTESIAN_POINT('',(0.00149697561861467,-0.0050631796621425,0.007));
#11126=CARTESIAN_POINT('',(0.00149893458709058,-0.00508282849386346,0.007));
#11127=CARTESIAN_POINT('',(0.0015006650156176,-0.00510458460390119,0.007));
#11128=CARTESIAN_POINT('',(0.00150208334369505,-0.00512844590476783,0.007));
#11129=CARTESIAN_POINT('',(0.00150310600904046,-0.00515440776798596,0.007));
#11130=CARTESIAN_POINT('',(0.00150364952972547,-0.00518246307950034,0.007));
#11131=CARTESIAN_POINT('',(0.00150363056598017,-0.00521260222379583,0.007));
#11132=CARTESIAN_POINT('',(0.00150296598795095,-0.00524481309124106,0.007));
#11133=CARTESIAN_POINT('',(0.0015015729417546,-0.00527908108128127,0.007));
#11134=CARTESIAN_POINT('',(0.0014993689159224,-0.00531538910913224,0.007));
#11135=CARTESIAN_POINT('',(0.00149627180756982,-0.00535371761372307,0.007));
#11136=CARTESIAN_POINT('',(0.00149219998841782,-0.00539404456747596,0.007));
#11137=CARTESIAN_POINT('',(0.00148707237057333,-0.00543634548772644,0.007));
#11138=CARTESIAN_POINT('',(0.0014808084720406,-0.00548059344981742,0.007));
#11139=CARTESIAN_POINT('',(0.00147332848191881,-0.00552675910184029,0.007));
#11140=CARTESIAN_POINT('',(0.00146455332524607,-0.0055748106810155,0.007));
#11141=CARTESIAN_POINT('',(0.00145440472745287,-0.00562471403170037,0.007));
#11142=CARTESIAN_POINT('',(0.00144280527837398,-0.00567643262501396,0.007));
#11143=CARTESIAN_POINT('',(0.00142967849582471,-0.00572992758006533,0.007));
#11144=CARTESIAN_POINT('',(0.00141494888853134,-0.00578515768678154,0.007));
#11145=CARTESIAN_POINT('',(0.00139854201903523,-0.00584207943029123,0.007));
#11146=CARTESIAN_POINT('',(0.00138038456401032,-0.00590064701697131,0.007));
#11147=CARTESIAN_POINT('',(0.0013604043816191,-0.00596081240167977,0.007));
#11148=CARTESIAN_POINT('',(0.00133853054888661,-0.00602252531793162,0.007));
#11149=CARTESIAN_POINT('',(0.0013146935104852,-0.00608573330422563,0.007));
#11150=CARTESIAN_POINT('',(0.00128882479845991,-0.0061503817524007,0.007));
#11151=CARTESIAN_POINT('',(0.0012608583864822,-0.00621641387912411,0.007));
#11152=CARTESIAN_POINT('',(0.00123072580407198,-0.00628377099780798,0.007));
#11153=CARTESIAN_POINT('',(0.0011983750397294,-0.00635239165207125,0.007));
#11154=CARTESIAN_POINT('',(0.00116369878849561,-0.00642221509442931,0.007));
#11155=CARTESIAN_POINT('',(0.00113730849052961,-0.00647297226608676,0.007));
#11156=CARTESIAN_POINT('',(0.0011225169469477,-0.00650042543748754,0.007));
#11157=CARTESIAN_POINT('',(0.00112047877926533,-0.00650419305565387,0.007));
#11158=CARTESIAN_POINT('',(0.000135321210157773,-0.00524825572643725,0.007));
#11159=CARTESIAN_POINT('',(0.000135997835610631,-0.00525221811700155,0.007));
#11160=CARTESIAN_POINT('',(0.000137706808393585,-0.00526177502393325,0.007));
#11161=CARTESIAN_POINT('',(0.000140900144357181,-0.0052779609171706,0.007));
#11162=CARTESIAN_POINT('',(0.000145108877544344,-0.0052972534211669,0.007));
#11163=CARTESIAN_POINT('',(0.000150186149950888,-0.00531847944320992,0.007));
#11164=CARTESIAN_POINT('',(0.000156210787266271,-0.00534161117636596,0.007));
#11165=CARTESIAN_POINT('',(0.000163260831665567,-0.00536661839652601,0.007));
#11166=CARTESIAN_POINT('',(0.000171413480816771,-0.00539346854048691,0.007));
#11167=CARTESIAN_POINT('',(0.000180745024193541,-0.00542212670994513,0.007));
#11168=CARTESIAN_POINT('',(0.000191330780902953,-0.00545255569941932,0.007));
#11169=CARTESIAN_POINT('',(0.00020324503785099,-0.00548471601969877,0.007));
#11170=CARTESIAN_POINT('',(0.000216560988618976,-0.00551856592474207,0.007));
#11171=CARTESIAN_POINT('',(0.000231350672986913,-0.00555406143967866,0.007));
#11172=CARTESIAN_POINT('',(0.000247684917165611,-0.00559115639051169,0.007));
#11173=CARTESIAN_POINT('',(0.000265633274764781,-0.00562980243530658,0.007));
#11174=CARTESIAN_POINT('',(0.000285263968534319,-0.00566994909688834,0.007));
#11175=CARTESIAN_POINT('',(0.000306643832912942,-0.00571154379700831,0.007));
#11176=CARTESIAN_POINT('',(0.000329838257419748,-0.00575453189196099,0.007));
#11177=CARTESIAN_POINT('',(0.000354911130920112,-0.00579885670962762,0.007));
#11178=CARTESIAN_POINT('',(0.000381924786811092,-0.00584445958792137,0.007));
#11179=CARTESIAN_POINT('',(0.000410939949116756,-0.0058912799146227,0.007));
#11180=CARTESIAN_POINT('',(0.00044201567969204,-0.00593925516853671,0.007));
#11181=CARTESIAN_POINT('',(0.000475209325932259,-0.00598832096212169,0.007));
#11182=CARTESIAN_POINT('',(0.000510576471456707,-0.00603841108490017,0.007));
#11183=CARTESIAN_POINT('',(0.000548170880464669,-0.00608945755017295,0.007));
#11184=CARTESIAN_POINT('',(0.000588044471515512,-0.00614139063526739,0.007));
#11185=CARTESIAN_POINT('',(0.000630247184161421,-0.0061941389525526,0.007));
#11186=CARTESIAN_POINT('',(0.000674827260447301,-0.00624762940881947,0.007));
#11187=CARTESIAN_POINT('',(0.000721829948128343,-0.00630178759665179,0.007));
#11188=CARTESIAN_POINT('',(0.000771302231347834,-0.00635653654324579,0.007));
#11189=CARTESIAN_POINT('',(0.000823274584915457,-0.00641180172767244,0.007));
#11190=CARTESIAN_POINT('',(0.000877830289906441,-0.00646749221658477,0.007));
#11191=CARTESIAN_POINT('',(0.000918613783382527,-0.00650761010488019,0.007));
#11192=CARTESIAN_POINT('',(0.000941164873804502,-0.00652914878409402,0.007));
#11193=CARTESIAN_POINT('',(0.00094426754450183,-0.00653210217345079,0.007));
#11194=CARTESIAN_POINT('',(0.000154601365744416,-0.00533529605108048,0.007));
#11195=CARTESIAN_POINT('',(4.34599801480999E-5,-0.00536481990773551,0.007));
#11196=CARTESIAN_POINT('',(4.25284377516751E-5,-0.00524982774307713,0.007));
#11197=CARTESIAN_POINT('',(1.84314369322546E-18,5.69422980989387E-16,0.007));
#11198=CARTESIAN_POINT('',(-4.25284377516775E-5,-0.00524982774307714,0.007));
#11199=CARTESIAN_POINT('',(-4.34599801481024E-5,-0.00536481990773552,0.007));
#11200=CARTESIAN_POINT('',(-0.000154601365744418,-0.00533529605108048,0.007));
#11201=CARTESIAN_POINT('',(-0.000135321210157774,-0.00524825572643725,0.007));
#11202=CARTESIAN_POINT('',(-0.000135997835610632,-0.00525221811700155,0.007));
#11203=CARTESIAN_POINT('',(-0.000137706808393586,-0.00526177502393325,0.007));
#11204=CARTESIAN_POINT('',(-0.000140900144357182,-0.0052779609171706,0.007));
#11205=CARTESIAN_POINT('',(-0.000145108877544346,-0.0052972534211669,0.007));
#11206=CARTESIAN_POINT('',(-0.00015018614995089,-0.00531847944320992,0.007));
#11207=CARTESIAN_POINT('',(-0.000156210787266272,-0.00534161117636596,0.007));
#11208=CARTESIAN_POINT('',(-0.000163260831665569,-0.00536661839652601,0.007));
#11209=CARTESIAN_POINT('',(-0.000171413480816772,-0.00539346854048691,0.007));
#11210=CARTESIAN_POINT('',(-0.000180745024193543,-0.00542212670994513,0.007));
#11211=CARTESIAN_POINT('',(-0.000191330780902955,-0.00545255569941932,0.007));
#11212=CARTESIAN_POINT('',(-0.000203245037850992,-0.00548471601969877,0.007));
#11213=CARTESIAN_POINT('',(-0.000216560988618978,-0.00551856592474207,0.007));
#11214=CARTESIAN_POINT('',(-0.000231350672986914,-0.00555406143967866,0.007));
#11215=CARTESIAN_POINT('',(-0.000247684917165612,-0.00559115639051169,0.007));
#11216=CARTESIAN_POINT('',(-0.000265633274764783,-0.00562980243530658,0.007));
#11217=CARTESIAN_POINT('',(-0.000285263968534321,-0.00566994909688834,0.007));
#11218=CARTESIAN_POINT('',(-0.000306643832912943,-0.00571154379700831,0.007));
#11219=CARTESIAN_POINT('',(-0.000329838257419749,-0.00575453189196099,0.007));
#11220=CARTESIAN_POINT('',(-0.000354911130920113,-0.00579885670962762,0.007));
#11221=CARTESIAN_POINT('',(-0.000381924786811094,-0.00584445958792137,0.007));
#11222=CARTESIAN_POINT('',(-0.000410939949116758,-0.0058912799146227,0.007));
#11223=CARTESIAN_POINT('',(-0.000442015679692042,-0.00593925516853671,0.007));
#11224=CARTESIAN_POINT('',(-0.000475209325932261,-0.00598832096212169,0.007));
#11225=CARTESIAN_POINT('',(-0.000510576471456709,-0.00603841108490017,0.007));
#11226=CARTESIAN_POINT('',(-0.000548170880464671,-0.00608945755017295,0.007));
#11227=CARTESIAN_POINT('',(-0.000588044471515514,-0.00614139063526739,0.007));
#11228=CARTESIAN_POINT('',(-0.000630247184161423,-0.0061941389525526,0.007));
#11229=CARTESIAN_POINT('',(-0.000674827260447303,-0.00624762940881947,0.007));
#11230=CARTESIAN_POINT('',(-0.000721829948128345,-0.00630178759665179,0.007));
#11231=CARTESIAN_POINT('',(-0.000771302231347837,-0.00635653654324579,0.007));
#11232=CARTESIAN_POINT('',(-0.00082327458491546,-0.00641180172767244,0.007));
#11233=CARTESIAN_POINT('',(-0.000877830289906443,-0.00646749221658477,0.007));
#11234=CARTESIAN_POINT('',(-0.000918613783382529,-0.00650761010488019,0.007));
#11235=CARTESIAN_POINT('',(-0.000941164873804504,-0.00652914878409402,0.007));
#11236=CARTESIAN_POINT('',(-0.000944267544501831,-0.00653210217345079,0.007));
#11237=CARTESIAN_POINT('',(-0.00149310209158125,-0.00503320436144964,0.007));
#11238=CARTESIAN_POINT('',(-0.00149368302855794,-0.00503718190757969,0.007));
#11239=CARTESIAN_POINT('',(-0.00149501094551209,-0.00504679916782556,0.007));
#11240=CARTESIAN_POINT('',(-0.00149697561861467,-0.0050631796621425,0.007));
#11241=CARTESIAN_POINT('',(-0.00149893458709058,-0.00508282849386346,0.007));
#11242=CARTESIAN_POINT('',(-0.0015006650156176,-0.00510458460390119,0.007));
#11243=CARTESIAN_POINT('',(-0.00150208334369505,-0.00512844590476783,0.007));
#11244=CARTESIAN_POINT('',(-0.00150310600904046,-0.00515440776798596,0.007));
#11245=CARTESIAN_POINT('',(-0.00150364952972547,-0.00518246307950033,0.007));
#11246=CARTESIAN_POINT('',(-0.00150363056598017,-0.00521260222379583,0.007));
#11247=CARTESIAN_POINT('',(-0.00150296598795095,-0.00524481309124106,0.007));
#11248=CARTESIAN_POINT('',(-0.0015015729417546,-0.00527908108128127,0.007));
#11249=CARTESIAN_POINT('',(-0.0014993689159224,-0.00531538910913224,0.007));
#11250=CARTESIAN_POINT('',(-0.00149627180756982,-0.00535371761372307,0.007));
#11251=CARTESIAN_POINT('',(-0.00149219998841782,-0.00539404456747596,0.007));
#11252=CARTESIAN_POINT('',(-0.00148707237057333,-0.00543634548772644,0.007));
#11253=CARTESIAN_POINT('',(-0.0014808084720406,-0.00548059344981742,0.007));
#11254=CARTESIAN_POINT('',(-0.00147332848191881,-0.00552675910184029,0.007));
#11255=CARTESIAN_POINT('',(-0.00146455332524608,-0.0055748106810155,0.007));
#11256=CARTESIAN_POINT('',(-0.00145440472745287,-0.00562471403170037,0.007));
#11257=CARTESIAN_POINT('',(-0.00144280527837398,-0.00567643262501396,0.007));
#11258=CARTESIAN_POINT('',(-0.00142967849582471,-0.00572992758006533,0.007));
#11259=CARTESIAN_POINT('',(-0.00141494888853134,-0.00578515768678154,0.007));
#11260=CARTESIAN_POINT('',(-0.00139854201903523,-0.00584207943029122,0.007));
#11261=CARTESIAN_POINT('',(-0.00138038456401033,-0.00590064701697131,0.007));
#11262=CARTESIAN_POINT('',(-0.0013604043816191,-0.00596081240167977,0.007));
#11263=CARTESIAN_POINT('',(-0.00133853054888661,-0.00602252531793162,0.007));
#11264=CARTESIAN_POINT('',(-0.0013146935104852,-0.00608573330422563,0.007));
#11265=CARTESIAN_POINT('',(-0.00128882479845991,-0.0061503817524007,0.007));
#11266=CARTESIAN_POINT('',(-0.00126085838648221,-0.00621641387912411,0.007));
#11267=CARTESIAN_POINT('',(-0.00123072580407198,-0.00628377099780798,0.007));
#11268=CARTESIAN_POINT('',(-0.0011983750397294,-0.00635239165207125,0.007));
#11269=CARTESIAN_POINT('',(-0.00116369878849561,-0.00642221509442931,0.007));
#11270=CARTESIAN_POINT('',(-0.00113730849052961,-0.00647297226608676,0.007));
#11271=CARTESIAN_POINT('',(-0.0011225169469477,-0.00650042543748754,0.007));
#11272=CARTESIAN_POINT('',(-0.00112047877926533,-0.00650419305565387,0.007));
#11273=CARTESIAN_POINT('',(-0.00150166251348606,-0.0051219425251125,0.007));
#11274=CARTESIAN_POINT('',(-0.0016164876259334,-0.00511567680444278,0.007));
#11275=CARTESIAN_POINT('',(-0.00158183904230033,-0.00500602489449007,0.007));
#11276=CARTESIAN_POINT('',(1.77714311933273E-16,5.40983873873886E-16,0.007));
#11277=CARTESIAN_POINT('',(-0.0016627329380035,-0.00497974087447111,0.007));
#11278=CARTESIAN_POINT('',(-0.00169915342056922,-0.00508881705956087,0.007));
#11279=CARTESIAN_POINT('',(-0.00179573178612477,-0.00502639362637529,0.007));
#11280=CARTESIAN_POINT('',(-0.00175049832900824,-0.00494957125417337,0.007));
#11281=CARTESIAN_POINT('',(-0.00175236628407699,-0.00495313062277589,0.007));
#11282=CARTESIAN_POINT('',(-0.00175694486043395,-0.00496169167975606,0.007));
#11283=CARTESIAN_POINT('',(-0.00176498361949033,-0.00497609858390999,0.007));
#11284=CARTESIAN_POINT('',(-0.00177494807421223,-0.0049931462754717,0.007));
#11285=CARTESIAN_POINT('',(-0.00178633604875375,-0.00501176445859205,0.007));
#11286=CARTESIAN_POINT('',(-0.00179921391798542,-0.0050319023288279,0.007));
#11287=CARTESIAN_POINT('',(-0.00181364656466308,-0.00505350702498506,0.007));
#11288=CARTESIAN_POINT('',(-0.00182969734554872,-0.00507652372222564,0.007));
#11289=CARTESIAN_POINT('',(-0.00184742803207456,-0.0051008956555468,0.007));
#11290=CARTESIAN_POINT('',(-0.00186689875984214,-0.00512656416554898,0.007));
#11291=CARTESIAN_POINT('',(-0.00188816797706028,-0.0051534687398446,0.007));
#11292=CARTESIAN_POINT('',(-0.0019112923947252,-0.00518154705752843,0.007));
#11293=CARTESIAN_POINT('',(-0.00193632693775677,-0.005210735034497,0.007));
#11294=CARTESIAN_POINT('',(-0.00196332469733458,-0.00524096687016691,0.007));
#11295=CARTESIAN_POINT('',(-0.00199233688439306,-0.00527217509537886,0.007));
#11296=CARTESIAN_POINT('',(-0.00202341278431817,-0.00530429062149753,0.007));
#11297=CARTESIAN_POINT('',(-0.00205659971286596,-0.00533724279065955,0.007));
#11298=CARTESIAN_POINT('',(-0.00209194297333105,-0.00537095942714006,0.007));
#11299=CARTESIAN_POINT('',(-0.00212948581498738,-0.00540536688980608,0.007));
#11300=CARTESIAN_POINT('',(-0.00216926939283663,-0.00544039012561865,0.007));
#11301=CARTESIAN_POINT('',(-0.00221133272865169,-0.00547595272417602,0.007));
#11302=CARTESIAN_POINT('',(-0.00225571267348284,-0.00551197697317147,0.007));
#11303=CARTESIAN_POINT('',(-0.00230244387109944,-0.00554838391509416,0.007));
#11304=CARTESIAN_POINT('',(-0.0023515587245021,-0.00558509340375507,0.007));
#11305=CARTESIAN_POINT('',(-0.00240308735743745,-0.00562202416590965,0.007));
#11306=CARTESIAN_POINT('',(-0.00245705760189895,-0.00565909384763856,0.007));
#11307=CARTESIAN_POINT('',(-0.00251349489323199,-0.00569621912309995,0.007));
#11308=CARTESIAN_POINT('',(-0.00257242252530393,-0.00573331556890929,0.007));
#11309=CARTESIAN_POINT('',(-0.00263386053813112,-0.00577029843708322,0.007));
#11310=CARTESIAN_POINT('',(-0.00269782983038468,-0.00580708000323638,0.007));
#11311=CARTESIAN_POINT('',(-0.00276433635709746,-0.00584357997651954,0.007));
#11312=CARTESIAN_POINT('',(-0.00283343122332918,-0.00587968613891295,0.007));
#11313=CARTESIAN_POINT('',(-0.00288461573981861,-0.00590523772542223,0.007));
#11314=CARTESIAN_POINT('',(-0.00291271891922746,-0.00591875355645885,0.007));
#11315=CARTESIAN_POINT('',(-0.00291658238191431,-0.00592060361867834,0.007));
#11316=CARTESIAN_POINT('',(-0.00297537015754231,-0.00432546788516649,0.007));
#11317=CARTESIAN_POINT('',(-0.00297715179078964,-0.00432907123693387,0.007));
#11318=CARTESIAN_POINT('',(-0.0029813866117173,-0.00433780744605367,0.007));
#11319=CARTESIAN_POINT('',(-0.00298831697799409,-0.00435277910453683,0.007));
#11320=CARTESIAN_POINT('',(-0.00299625189064971,-0.00437086089943213,0.007));
#11321=CARTESIAN_POINT('',(-0.00300462063370946,-0.00439101745783035,0.007));
#11322=CARTESIAN_POINT('',(-0.00301334309134545,-0.00441327261602733,0.007));
#11323=CARTESIAN_POINT('',(-0.00302233836082624,-0.0044376477942448,0.007));
#11324=CARTESIAN_POINT('',(-0.00303152484775588,-0.00446416202394877,0.007));
#11325=CARTESIAN_POINT('',(-0.00304082031994557,-0.00449283191364614,0.007));
#11326=CARTESIAN_POINT('',(-0.00305014197412443,-0.00452367163493056,0.007));
#11327=CARTESIAN_POINT('',(-0.00305940649974738,-0.00455669290510726,0.007));
#11328=CARTESIAN_POINT('',(-0.00306853014425577,-0.00459190497302694,0.007));
#11329=CARTESIAN_POINT('',(-0.00307742877846292,-0.00462931460619227,0.007));
#11330=CARTESIAN_POINT('',(-0.00308601796236626,-0.00466892607965727,0.007));
#11331=CARTESIAN_POINT('',(-0.00309421301123728,-0.00471074116656139,0.007));
#11332=CARTESIAN_POINT('',(-0.00310192906197289,-0.00475475913033845,0.007));
#11333=CARTESIAN_POINT('',(-0.0031090811396572,-0.00480097671858921,0.007));
#11334=CARTESIAN_POINT('',(-0.00311558422429378,-0.00484938815862224,0.007));
#11335=CARTESIAN_POINT('',(-0.00312135331766917,-0.00489998515466322,0.007));
#11336=CARTESIAN_POINT('',(-0.00312630351029632,-0.0049527568867385,0.007));
#11337=CARTESIAN_POINT('',(-0.00313035004843905,-0.00500769001121821,0.007));
#11338=CARTESIAN_POINT('',(-0.00313340840101667,-0.00506476866308045,0.007));
#11339=CARTESIAN_POINT('',(-0.00313539432696434,-0.00512397445966301,0.007));
#11340=CARTESIAN_POINT('',(-0.00313622394064724,-0.00518528650679608,0.007));
#11341=CARTESIAN_POINT('',(-0.00313581378433532,-0.00524868140388807,0.007));
#11342=CARTESIAN_POINT('',(-0.003134080873073,-0.00531413326107542,0.007));
#11343=CARTESIAN_POINT('',(-0.00313094284431722,-0.00538161367828383,0.007));
#11344=CARTESIAN_POINT('',(-0.00312631770632347,-0.00545109187782751,0.007));
#11345=CARTESIAN_POINT('',(-0.00312012511730694,-0.00552253425880544,0.007));
#11346=CARTESIAN_POINT('',(-0.00311228182281834,-0.00559590616549777,0.007));
#11347=CARTESIAN_POINT('',(-0.00310271936591567,-0.00567116522185016,0.007));
#11348=CARTESIAN_POINT('',(-0.00309131692151349,-0.00574828681262741,0.007));
#11349=CARTESIAN_POINT('',(-0.00308190308529452,-0.00580471480203905,0.007));
#11350=CARTESIAN_POINT('',(-0.0030763189878972,-0.00583539515793258,0.007));
#11351=CARTESIAN_POINT('',(-0.0030755448332833,-0.00583960820419182,0.007));
#11352=CARTESIAN_POINT('',(-0.00301093320319857,-0.0044072175781145,0.007));
#11353=CARTESIAN_POINT('',(-0.00311820216045699,-0.00436577561251504,0.007));
#11354=CARTESIAN_POINT('',(-0.0030513650955713,-0.00427219745020395,0.007));
#11355=CARTESIAN_POINT('',(3.36189565112874E-16,4.59589495927323E-16,0.007));
#11356=CARTESIAN_POINT('',(-0.00312017755334195,-0.004222202273177,0.007));
#11357=CARTESIAN_POINT('',(-0.00318852188548702,-0.00431468534172309,0.007));
#11358=CARTESIAN_POINT('',(-0.00326108346768019,-0.00422547277257681,0.007));
#11359=CARTESIAN_POINT('',(-0.00319432447497636,-0.00416638826186027,0.007));
#11360=CARTESIAN_POINT('',(-0.00319720091120407,-0.00416919619270262,0.007));
#11361=CARTESIAN_POINT('',(-0.00320420090818039,-0.00417592338382564,0.007));
#11362=CARTESIAN_POINT('',(-0.00321629820058378,-0.00418714105073876,0.007));
#11363=CARTESIAN_POINT('',(-0.0032310429865858,-0.00420027518303758,0.007));
#11364=CARTESIAN_POINT('',(-0.00324762692896949,-0.00421446304975092,0.007));
#11365=CARTESIAN_POINT('',(-0.00326609745455166,-0.00422963582201911,0.007));
#11366=CARTESIAN_POINT('',(-0.00328649993549271,-0.00424572317598475,0.007));
#11367=CARTESIAN_POINT('',(-0.00330887768584735,-0.00426265339181234,0.007));
#11368=CARTESIAN_POINT('',(-0.00333327191238814,-0.00428035339435372,0.007));
#11369=CARTESIAN_POINT('',(-0.00335972168071946,-0.00429874881228184,0.007));
#11370=CARTESIAN_POINT('',(-0.00338826387903504,-0.00431776403340639,0.007));
#11371=CARTESIAN_POINT('',(-0.00341893318447856,-0.00433732226236272,0.007));
#11372=CARTESIAN_POINT('',(-0.00345176203067592,-0.00435734557881298,0.007));
#11373=CARTESIAN_POINT('',(-0.00348678057684091,-0.00437775499660681,0.007));
#11374=CARTESIAN_POINT('',(-0.00352401667834964,-0.0043984705237116,0.007));
#11375=CARTESIAN_POINT('',(-0.0035634958588271,-0.00441941122290865,0.007));
#11376=CARTESIAN_POINT('',(-0.00360524128375089,-0.00444049527320387,0.007));
#11377=CARTESIAN_POINT('',(-0.00364927373558897,-0.00446164003191589,0.007));
#11378=CARTESIAN_POINT('',(-0.00369561159048357,-0.00448276209740465,0.007));
#11379=CARTESIAN_POINT('',(-0.00374427079650273,-0.00450377737239348,0.007));
#11380=CARTESIAN_POINT('',(-0.00379526485344512,-0.00452460112788091,0.007));
#11381=CARTESIAN_POINT('',(-0.00384860479431878,-0.00454514806747042,0.007));
#11382=CARTESIAN_POINT('',(-0.00390429916809366,-0.00456533239259335,0.007));
#11383=CARTESIAN_POINT('',(-0.00396235402532019,-0.00458506786661652,0.007));
#11384=CARTESIAN_POINT('',(-0.00402277290057011,-0.00460426788534144,0.007));
#11385=CARTESIAN_POINT('',(-0.00408555681488156,-0.00462284552497754,0.007));
#11386=CARTESIAN_POINT('',(-0.00415070420960431,-0.00464071367798595,0.007));
#11387=CARTESIAN_POINT('',(-0.00421821115026218,-0.0046577848547558,0.007));
#11388=CARTESIAN_POINT('',(-0.00428807050747617,-0.00467397226245967,0.007));
#11389=CARTESIAN_POINT('',(-0.00436027504873777,-0.0046891860122047,0.007));
#11390=CARTESIAN_POINT('',(-0.00443480562638284,-0.00470334790264914,0.007));
#11391=CARTESIAN_POINT('',(-0.00451167616693628,-0.00471633541578214,0.007));
#11392=CARTESIAN_POINT('',(-0.00456825140934158,-0.00472481953318937,0.007));
#11393=CARTESIAN_POINT('',(-0.00459915574273039,-0.00472898949233659,0.007));
#11394=CARTESIAN_POINT('',(-0.00460340181476067,-0.00472955513043861,0.007));
#11395=CARTESIAN_POINT('',(-0.00416638826186027,-0.00319432447497636,0.007));
#11396=CARTESIAN_POINT('',(-0.00416919619270262,-0.00319720091120407,0.007));
#11397=CARTESIAN_POINT('',(-0.00417592338382564,-0.00320420090818038,0.007));
#11398=CARTESIAN_POINT('',(-0.00418714105073877,-0.00321629820058378,0.007));
#11399=CARTESIAN_POINT('',(-0.00420027518303758,-0.0032310429865858,0.007));
#11400=CARTESIAN_POINT('',(-0.00421446304975092,-0.00324762692896949,0.007));
#11401=CARTESIAN_POINT('',(-0.00422963582201911,-0.00326609745455166,0.007));
#11402=CARTESIAN_POINT('',(-0.00424572317598475,-0.0032864999354927,0.007));
#11403=CARTESIAN_POINT('',(-0.00426265339181234,-0.00330887768584735,0.007));
#11404=CARTESIAN_POINT('',(-0.00428035339435372,-0.00333327191238814,0.007));
#11405=CARTESIAN_POINT('',(-0.00429874881228184,-0.00335972168071946,0.007));
#11406=CARTESIAN_POINT('',(-0.00431776403340639,-0.00338826387903504,0.007));
#11407=CARTESIAN_POINT('',(-0.00433732226236272,-0.00341893318447856,0.007));
#11408=CARTESIAN_POINT('',(-0.00435734557881298,-0.00345176203067591,0.007));
#11409=CARTESIAN_POINT('',(-0.00437775499660681,-0.00348678057684091,0.007));
#11410=CARTESIAN_POINT('',(-0.0043984705237116,-0.00352401667834964,0.007));
#11411=CARTESIAN_POINT('',(-0.00441941122290865,-0.00356349585882709,0.007));
#11412=CARTESIAN_POINT('',(-0.00444049527320387,-0.00360524128375089,0.007));
#11413=CARTESIAN_POINT('',(-0.00446164003191589,-0.00364927373558897,0.007));
#11414=CARTESIAN_POINT('',(-0.00448276209740465,-0.00369561159048357,0.007));
#11415=CARTESIAN_POINT('',(-0.00450377737239348,-0.00374427079650272,0.007));
#11416=CARTESIAN_POINT('',(-0.00452460112788091,-0.00379526485344511,0.007));
#11417=CARTESIAN_POINT('',(-0.00454514806747043,-0.00384860479431878,0.007));
#11418=CARTESIAN_POINT('',(-0.00456533239259335,-0.00390429916809366,0.007));
#11419=CARTESIAN_POINT('',(-0.00458506786661652,-0.00396235402532018,0.007));
#11420=CARTESIAN_POINT('',(-0.00460426788534144,-0.00402277290057011,0.007));
#11421=CARTESIAN_POINT('',(-0.00462284552497754,-0.00408555681488156,0.007));
#11422=CARTESIAN_POINT('',(-0.00464071367798595,-0.00415070420960431,0.007));
#11423=CARTESIAN_POINT('',(-0.0046577848547558,-0.00421821115026218,0.007));
#11424=CARTESIAN_POINT('',(-0.00467397226245968,-0.00428807050747617,0.007));
#11425=CARTESIAN_POINT('',(-0.0046891860122047,-0.00436027504873777,0.007));
#11426=CARTESIAN_POINT('',(-0.00470334790264914,-0.00443480562638284,0.007));
#11427=CARTESIAN_POINT('',(-0.00471633541578215,-0.00451167616693628,0.007));
#11428=CARTESIAN_POINT('',(-0.00472481953318937,-0.00456825140934158,0.007));
#11429=CARTESIAN_POINT('',(-0.00472898949233659,-0.00459915574273039,0.007));
#11430=CARTESIAN_POINT('',(-0.00472955513043861,-0.00460340181476066,0.007));
#11431=CARTESIAN_POINT('',(-0.00422547277257681,-0.00326108346768019,0.007));
#11432=CARTESIAN_POINT('',(-0.00431468534172309,-0.00318852188548701,0.007));
#11433=CARTESIAN_POINT('',(-0.004222202273177,-0.00312017755334194,0.007));
#11434=CARTESIAN_POINT('',(4.61756241288791E-16,3.33207295971085E-16,0.007));
#11435=CARTESIAN_POINT('',(-0.00427219745020395,-0.0030513650955713,0.007));
#11436=CARTESIAN_POINT('',(-0.00436577561251505,-0.00311820216045699,0.007));
#11437=CARTESIAN_POINT('',(-0.0044072175781145,-0.00301093320319857,0.007));
#11438=CARTESIAN_POINT('',(-0.00432546788516649,-0.00297537015754231,0.007));
#11439=CARTESIAN_POINT('',(-0.00432907123693387,-0.00297715179078964,0.007));
#11440=CARTESIAN_POINT('',(-0.00433780744605367,-0.0029813866117173,0.007));
#11441=CARTESIAN_POINT('',(-0.00435277910453683,-0.00298831697799409,0.007));
#11442=CARTESIAN_POINT('',(-0.00437086089943213,-0.00299625189064971,0.007));
#11443=CARTESIAN_POINT('',(-0.00439101745783035,-0.00300462063370946,0.007));
#11444=CARTESIAN_POINT('',(-0.00441327261602733,-0.00301334309134545,0.007));
#11445=CARTESIAN_POINT('',(-0.0044376477942448,-0.00302233836082624,0.007));
#11446=CARTESIAN_POINT('',(-0.00446416202394878,-0.00303152484775588,0.007));
#11447=CARTESIAN_POINT('',(-0.00449283191364614,-0.00304082031994557,0.007));
#11448=CARTESIAN_POINT('',(-0.00452367163493056,-0.00305014197412443,0.007));
#11449=CARTESIAN_POINT('',(-0.00455669290510726,-0.00305940649974738,0.007));
#11450=CARTESIAN_POINT('',(-0.00459190497302694,-0.00306853014425577,0.007));
#11451=CARTESIAN_POINT('',(-0.00462931460619227,-0.00307742877846292,0.007));
#11452=CARTESIAN_POINT('',(-0.00466892607965728,-0.00308601796236626,0.007));
#11453=CARTESIAN_POINT('',(-0.00471074116656139,-0.00309421301123728,0.007));
#11454=CARTESIAN_POINT('',(-0.00475475913033845,-0.00310192906197288,0.007));
#11455=CARTESIAN_POINT('',(-0.00480097671858921,-0.0031090811396572,0.007));
#11456=CARTESIAN_POINT('',(-0.00484938815862224,-0.00311558422429378,0.007));
#11457=CARTESIAN_POINT('',(-0.00489998515466322,-0.00312135331766917,0.007));
#11458=CARTESIAN_POINT('',(-0.0049527568867385,-0.00312630351029632,0.007));
#11459=CARTESIAN_POINT('',(-0.00500769001121821,-0.00313035004843905,0.007));
#11460=CARTESIAN_POINT('',(-0.00506476866308046,-0.00313340840101667,0.007));
#11461=CARTESIAN_POINT('',(-0.00512397445966301,-0.00313539432696434,0.007));
#11462=CARTESIAN_POINT('',(-0.00518528650679608,-0.00313622394064724,0.007));
#11463=CARTESIAN_POINT('',(-0.00524868140388807,-0.00313581378433532,0.007));
#11464=CARTESIAN_POINT('',(-0.00531413326107542,-0.00313408087307299,0.007));
#11465=CARTESIAN_POINT('',(-0.00538161367828383,-0.00313094284431722,0.007));
#11466=CARTESIAN_POINT('',(-0.00545109187782751,-0.00312631770632347,0.007));
#11467=CARTESIAN_POINT('',(-0.00552253425880544,-0.00312012511730694,0.007));
#11468=CARTESIAN_POINT('',(-0.00559590616549777,-0.00311228182281834,0.007));
#11469=CARTESIAN_POINT('',(-0.00567116522185016,-0.00310271936591567,0.007));
#11470=CARTESIAN_POINT('',(-0.00574828681262741,-0.00309131692151349,0.007));
#11471=CARTESIAN_POINT('',(-0.00580471480203905,-0.00308190308529452,0.007));
#11472=CARTESIAN_POINT('',(-0.00583539515793258,-0.0030763189878972,0.007));
#11473=CARTESIAN_POINT('',(-0.00583960820419182,-0.0030755448332833,0.007));
#11474=CARTESIAN_POINT('',(-0.00494957125417337,-0.00175049832900824,0.007));
#11475=CARTESIAN_POINT('',(-0.00495313062277589,-0.00175236628407699,0.007));
#11476=CARTESIAN_POINT('',(-0.00496169167975606,-0.00175694486043395,0.007));
#11477=CARTESIAN_POINT('',(-0.00497609858390999,-0.00176498361949033,0.007));
#11478=CARTESIAN_POINT('',(-0.0049931462754717,-0.00177494807421223,0.007));
#11479=CARTESIAN_POINT('',(-0.00501176445859205,-0.00178633604875375,0.007));
#11480=CARTESIAN_POINT('',(-0.0050319023288279,-0.00179921391798542,0.007));
#11481=CARTESIAN_POINT('',(-0.00505350702498507,-0.00181364656466307,0.007));
#11482=CARTESIAN_POINT('',(-0.00507652372222564,-0.00182969734554872,0.007));
#11483=CARTESIAN_POINT('',(-0.0051008956555468,-0.00184742803207456,0.007));
#11484=CARTESIAN_POINT('',(-0.00512656416554898,-0.00186689875984214,0.007));
#11485=CARTESIAN_POINT('',(-0.0051534687398446,-0.00188816797706028,0.007));
#11486=CARTESIAN_POINT('',(-0.00518154705752843,-0.0019112923947252,0.007));
#11487=CARTESIAN_POINT('',(-0.005210735034497,-0.00193632693775677,0.007));
#11488=CARTESIAN_POINT('',(-0.00524096687016691,-0.00196332469733458,0.007));
#11489=CARTESIAN_POINT('',(-0.00527217509537886,-0.00199233688439306,0.007));
#11490=CARTESIAN_POINT('',(-0.00530429062149753,-0.00202341278431816,0.007));
#11491=CARTESIAN_POINT('',(-0.00533724279065955,-0.00205659971286596,0.007));
#11492=CARTESIAN_POINT('',(-0.00537095942714006,-0.00209194297333105,0.007));
#11493=CARTESIAN_POINT('',(-0.00540536688980608,-0.00212948581498738,0.007));
#11494=CARTESIAN_POINT('',(-0.00544039012561865,-0.00216926939283663,0.007));
#11495=CARTESIAN_POINT('',(-0.00547595272417602,-0.00221133272865169,0.007));
#11496=CARTESIAN_POINT('',(-0.00551197697317147,-0.00225571267348283,0.007));
#11497=CARTESIAN_POINT('',(-0.00554838391509416,-0.00230244387109944,0.007));
#11498=CARTESIAN_POINT('',(-0.00558509340375507,-0.0023515587245021,0.007));
#11499=CARTESIAN_POINT('',(-0.00562202416590965,-0.00240308735743745,0.007));
#11500=CARTESIAN_POINT('',(-0.00565909384763856,-0.00245705760189895,0.007));
#11501=CARTESIAN_POINT('',(-0.00569621912309995,-0.00251349489323198,0.007));
#11502=CARTESIAN_POINT('',(-0.00573331556890929,-0.00257242252530393,0.007));
#11503=CARTESIAN_POINT('',(-0.00577029843708322,-0.00263386053813112,0.007));
#11504=CARTESIAN_POINT('',(-0.00580708000323638,-0.00269782983038468,0.007));
#11505=CARTESIAN_POINT('',(-0.00584357997651954,-0.00276433635709746,0.007));
#11506=CARTESIAN_POINT('',(-0.00587968613891296,-0.00283343122332918,0.007));
#11507=CARTESIAN_POINT('',(-0.00590523772542223,-0.00288461573981861,0.007));
#11508=CARTESIAN_POINT('',(-0.00591875355645885,-0.00291271891922746,0.007));
#11509=CARTESIAN_POINT('',(-0.00592060361867834,-0.00291658238191431,0.007));
#11510=CARTESIAN_POINT('',(-0.00502639362637529,-0.00179573178612477,0.007));
#11511=CARTESIAN_POINT('',(-0.00508881705956086,-0.00169915342056922,0.007));
#11512=CARTESIAN_POINT('',(-0.0049797408744711,-0.0016627329380035,0.007));
#11513=CARTESIAN_POINT('',(5.4212299932245E-16,1.74208444293453E-16,0.007));
#11514=CARTESIAN_POINT('',(-0.00500602489449008,-0.00158183904230033,0.007));
#11515=CARTESIAN_POINT('',(-0.00511567680444279,-0.0016164876259334,0.007));
#11516=CARTESIAN_POINT('',(-0.0051219425251125,-0.00150166251348606,0.007));
#11517=CARTESIAN_POINT('',(-0.00503320436144964,-0.00149310209158125,0.007));
#11518=CARTESIAN_POINT('',(-0.00503718190757969,-0.00149368302855794,0.007));
#11519=CARTESIAN_POINT('',(-0.00504679916782556,-0.00149501094551209,0.007));
#11520=CARTESIAN_POINT('',(-0.0050631796621425,-0.00149697561861467,0.007));
#11521=CARTESIAN_POINT('',(-0.00508282849386346,-0.00149893458709058,0.007));
#11522=CARTESIAN_POINT('',(-0.00510458460390119,-0.0015006650156176,0.007));
#11523=CARTESIAN_POINT('',(-0.00512844590476783,-0.00150208334369505,0.007));
#11524=CARTESIAN_POINT('',(-0.00515440776798596,-0.00150310600904046,0.007));
#11525=CARTESIAN_POINT('',(-0.00518246307950034,-0.00150364952972547,0.007));
#11526=CARTESIAN_POINT('',(-0.00521260222379583,-0.00150363056598017,0.007));
#11527=CARTESIAN_POINT('',(-0.00524481309124106,-0.00150296598795095,0.007));
#11528=CARTESIAN_POINT('',(-0.00527908108128127,-0.0015015729417546,0.007));
#11529=CARTESIAN_POINT('',(-0.00531538910913224,-0.0014993689159224,0.007));
#11530=CARTESIAN_POINT('',(-0.00535371761372307,-0.00149627180756982,0.007));
#11531=CARTESIAN_POINT('',(-0.00539404456747596,-0.00149219998841782,0.007));
#11532=CARTESIAN_POINT('',(-0.00543634548772644,-0.00148707237057333,0.007));
#11533=CARTESIAN_POINT('',(-0.00548059344981742,-0.0014808084720406,0.007));
#11534=CARTESIAN_POINT('',(-0.00552675910184029,-0.00147332848191881,0.007));
#11535=CARTESIAN_POINT('',(-0.0055748106810155,-0.00146455332524607,0.007));
#11536=CARTESIAN_POINT('',(-0.00562471403170037,-0.00145440472745287,0.007));
#11537=CARTESIAN_POINT('',(-0.00567643262501396,-0.00144280527837398,0.007));
#11538=CARTESIAN_POINT('',(-0.00572992758006533,-0.00142967849582471,0.007));
#11539=CARTESIAN_POINT('',(-0.00578515768678154,-0.00141494888853134,0.007));
#11540=CARTESIAN_POINT('',(-0.00584207943029123,-0.00139854201903523,0.007));
#11541=CARTESIAN_POINT('',(-0.00590064701697131,-0.00138038456401032,0.007));
#11542=CARTESIAN_POINT('',(-0.00596081240167977,-0.0013604043816191,0.007));
#11543=CARTESIAN_POINT('',(-0.00602252531793162,-0.00133853054888661,0.007));
#11544=CARTESIAN_POINT('',(-0.00608573330422563,-0.0013146935104852,0.007));
#11545=CARTESIAN_POINT('',(-0.0061503817524007,-0.00128882479845991,0.007));
#11546=CARTESIAN_POINT('',(-0.00621641387912411,-0.0012608583864822,0.007));
#11547=CARTESIAN_POINT('',(-0.00628377099780798,-0.00123072580407198,0.007));
#11548=CARTESIAN_POINT('',(-0.00635239165207125,-0.0011983750397294,0.007));
#11549=CARTESIAN_POINT('',(-0.00642221509442931,-0.00116369878849561,0.007));
#11550=CARTESIAN_POINT('',(-0.00647297226608676,-0.00113730849052961,0.007));
#11551=CARTESIAN_POINT('',(-0.00650042543748754,-0.0011225169469477,0.007));
#11552=CARTESIAN_POINT('',(-0.00650419305565387,-0.00112047877926533,0.007));
#11553=CARTESIAN_POINT('',(-0.00524825572643725,-0.000135321210157773,0.007));
#11554=CARTESIAN_POINT('',(-0.00525221811700155,-0.000135997835610631,0.007));
#11555=CARTESIAN_POINT('',(-0.00526177502393325,-0.000137706808393585,0.007));
#11556=CARTESIAN_POINT('',(-0.0052779609171706,-0.000140900144357181,0.007));
#11557=CARTESIAN_POINT('',(-0.0052972534211669,-0.000145108877544344,0.007));
#11558=CARTESIAN_POINT('',(-0.00531847944320992,-0.000150186149950889,0.007));
#11559=CARTESIAN_POINT('',(-0.00534161117636596,-0.000156210787266271,0.007));
#11560=CARTESIAN_POINT('',(-0.00536661839652601,-0.000163260831665567,0.007));
#11561=CARTESIAN_POINT('',(-0.00539346854048691,-0.000171413480816771,0.007));
#11562=CARTESIAN_POINT('',(-0.00542212670994513,-0.000180745024193541,0.007));
#11563=CARTESIAN_POINT('',(-0.00545255569941932,-0.000191330780902953,0.007));
#11564=CARTESIAN_POINT('',(-0.00548471601969877,-0.00020324503785099,0.007));
#11565=CARTESIAN_POINT('',(-0.00551856592474207,-0.000216560988618977,0.007));
#11566=CARTESIAN_POINT('',(-0.00555406143967866,-0.000231350672986913,0.007));
#11567=CARTESIAN_POINT('',(-0.00559115639051169,-0.000247684917165611,0.007));
#11568=CARTESIAN_POINT('',(-0.00562980243530658,-0.000265633274764781,0.007));
#11569=CARTESIAN_POINT('',(-0.00566994909688834,-0.000285263968534319,0.007));
#11570=CARTESIAN_POINT('',(-0.00571154379700831,-0.000306643832912942,0.007));
#11571=CARTESIAN_POINT('',(-0.00575453189196099,-0.000329838257419748,0.007));
#11572=CARTESIAN_POINT('',(-0.00579885670962762,-0.000354911130920112,0.007));
#11573=CARTESIAN_POINT('',(-0.00584445958792137,-0.000381924786811093,0.007));
#11574=CARTESIAN_POINT('',(-0.0058912799146227,-0.000410939949116757,0.007));
#11575=CARTESIAN_POINT('',(-0.00593925516853671,-0.000442015679692041,0.007));
#11576=CARTESIAN_POINT('',(-0.00598832096212169,-0.000475209325932259,0.007));
#11577=CARTESIAN_POINT('',(-0.00603841108490017,-0.000510576471456707,0.007));
#11578=CARTESIAN_POINT('',(-0.00608945755017295,-0.00054817088046467,0.007));
#11579=CARTESIAN_POINT('',(-0.00614139063526739,-0.000588044471515513,0.007));
#11580=CARTESIAN_POINT('',(-0.0061941389525526,-0.000630247184161421,0.007));
#11581=CARTESIAN_POINT('',(-0.00624762940881947,-0.000674827260447301,0.007));
#11582=CARTESIAN_POINT('',(-0.00630178759665179,-0.000721829948128344,0.007));
#11583=CARTESIAN_POINT('',(-0.00635653654324579,-0.000771302231347835,0.007));
#11584=CARTESIAN_POINT('',(-0.00641180172767244,-0.000823274584915458,0.007));
#11585=CARTESIAN_POINT('',(-0.00646749221658477,-0.000877830289906441,0.007));
#11586=CARTESIAN_POINT('',(-0.00650761010488019,-0.000918613783382528,0.007));
#11587=CARTESIAN_POINT('',(-0.00652914878409402,-0.000941164873804503,0.007));
#11588=CARTESIAN_POINT('',(-0.00653210217345079,-0.00094426754450183,0.007));
#11589=CARTESIAN_POINT('',(-0.00533529605108048,-0.000154601365744417,0.007));
#11590=CARTESIAN_POINT('',(-0.00536481990773551,-4.34599801481002E-5,0.007));
#11591=CARTESIAN_POINT('',(-0.00524982774307713,-4.25284377516754E-5,0.007));
#11592=CARTESIAN_POINT('',(5.69422980989387E-16,-1.84314369322542E-18,0.007));
#11593=CARTESIAN_POINT('',(-0.00524982774307714,4.25284377516772E-5,0.007));
#11594=CARTESIAN_POINT('',(-0.00536481990773552,4.34599801481021E-5,0.007));
#11595=CARTESIAN_POINT('',(-0.00533529605108048,0.000154601365744418,0.007));
#11596=CARTESIAN_POINT('',(-0.00524825572643725,0.000135321210157774,0.007));
#11597=CARTESIAN_POINT('',(-0.00525221811700155,0.000135997835610632,0.007));
#11598=CARTESIAN_POINT('',(-0.00526177502393325,0.000137706808393586,0.007));
#11599=CARTESIAN_POINT('',(-0.0052779609171706,0.000140900144357182,0.007));
#11600=CARTESIAN_POINT('',(-0.0052972534211669,0.000145108877544345,0.007));
#11601=CARTESIAN_POINT('',(-0.00531847944320992,0.00015018614995089,0.007));
#11602=CARTESIAN_POINT('',(-0.00534161117636596,0.000156210787266272,0.007));
#11603=CARTESIAN_POINT('',(-0.00536661839652601,0.000163260831665568,0.007));
#11604=CARTESIAN_POINT('',(-0.00539346854048691,0.000171413480816772,0.007));
#11605=CARTESIAN_POINT('',(-0.00542212670994513,0.000180745024193542,0.007));
#11606=CARTESIAN_POINT('',(-0.00545255569941932,0.000191330780902954,0.007));
#11607=CARTESIAN_POINT('',(-0.00548471601969877,0.000203245037850992,0.007));
#11608=CARTESIAN_POINT('',(-0.00551856592474207,0.000216560988618978,0.007));
#11609=CARTESIAN_POINT('',(-0.00555406143967866,0.000231350672986914,0.007));
#11610=CARTESIAN_POINT('',(-0.00559115639051169,0.000247684917165612,0.007));
#11611=CARTESIAN_POINT('',(-0.00562980243530658,0.000265633274764783,0.007));
#11612=CARTESIAN_POINT('',(-0.00566994909688834,0.00028526396853432,0.007));
#11613=CARTESIAN_POINT('',(-0.00571154379700831,0.000306643832912943,0.007));
#11614=CARTESIAN_POINT('',(-0.00575453189196099,0.000329838257419748,0.007));
#11615=CARTESIAN_POINT('',(-0.00579885670962762,0.000354911130920113,0.007));
#11616=CARTESIAN_POINT('',(-0.00584445958792137,0.000381924786811094,0.007));
#11617=CARTESIAN_POINT('',(-0.0058912799146227,0.000410939949116758,0.007));
#11618=CARTESIAN_POINT('',(-0.00593925516853671,0.000442015679692042,0.007));
#11619=CARTESIAN_POINT('',(-0.00598832096212169,0.00047520932593226,0.007));
#11620=CARTESIAN_POINT('',(-0.00603841108490017,0.000510576471456709,0.007));
#11621=CARTESIAN_POINT('',(-0.00608945755017295,0.000548170880464671,0.007));
#11622=CARTESIAN_POINT('',(-0.00614139063526739,0.000588044471515514,0.007));
#11623=CARTESIAN_POINT('',(-0.0061941389525526,0.000630247184161422,0.007));
#11624=CARTESIAN_POINT('',(-0.00624762940881947,0.000674827260447302,0.007));
#11625=CARTESIAN_POINT('',(-0.00630178759665179,0.000721829948128345,0.007));
#11626=CARTESIAN_POINT('',(-0.00635653654324579,0.000771302231347836,0.007));
#11627=CARTESIAN_POINT('',(-0.00641180172767244,0.000823274584915459,0.007));
#11628=CARTESIAN_POINT('',(-0.00646749221658477,0.000877830289906442,0.007));
#11629=CARTESIAN_POINT('',(-0.00650761010488019,0.000918613783382529,0.007));
#11630=CARTESIAN_POINT('',(-0.00652914878409402,0.000941164873804504,0.007));
#11631=CARTESIAN_POINT('',(-0.00653210217345079,0.000944267544501831,0.007));
#11632=CARTESIAN_POINT('',(-0.00503320436144964,0.00149310209158125,0.007));
#11633=CARTESIAN_POINT('',(-0.00503718190757969,0.00149368302855794,0.007));
#11634=CARTESIAN_POINT('',(-0.00504679916782556,0.00149501094551209,0.007));
#11635=CARTESIAN_POINT('',(-0.0050631796621425,0.00149697561861467,0.007));
#11636=CARTESIAN_POINT('',(-0.00508282849386346,0.00149893458709058,0.007));
#11637=CARTESIAN_POINT('',(-0.00510458460390119,0.0015006650156176,0.007));
#11638=CARTESIAN_POINT('',(-0.00512844590476783,0.00150208334369505,0.007));
#11639=CARTESIAN_POINT('',(-0.00515440776798596,0.00150310600904046,0.007));
#11640=CARTESIAN_POINT('',(-0.00518246307950033,0.00150364952972547,0.007));
#11641=CARTESIAN_POINT('',(-0.00521260222379583,0.00150363056598017,0.007));
#11642=CARTESIAN_POINT('',(-0.00524481309124106,0.00150296598795095,0.007));
#11643=CARTESIAN_POINT('',(-0.00527908108128127,0.0015015729417546,0.007));
#11644=CARTESIAN_POINT('',(-0.00531538910913224,0.0014993689159224,0.007));
#11645=CARTESIAN_POINT('',(-0.00535371761372307,0.00149627180756982,0.007));
#11646=CARTESIAN_POINT('',(-0.00539404456747596,0.00149219998841782,0.007));
#11647=CARTESIAN_POINT('',(-0.00543634548772644,0.00148707237057333,0.007));
#11648=CARTESIAN_POINT('',(-0.00548059344981742,0.0014808084720406,0.007));
#11649=CARTESIAN_POINT('',(-0.00552675910184029,0.00147332848191881,0.007));
#11650=CARTESIAN_POINT('',(-0.0055748106810155,0.00146455332524608,0.007));
#11651=CARTESIAN_POINT('',(-0.00562471403170037,0.00145440472745287,0.007));
#11652=CARTESIAN_POINT('',(-0.00567643262501396,0.00144280527837398,0.007));
#11653=CARTESIAN_POINT('',(-0.00572992758006533,0.00142967849582471,0.007));
#11654=CARTESIAN_POINT('',(-0.00578515768678154,0.00141494888853134,0.007));
#11655=CARTESIAN_POINT('',(-0.00584207943029122,0.00139854201903523,0.007));
#11656=CARTESIAN_POINT('',(-0.00590064701697131,0.00138038456401033,0.007));
#11657=CARTESIAN_POINT('',(-0.00596081240167977,0.0013604043816191,0.007));
#11658=CARTESIAN_POINT('',(-0.00602252531793162,0.00133853054888661,0.007));
#11659=CARTESIAN_POINT('',(-0.00608573330422563,0.0013146935104852,0.007));
#11660=CARTESIAN_POINT('',(-0.0061503817524007,0.00128882479845991,0.007));
#11661=CARTESIAN_POINT('',(-0.00621641387912411,0.00126085838648221,0.007));
#11662=CARTESIAN_POINT('',(-0.00628377099780798,0.00123072580407198,0.007));
#11663=CARTESIAN_POINT('',(-0.00635239165207125,0.0011983750397294,0.007));
#11664=CARTESIAN_POINT('',(-0.00642221509442931,0.00116369878849561,0.007));
#11665=CARTESIAN_POINT('',(-0.00647297226608676,0.00113730849052961,0.007));
#11666=CARTESIAN_POINT('',(-0.00650042543748754,0.0011225169469477,0.007));
#11667=CARTESIAN_POINT('',(-0.00650419305565387,0.00112047877926533,0.007));
#11668=CARTESIAN_POINT('',(-0.0051219425251125,0.00150166251348606,0.007));
#11669=CARTESIAN_POINT('',(-0.00511567680444278,0.0016164876259334,0.007));
#11670=CARTESIAN_POINT('',(-0.00500602489449007,0.00158183904230033,0.007));
#11671=CARTESIAN_POINT('',(5.40983873873886E-16,-1.77714311933273E-16,0.007));
#11672=CARTESIAN_POINT('',(0.00533529605112293,0.000154601365755694,0.014));
#11673=CARTESIAN_POINT('',(0.00533529605112293,0.000154601365755694,0.00699999999999999));
#11674=CARTESIAN_POINT('',(0.00564855818330445,0.000237817048537593,0.0140000000000001));
#11675=CARTESIAN_POINT('',(0.00564855818330445,0.000237817048537593,0.00700000000000009));
#11676=CARTESIAN_POINT('',(0.00612347651334197,0.000514987585565903,0.014));
#11677=CARTESIAN_POINT('',(0.00612347651334197,0.000514987585565903,0.00699999999999999));
#11678=CARTESIAN_POINT('',(0.00653210217345079,0.000944267544501831,0.014));
#11679=CARTESIAN_POINT('',(0.00653210217345079,0.000944267544501831,0.00699999999999999));
#11680=CARTESIAN_POINT('',(0.00533529605107938,0.000154601365744123,0.007));
#11681=CARTESIAN_POINT('',(-5.69422980989387E-16,1.84314369322536E-18,0.014));
#11682=CARTESIAN_POINT('',(0.00524982774307714,4.25284377516761E-5,0.014));
#11683=CARTESIAN_POINT('',(0.00524982774307714,-4.25284377516766E-5,0.014));
#11684=CARTESIAN_POINT('',(0.00533529605112293,-0.000154601365755693,0.014));
#11685=CARTESIAN_POINT('',(0.00533529605112293,-0.000154601365755693,0.007));
#11686=CARTESIAN_POINT('',(0.00564855818330449,-0.000237817048537596,0.014));
#11687=CARTESIAN_POINT('',(0.00564855818330449,-0.000237817048537596,0.007));
#11688=CARTESIAN_POINT('',(0.00612347651334197,-0.000514987585566037,0.014));
#11689=CARTESIAN_POINT('',(0.00612347651334197,-0.000514987585566037,0.007));
#11690=CARTESIAN_POINT('',(0.00653210217345079,-0.00094426754450183,0.014));
#11691=CARTESIAN_POINT('',(0.00653210217345079,-0.00094426754450183,0.007));
#11692=CARTESIAN_POINT('',(0.00533529605107938,-0.000154601365744123,0.014));
#11693=CARTESIAN_POINT('',(0.00536481990773552,-4.34599801481014E-5,0.0105));
#11694=CARTESIAN_POINT('',(0.00536481990773551,4.34599801481009E-5,0.0105));
#11695=CARTESIAN_POINT('',(0.00512194252515636,-0.00150166251348845,0.014));
#11696=CARTESIAN_POINT('',(0.00512194252515636,-0.00150166251348845,0.00700000000000002));
#11697=CARTESIAN_POINT('',(0.00544558757745419,-0.00151932301865903,0.0139999999999999));
#11698=CARTESIAN_POINT('',(0.00544558757745419,-0.00151932301865903,0.00699999999999992));
#11699=CARTESIAN_POINT('',(0.00598291215622708,-0.00140247600821526,0.014));
#11700=CARTESIAN_POINT('',(0.00598291215622708,-0.00140247600821526,0.00700000000000002));
#11701=CARTESIAN_POINT('',(0.00650419305565387,-0.00112047877926533,0.014));
#11702=CARTESIAN_POINT('',(0.00650419305565387,-0.00112047877926533,0.00700000000000002));
#11703=CARTESIAN_POINT('',(0.00512194252511135,-0.001501662513486,0.007));
#11704=CARTESIAN_POINT('',(-5.40983873873886E-16,1.77714311933273E-16,0.014));
#11705=CARTESIAN_POINT('',(0.00500602489449008,-0.00158183904230033,0.014));
#11706=CARTESIAN_POINT('',(0.00497974087447111,-0.0016627329380035,0.014));
#11707=CARTESIAN_POINT('',(0.00502639362641218,-0.00179573178614862,0.014));
#11708=CARTESIAN_POINT('',(0.00502639362641218,-0.00179573178614862,0.00700000000000002));
#11709=CARTESIAN_POINT('',(0.00529860855835387,-0.00197167792605454,0.014));
#11710=CARTESIAN_POINT('',(0.00529860855835387,-0.00197167792605454,0.00700000000000002));
#11711=CARTESIAN_POINT('',(0.00566463232456207,-0.00238204060634213,0.014));
#11712=CARTESIAN_POINT('',(0.00566463232456207,-0.00238204060634213,0.00700000000000002));
#11713=CARTESIAN_POINT('',(0.00592060361867834,-0.00291658238191431,0.014));
#11714=CARTESIAN_POINT('',(0.00592060361867834,-0.00291658238191431,0.00700000000000002));
#11715=CARTESIAN_POINT('',(0.00502639362637433,-0.00179573178612415,0.014));
#11716=CARTESIAN_POINT('',(0.00508881705956087,-0.00169915342056922,0.0105));
#11717=CARTESIAN_POINT('',(0.00511567680444278,-0.0016164876259334,0.0105));
#11718=CARTESIAN_POINT('',(0.00326108346771426,-0.00422547277260453,0.014));
#11719=CARTESIAN_POINT('',(0.00326108346771426,-0.00422547277260453,0.00699999999999999));
#11720=CARTESIAN_POINT('',(0.00351253723068132,-0.00442999421013493,0.014));
#11721=CARTESIAN_POINT('',(0.00351253723068132,-0.00442999421013493,0.00699999999999999));
#11722=CARTESIAN_POINT('',(0.0040159228959173,-0.00465129445604062,0.014));
#11723=CARTESIAN_POINT('',(0.0040159228959173,-0.00465129445604062,0.00699999999999999));
#11724=CARTESIAN_POINT('',(0.00460340181476066,-0.00472955513043861,0.014));
#11725=CARTESIAN_POINT('',(0.00460340181476066,-0.00472955513043861,0.00699999999999999));
#11726=CARTESIAN_POINT('',(0.0032610834676793,-0.00422547277257609,0.007));
#11727=CARTESIAN_POINT('',(-3.33207295971085E-16,4.61756241288791E-16,0.014));
#11728=CARTESIAN_POINT('',(0.00312017755334194,-0.00422220227317701,0.014));
#11729=CARTESIAN_POINT('',(0.0030513650955713,-0.00427219745020395,0.014));
#11730=CARTESIAN_POINT('',(0.00301093320321439,-0.00440721757815547,0.014));
#11731=CARTESIAN_POINT('',(0.00301093320321439,-0.00440721757815547,0.007));
#11732=CARTESIAN_POINT('',(0.00312774116304334,-0.00470956491788316,0.0140000000000001));
#11733=CARTESIAN_POINT('',(0.00312774116304334,-0.00470956491788316,0.00700000000000009));
#11734=CARTESIAN_POINT('',(0.00318265547868672,-0.00525669867185932,0.014));
#11735=CARTESIAN_POINT('',(0.00318265547868672,-0.00525669867185932,0.00699999999999999));
#11736=CARTESIAN_POINT('',(0.0030755448332833,-0.00583960820419182,0.014));
#11737=CARTESIAN_POINT('',(0.0030755448332833,-0.00583960820419182,0.007));
#11738=CARTESIAN_POINT('',(0.00301093320319815,-0.00440721757811344,0.014));
#11739=CARTESIAN_POINT('',(0.00311820216045699,-0.00436577561251505,0.0105));
#11740=CARTESIAN_POINT('',(0.00318852188548701,-0.00431468534172309,0.0105));
#11741=CARTESIAN_POINT('',(0.00440721757815548,-0.0030109332032144,0.014));
#11742=CARTESIAN_POINT('',(0.00440721757815548,-0.0030109332032144,0.00700000000000003));
#11743=CARTESIAN_POINT('',(0.00470956491788315,-0.00312774116304331,0.014));
#11744=CARTESIAN_POINT('',(0.00470956491788315,-0.00312774116304331,0.00700000000000003));
#11745=CARTESIAN_POINT('',(0.00525669867185931,-0.00318265547868744,0.014));
#11746=CARTESIAN_POINT('',(0.00525669867185931,-0.00318265547868744,0.00700000000000003));
#11747=CARTESIAN_POINT('',(0.00583960820419182,-0.0030755448332833,0.014));
#11748=CARTESIAN_POINT('',(0.00583960820419182,-0.0030755448332833,0.00700000000000003));
#11749=CARTESIAN_POINT('',(0.00440721757811344,-0.00301093320319815,0.007));
#11750=CARTESIAN_POINT('',(-4.59589495927323E-16,3.36189565112874E-16,0.014));
#11751=CARTESIAN_POINT('',(0.00427219745020395,-0.0030513650955713,0.014));
#11752=CARTESIAN_POINT('',(0.004222202273177,-0.00312017755334195,0.014));
#11753=CARTESIAN_POINT('',(0.00422547277260453,-0.00326108346771427,0.014));
#11754=CARTESIAN_POINT('',(0.00422547277260453,-0.00326108346771427,0.007));
#11755=CARTESIAN_POINT('',(0.00442999421013492,-0.00351253723068136,0.0139999999999999));
#11756=CARTESIAN_POINT('',(0.00442999421013492,-0.00351253723068136,0.00699999999999991));
#11757=CARTESIAN_POINT('',(0.00465129445604062,-0.00401592289591587,0.014));
#11758=CARTESIAN_POINT('',(0.00465129445604062,-0.00401592289591587,0.007));
#11759=CARTESIAN_POINT('',(0.00472955513043861,-0.00460340181476067,0.014));
#11760=CARTESIAN_POINT('',(0.00472955513043861,-0.00460340181476067,0.007));
#11761=CARTESIAN_POINT('',(0.00422547277257609,-0.0032610834676793,0.014));
#11762=CARTESIAN_POINT('',(0.00431468534172309,-0.00318852188548702,0.0105));
#11763=CARTESIAN_POINT('',(0.00436577561251504,-0.00311820216045699,0.0105));
#11764=CARTESIAN_POINT('',(0.00150166251348845,0.00512194252515636,0.014));
#11765=CARTESIAN_POINT('',(0.00150166251348845,0.00512194252515636,0.00700000000000001));
#11766=CARTESIAN_POINT('',(0.00151932301865898,0.00544558757745424,0.014));
#11767=CARTESIAN_POINT('',(0.00151932301865898,0.00544558757745424,0.00700000000000001));
#11768=CARTESIAN_POINT('',(0.00140247600821524,0.0059829121562271,0.014));
#11769=CARTESIAN_POINT('',(0.00140247600821524,0.0059829121562271,0.00700000000000001));
#11770=CARTESIAN_POINT('',(0.00112047877926533,0.00650419305565387,0.014));
#11771=CARTESIAN_POINT('',(0.00112047877926533,0.00650419305565387,0.00700000000000001));
#11772=CARTESIAN_POINT('',(0.001501662513486,0.00512194252511135,0.007));
#11773=CARTESIAN_POINT('',(-1.77714311933273E-16,-5.40983873873886E-16,
0.014));
#11774=CARTESIAN_POINT('',(0.00158183904230033,0.00500602489449008,0.014));
#11775=CARTESIAN_POINT('',(0.0016627329380035,0.00497974087447111,0.014));
#11776=CARTESIAN_POINT('',(0.00179573178614862,0.00502639362641218,0.014));
#11777=CARTESIAN_POINT('',(0.00179573178614862,0.00502639362641218,0.00700000000000002));
#11778=CARTESIAN_POINT('',(0.00197167792605454,0.00529860855835387,0.014));
#11779=CARTESIAN_POINT('',(0.00197167792605454,0.00529860855835387,0.00700000000000002));
#11780=CARTESIAN_POINT('',(0.00238204060634213,0.00566463232456207,0.014));
#11781=CARTESIAN_POINT('',(0.00238204060634213,0.00566463232456207,0.00700000000000002));
#11782=CARTESIAN_POINT('',(0.00291658238191431,0.00592060361867834,0.014));
#11783=CARTESIAN_POINT('',(0.00291658238191431,0.00592060361867834,0.00700000000000002));
#11784=CARTESIAN_POINT('',(0.00179573178612415,0.00502639362637433,0.014));
#11785=CARTESIAN_POINT('',(0.00169915342056922,0.00508881705956087,0.0105));
#11786=CARTESIAN_POINT('',(0.0016164876259334,0.00511567680444278,0.0105));
#11787=CARTESIAN_POINT('',(0.0030109332032144,0.00440721757815547,0.014));
#11788=CARTESIAN_POINT('',(0.0030109332032144,0.00440721757815547,0.00700000000000002));
#11789=CARTESIAN_POINT('',(0.00312774116304334,0.00470956491788312,0.0139999999999999));
#11790=CARTESIAN_POINT('',(0.00312774116304334,0.00470956491788312,0.00699999999999992));
#11791=CARTESIAN_POINT('',(0.00318265547868671,0.00525669867185935,0.014));
#11792=CARTESIAN_POINT('',(0.00318265547868671,0.00525669867185935,0.00700000000000002));
#11793=CARTESIAN_POINT('',(0.0030755448332833,0.00583960820419182,0.014));
#11794=CARTESIAN_POINT('',(0.0030755448332833,0.00583960820419182,0.00700000000000002));
#11795=CARTESIAN_POINT('',(0.00301093320319815,0.00440721757811344,0.007));
#11796=CARTESIAN_POINT('',(-3.36189565112874E-16,-4.59589495927323E-16,
0.014));
#11797=CARTESIAN_POINT('',(0.0030513650955713,0.00427219745020395,0.014));
#11798=CARTESIAN_POINT('',(0.00312017755334195,0.004222202273177,0.014));
#11799=CARTESIAN_POINT('',(0.00326108346771427,0.00422547277260453,0.014));
#11800=CARTESIAN_POINT('',(0.00326108346771427,0.00422547277260453,0.007));
#11801=CARTESIAN_POINT('',(0.00351253723068136,0.00442999421013489,0.014));
#11802=CARTESIAN_POINT('',(0.00351253723068136,0.00442999421013489,0.007));
#11803=CARTESIAN_POINT('',(0.00401592289591728,0.00465129445604061,0.014));
#11804=CARTESIAN_POINT('',(0.00401592289591728,0.00465129445604061,0.007));
#11805=CARTESIAN_POINT('',(0.00460340181476066,0.00472955513043861,0.014));
#11806=CARTESIAN_POINT('',(0.00460340181476066,0.00472955513043861,0.007));
#11807=CARTESIAN_POINT('',(0.0032610834676793,0.00422547277257609,0.014));
#11808=CARTESIAN_POINT('',(0.00318852188548702,0.00431468534172309,0.0105));
#11809=CARTESIAN_POINT('',(0.00311820216045699,0.00436577561251504,0.0105));
#11810=CARTESIAN_POINT('',(0.00422547277260453,0.00326108346771427,0.014));
#11811=CARTESIAN_POINT('',(0.00422547277260453,0.00326108346771427,0.007));
#11812=CARTESIAN_POINT('',(0.00442999421013489,0.00351253723068136,0.014));
#11813=CARTESIAN_POINT('',(0.00442999421013489,0.00351253723068136,0.007));
#11814=CARTESIAN_POINT('',(0.00465129445604061,0.00401592289591728,0.014));
#11815=CARTESIAN_POINT('',(0.00465129445604061,0.00401592289591728,0.007));
#11816=CARTESIAN_POINT('',(0.00472955513043861,0.00460340181476066,0.014));
#11817=CARTESIAN_POINT('',(0.00472955513043861,0.00460340181476066,0.007));
#11818=CARTESIAN_POINT('',(0.00422547277257609,0.0032610834676793,0.007));
#11819=CARTESIAN_POINT('',(-4.6175624128879E-16,-3.33207295971085E-16,0.014));
#11820=CARTESIAN_POINT('',(0.004222202273177,0.00312017755334195,0.014));
#11821=CARTESIAN_POINT('',(0.00427219745020395,0.0030513650955713,0.014));
#11822=CARTESIAN_POINT('',(0.00440721757815548,0.0030109332032144,0.014));
#11823=CARTESIAN_POINT('',(0.00440721757815548,0.0030109332032144,0.007));
#11824=CARTESIAN_POINT('',(0.00470956491788309,0.00312774116304338,0.014));
#11825=CARTESIAN_POINT('',(0.00470956491788309,0.00312774116304338,0.007));
#11826=CARTESIAN_POINT('',(0.00525669867185934,0.00318265547868671,0.014));
#11827=CARTESIAN_POINT('',(0.00525669867185934,0.00318265547868671,0.00699999999999999));
#11828=CARTESIAN_POINT('',(0.00583960820419182,0.0030755448332833,0.014));
#11829=CARTESIAN_POINT('',(0.00583960820419182,0.0030755448332833,0.00699999999999999));
#11830=CARTESIAN_POINT('',(0.00440721757811344,0.00301093320319815,0.014));
#11831=CARTESIAN_POINT('',(0.00436577561251505,0.00311820216045699,0.0105));
#11832=CARTESIAN_POINT('',(0.00431468534172309,0.00318852188548701,0.0105));
#11833=CARTESIAN_POINT('',(0.00502639362641218,0.00179573178614862,0.014));
#11834=CARTESIAN_POINT('',(0.00502639362641218,0.00179573178614862,0.00700000000000002));
#11835=CARTESIAN_POINT('',(0.00529860855835387,0.00197167792605454,0.014));
#11836=CARTESIAN_POINT('',(0.00529860855835387,0.00197167792605454,0.00700000000000002));
#11837=CARTESIAN_POINT('',(0.00566463232456207,0.00238204060634213,0.014));
#11838=CARTESIAN_POINT('',(0.00566463232456207,0.00238204060634213,0.00700000000000002));
#11839=CARTESIAN_POINT('',(0.00592060361867834,0.00291658238191431,0.014));
#11840=CARTESIAN_POINT('',(0.00592060361867834,0.00291658238191431,0.00700000000000002));
#11841=CARTESIAN_POINT('',(0.00502639362637433,0.00179573178612415,0.007));
#11842=CARTESIAN_POINT('',(-5.42122999322449E-16,-1.74208444293453E-16,
0.014));
#11843=CARTESIAN_POINT('',(0.00497974087447111,0.0016627329380035,0.014));
#11844=CARTESIAN_POINT('',(0.00500602489449008,0.00158183904230033,0.014));
#11845=CARTESIAN_POINT('',(0.00512194252515636,0.00150166251348845,0.014));
#11846=CARTESIAN_POINT('',(0.00512194252515636,0.00150166251348845,0.00700000000000001));
#11847=CARTESIAN_POINT('',(0.00544558757745424,0.00151932301865898,0.014));
#11848=CARTESIAN_POINT('',(0.00544558757745424,0.00151932301865898,0.00700000000000001));
#11849=CARTESIAN_POINT('',(0.0059829121562271,0.00140247600821524,0.014));
#11850=CARTESIAN_POINT('',(0.0059829121562271,0.00140247600821524,0.00700000000000001));
#11851=CARTESIAN_POINT('',(0.00650419305565387,0.00112047877926533,0.014));
#11852=CARTESIAN_POINT('',(0.00650419305565387,0.00112047877926533,0.00700000000000001));
#11853=CARTESIAN_POINT('',(0.00512194252511135,0.001501662513486,0.014));
#11854=CARTESIAN_POINT('',(0.00511567680444279,0.0016164876259334,0.0105));
#11855=CARTESIAN_POINT('',(0.00508881705956086,0.00169915342056922,0.0105));
#11856=CARTESIAN_POINT('',(-0.000154601365755693,0.00533529605112293,0.014));
#11857=CARTESIAN_POINT('',(-0.000154601365755693,0.00533529605112293,0.00700000000000002));
#11858=CARTESIAN_POINT('',(-0.000237817048537596,0.00564855818330449,0.014));
#11859=CARTESIAN_POINT('',(-0.000237817048537596,0.00564855818330449,0.00700000000000002));
#11860=CARTESIAN_POINT('',(-0.000514987585566037,0.00612347651334197,0.014));
#11861=CARTESIAN_POINT('',(-0.000514987585566037,0.00612347651334197,0.00700000000000002));
#11862=CARTESIAN_POINT('',(-0.00094426754450183,0.00653210217345079,0.014));
#11863=CARTESIAN_POINT('',(-0.00094426754450183,0.00653210217345079,0.00700000000000002));
#11864=CARTESIAN_POINT('',(-0.000154601365744123,0.00533529605107938,0.007));
#11865=CARTESIAN_POINT('',(-1.84314369322539E-18,-5.69422980989387E-16,
0.014));
#11866=CARTESIAN_POINT('',(-4.25284377516758E-5,0.00524982774307714,0.014));
#11867=CARTESIAN_POINT('',(4.25284377516768E-5,0.00524982774307714,0.014));
#11868=CARTESIAN_POINT('',(0.000154601365755694,0.00533529605112293,0.014));
#11869=CARTESIAN_POINT('',(0.000154601365755694,0.00533529605112293,0.00699999999999999));
#11870=CARTESIAN_POINT('',(0.000237817048537593,0.00564855818330454,0.014));
#11871=CARTESIAN_POINT('',(0.000237817048537593,0.00564855818330454,0.00699999999999999));
#11872=CARTESIAN_POINT('',(0.000514987585565911,0.00612347651334198,0.014));
#11873=CARTESIAN_POINT('',(0.000514987585565911,0.00612347651334198,0.00699999999999999));
#11874=CARTESIAN_POINT('',(0.000944267544501831,0.00653210217345079,0.014));
#11875=CARTESIAN_POINT('',(0.000944267544501831,0.00653210217345079,0.00699999999999999));
#11876=CARTESIAN_POINT('',(0.000154601365744123,0.00533529605107938,0.014));
#11877=CARTESIAN_POINT('',(4.34599801481018E-5,0.00536481990773552,0.0105));
#11878=CARTESIAN_POINT('',(-4.34599801481005E-5,0.00536481990773551,0.0105));
#11879=CARTESIAN_POINT('',(-0.00179573178614862,0.00502639362641218,0.014));
#11880=CARTESIAN_POINT('',(-0.00179573178614862,0.00502639362641218,0.00700000000000001));
#11881=CARTESIAN_POINT('',(-0.00197167792605451,0.00529860855835387,0.014));
#11882=CARTESIAN_POINT('',(-0.00197167792605451,0.00529860855835387,0.00700000000000001));
#11883=CARTESIAN_POINT('',(-0.00238204060634212,0.00566463232456207,0.014));
#11884=CARTESIAN_POINT('',(-0.00238204060634212,0.00566463232456207,0.00700000000000001));
#11885=CARTESIAN_POINT('',(-0.00291658238191431,0.00592060361867834,0.014));
#11886=CARTESIAN_POINT('',(-0.00291658238191431,0.00592060361867834,0.00700000000000001));
#11887=CARTESIAN_POINT('',(-0.00179573178612415,0.00502639362637433,0.007));
#11888=CARTESIAN_POINT('',(1.74208444293453E-16,-5.4212299932245E-16,0.014));
#11889=CARTESIAN_POINT('',(-0.0016627329380035,0.00497974087447111,0.014));
#11890=CARTESIAN_POINT('',(-0.00158183904230033,0.00500602489449008,0.014));
#11891=CARTESIAN_POINT('',(-0.00150166251348845,0.00512194252515636,0.014));
#11892=CARTESIAN_POINT('',(-0.00150166251348845,0.00512194252515636,0.007));
#11893=CARTESIAN_POINT('',(-0.00151932301865898,0.00544558757745424,0.014));
#11894=CARTESIAN_POINT('',(-0.00151932301865898,0.00544558757745424,0.007));
#11895=CARTESIAN_POINT('',(-0.00140247600821494,0.0059829121562271,0.014));
#11896=CARTESIAN_POINT('',(-0.00140247600821494,0.0059829121562271,0.007));
#11897=CARTESIAN_POINT('',(-0.00112047877926533,0.00650419305565387,0.014));
#11898=CARTESIAN_POINT('',(-0.00112047877926533,0.00650419305565387,0.007));
#11899=CARTESIAN_POINT('',(-0.001501662513486,0.00512194252511136,0.014));
#11900=CARTESIAN_POINT('',(-0.0016164876259334,0.00511567680444279,0.0105));
#11901=CARTESIAN_POINT('',(-0.00169915342056922,0.00508881705956086,0.0105));
#11902=CARTESIAN_POINT('',(-0.00440721757815548,0.0030109332032144,0.014));
#11903=CARTESIAN_POINT('',(-0.00440721757815548,0.0030109332032144,0.00699999999999998));
#11904=CARTESIAN_POINT('',(-0.00470956491788314,0.00312774116304338,0.014));
#11905=CARTESIAN_POINT('',(-0.00470956491788314,0.00312774116304338,0.00699999999999998));
#11906=CARTESIAN_POINT('',(-0.00525669867185934,0.00318265547868671,0.014));
#11907=CARTESIAN_POINT('',(-0.00525669867185934,0.00318265547868671,0.00699999999999998));
#11908=CARTESIAN_POINT('',(-0.00583960820419182,0.0030755448332833,0.014));
#11909=CARTESIAN_POINT('',(-0.00583960820419182,0.0030755448332833,0.00699999999999998));
#11910=CARTESIAN_POINT('',(-0.00440721757811344,0.00301093320319815,0.007));
#11911=CARTESIAN_POINT('',(4.59589495927323E-16,-3.36189565112874E-16,0.014));
#11912=CARTESIAN_POINT('',(-0.00427219745020395,0.0030513650955713,0.014));
#11913=CARTESIAN_POINT('',(-0.004222202273177,0.00312017755334195,0.014));
#11914=CARTESIAN_POINT('',(-0.00422547277260453,0.00326108346771427,0.014));
#11915=CARTESIAN_POINT('',(-0.00422547277260453,0.00326108346771427,0.007));
#11916=CARTESIAN_POINT('',(-0.00442999421013492,0.00351253723068136,0.0139999999999999));
#11917=CARTESIAN_POINT('',(-0.00442999421013492,0.00351253723068136,0.00699999999999991));
#11918=CARTESIAN_POINT('',(-0.00465129445604062,0.00401592289591587,0.014));
#11919=CARTESIAN_POINT('',(-0.00465129445604062,0.00401592289591587,0.007));
#11920=CARTESIAN_POINT('',(-0.00472955513043861,0.00460340181476067,0.014));
#11921=CARTESIAN_POINT('',(-0.00472955513043861,0.00460340181476067,0.007));
#11922=CARTESIAN_POINT('',(-0.00422547277257609,0.0032610834676793,0.014));
#11923=CARTESIAN_POINT('',(-0.00431468534172309,0.00318852188548702,0.0105));
#11924=CARTESIAN_POINT('',(-0.00436577561251504,0.00311820216045699,0.0105));
#11925=CARTESIAN_POINT('',(-0.00326108346771427,0.00422547277260453,0.014));
#11926=CARTESIAN_POINT('',(-0.00326108346771427,0.00422547277260453,0.007));
#11927=CARTESIAN_POINT('',(-0.00351253723068136,0.00442999421013489,0.014));
#11928=CARTESIAN_POINT('',(-0.00351253723068136,0.00442999421013489,0.007));
#11929=CARTESIAN_POINT('',(-0.00401592289591728,0.00465129445604061,0.014));
#11930=CARTESIAN_POINT('',(-0.00401592289591728,0.00465129445604061,0.007));
#11931=CARTESIAN_POINT('',(-0.00460340181476066,0.00472955513043861,0.014));
#11932=CARTESIAN_POINT('',(-0.00460340181476066,0.00472955513043861,0.007));
#11933=CARTESIAN_POINT('',(-0.0032610834676793,0.00422547277257609,0.007));
#11934=CARTESIAN_POINT('',(3.33207295971085E-16,-4.61756241288791E-16,0.014));
#11935=CARTESIAN_POINT('',(-0.00312017755334195,0.00422220227317701,0.014));
#11936=CARTESIAN_POINT('',(-0.0030513650955713,0.00427219745020395,0.014));
#11937=CARTESIAN_POINT('',(-0.0030109332032144,0.00440721757815548,0.014));
#11938=CARTESIAN_POINT('',(-0.0030109332032144,0.00440721757815548,0.007));
#11939=CARTESIAN_POINT('',(-0.00312774116304333,0.00470956491788309,0.0139999999999999));
#11940=CARTESIAN_POINT('',(-0.00312774116304333,0.00470956491788309,0.0069999999999999));
#11941=CARTESIAN_POINT('',(-0.00318265547868671,0.00525669867185934,0.014));
#11942=CARTESIAN_POINT('',(-0.00318265547868671,0.00525669867185934,0.007));
#11943=CARTESIAN_POINT('',(-0.0030755448332833,0.00583960820419182,0.014));
#11944=CARTESIAN_POINT('',(-0.0030755448332833,0.00583960820419182,0.007));
#11945=CARTESIAN_POINT('',(-0.00301093320319815,0.00440721757811344,0.014));
#11946=CARTESIAN_POINT('',(-0.00311820216045699,0.00436577561251505,0.0105));
#11947=CARTESIAN_POINT('',(-0.00318852188548701,0.00431468534172309,0.0105));
#11948=CARTESIAN_POINT('',(0.00179573178614862,-0.00502639362641218,0.014));
#11949=CARTESIAN_POINT('',(0.00179573178614862,-0.00502639362641218,0.00700000000000001));
#11950=CARTESIAN_POINT('',(0.00197167792605456,-0.00529860855835386,0.0140000000000001));
#11951=CARTESIAN_POINT('',(0.00197167792605456,-0.00529860855835386,0.0070000000000001));
#11952=CARTESIAN_POINT('',(0.00238204060634286,-0.00566463232456208,0.014));
#11953=CARTESIAN_POINT('',(0.00238204060634286,-0.00566463232456208,0.007));
#11954=CARTESIAN_POINT('',(0.00291658238191431,-0.00592060361867834,0.014));
#11955=CARTESIAN_POINT('',(0.00291658238191431,-0.00592060361867834,0.007));
#11956=CARTESIAN_POINT('',(0.00179573178612415,-0.00502639362637433,0.007));
#11957=CARTESIAN_POINT('',(-1.74208444293453E-16,5.4212299932245E-16,0.014));
#11958=CARTESIAN_POINT('',(0.0016627329380035,-0.00497974087447111,0.014));
#11959=CARTESIAN_POINT('',(0.00158183904230033,-0.00500602489449008,0.014));
#11960=CARTESIAN_POINT('',(0.00150166251348845,-0.00512194252515636,0.014));
#11961=CARTESIAN_POINT('',(0.00150166251348845,-0.00512194252515636,0.007));
#11962=CARTESIAN_POINT('',(0.00151932301865899,-0.00544558757745424,0.014));
#11963=CARTESIAN_POINT('',(0.00151932301865899,-0.00544558757745424,0.007));
#11964=CARTESIAN_POINT('',(0.00140247600821494,-0.0059829121562271,0.014));
#11965=CARTESIAN_POINT('',(0.00140247600821494,-0.0059829121562271,0.007));
#11966=CARTESIAN_POINT('',(0.00112047877926533,-0.00650419305565387,0.014));
#11967=CARTESIAN_POINT('',(0.00112047877926533,-0.00650419305565387,0.007));
#11968=CARTESIAN_POINT('',(0.001501662513486,-0.00512194252511136,0.014));
#11969=CARTESIAN_POINT('',(0.0016164876259334,-0.00511567680444279,0.0105));
#11970=CARTESIAN_POINT('',(0.00169915342056922,-0.00508881705956086,0.0105));
#11971=CARTESIAN_POINT('',(0.000154601365755693,-0.00533529605112293,0.014));
#11972=CARTESIAN_POINT('',(0.000154601365755693,-0.00533529605112293,0.007));
#11973=CARTESIAN_POINT('',(0.000237817048537592,-0.00564855818330445,0.0140000000000001));
#11974=CARTESIAN_POINT('',(0.000237817048537592,-0.00564855818330445,0.0070000000000001));
#11975=CARTESIAN_POINT('',(0.000514987585565902,-0.00612347651334197,0.014));
#11976=CARTESIAN_POINT('',(0.000514987585565902,-0.00612347651334197,0.007));
#11977=CARTESIAN_POINT('',(0.00094426754450183,-0.00653210217345079,0.014));
#11978=CARTESIAN_POINT('',(0.00094426754450183,-0.00653210217345079,0.007));
#11979=CARTESIAN_POINT('',(0.000154601365744122,-0.00533529605107938,0.007));
#11980=CARTESIAN_POINT('',(1.84314369322546E-18,5.69422980989387E-16,0.014));
#11981=CARTESIAN_POINT('',(4.25284377516751E-5,-0.00524982774307714,0.014));
#11982=CARTESIAN_POINT('',(-4.25284377516775E-5,-0.00524982774307714,0.014));
#11983=CARTESIAN_POINT('',(-0.000154601365755694,-0.00533529605112293,0.014));
#11984=CARTESIAN_POINT('',(-0.000154601365755694,-0.00533529605112293,0.00699999999999999));
#11985=CARTESIAN_POINT('',(-0.000237817048537593,-0.00564855818330454,0.0140000000000001));
#11986=CARTESIAN_POINT('',(-0.000237817048537593,-0.00564855818330454,0.00700000000000008));
#11987=CARTESIAN_POINT('',(-0.000514987585566053,-0.00612347651334197,0.014));
#11988=CARTESIAN_POINT('',(-0.000514987585566053,-0.00612347651334197,0.00699999999999999));
#11989=CARTESIAN_POINT('',(-0.000944267544501831,-0.00653210217345079,0.014));
#11990=CARTESIAN_POINT('',(-0.000944267544501831,-0.00653210217345079,0.00699999999999999));
#11991=CARTESIAN_POINT('',(-0.000154601365744124,-0.00533529605107938,0.014));
#11992=CARTESIAN_POINT('',(-4.34599801481024E-5,-0.00536481990773552,0.0105));
#11993=CARTESIAN_POINT('',(4.34599801480999E-5,-0.00536481990773551,0.0105));
#11994=CARTESIAN_POINT('',(-0.00150166251348845,-0.00512194252515636,0.014));
#11995=CARTESIAN_POINT('',(-0.00150166251348845,-0.00512194252515636,0.00700000000000002));
#11996=CARTESIAN_POINT('',(-0.00151932301865903,-0.00544558757745419,0.0139999999999999));
#11997=CARTESIAN_POINT('',(-0.00151932301865903,-0.00544558757745419,0.00699999999999992));
#11998=CARTESIAN_POINT('',(-0.00140247600821499,-0.00598291215622708,0.014));
#11999=CARTESIAN_POINT('',(-0.00140247600821499,-0.00598291215622708,0.00700000000000002));
#12000=CARTESIAN_POINT('',(-0.00112047877926533,-0.00650419305565387,0.014));
#12001=CARTESIAN_POINT('',(-0.00112047877926533,-0.00650419305565387,0.00700000000000002));
#12002=CARTESIAN_POINT('',(-0.001501662513486,-0.00512194252511135,0.007));
#12003=CARTESIAN_POINT('',(1.77714311933273E-16,5.40983873873886E-16,0.014));
#12004=CARTESIAN_POINT('',(-0.00158183904230033,-0.00500602489449008,0.014));
#12005=CARTESIAN_POINT('',(-0.0016627329380035,-0.00497974087447111,0.014));
#12006=CARTESIAN_POINT('',(-0.00179573178614862,-0.00502639362641218,0.014));
#12007=CARTESIAN_POINT('',(-0.00179573178614862,-0.00502639362641218,0.00700000000000002));
#12008=CARTESIAN_POINT('',(-0.00197167792605454,-0.00529860855835387,0.014));
#12009=CARTESIAN_POINT('',(-0.00197167792605454,-0.00529860855835387,0.00700000000000002));
#12010=CARTESIAN_POINT('',(-0.00238204060634213,-0.00566463232456207,0.014));
#12011=CARTESIAN_POINT('',(-0.00238204060634213,-0.00566463232456207,0.00700000000000002));
#12012=CARTESIAN_POINT('',(-0.00291658238191431,-0.00592060361867834,0.014));
#12013=CARTESIAN_POINT('',(-0.00291658238191431,-0.00592060361867834,0.00700000000000002));
#12014=CARTESIAN_POINT('',(-0.00179573178612415,-0.00502639362637433,0.014));
#12015=CARTESIAN_POINT('',(-0.00169915342056922,-0.00508881705956087,0.0105));
#12016=CARTESIAN_POINT('',(-0.0016164876259334,-0.00511567680444278,0.0105));
#12017=CARTESIAN_POINT('',(-0.0030109332032144,-0.00440721757815548,0.014));
#12018=CARTESIAN_POINT('',(-0.0030109332032144,-0.00440721757815548,0.00699999999999998));
#12019=CARTESIAN_POINT('',(-0.00312774116304338,-0.00470956491788314,0.014));
#12020=CARTESIAN_POINT('',(-0.00312774116304338,-0.00470956491788314,0.00699999999999998));
#12021=CARTESIAN_POINT('',(-0.00318265547868671,-0.00525669867185934,0.014));
#12022=CARTESIAN_POINT('',(-0.00318265547868671,-0.00525669867185934,0.00699999999999998));
#12023=CARTESIAN_POINT('',(-0.0030755448332833,-0.00583960820419182,0.014));
#12024=CARTESIAN_POINT('',(-0.0030755448332833,-0.00583960820419182,0.00699999999999998));
#12025=CARTESIAN_POINT('',(-0.00301093320319815,-0.00440721757811344,0.007));
#12026=CARTESIAN_POINT('',(3.36189565112874E-16,4.59589495927323E-16,0.014));
#12027=CARTESIAN_POINT('',(-0.0030513650955713,-0.00427219745020395,0.014));
#12028=CARTESIAN_POINT('',(-0.00312017755334195,-0.004222202273177,0.014));
#12029=CARTESIAN_POINT('',(-0.00326108346771427,-0.00422547277260453,0.014));
#12030=CARTESIAN_POINT('',(-0.00326108346771427,-0.00422547277260453,0.007));
#12031=CARTESIAN_POINT('',(-0.00351253723068136,-0.00442999421013492,0.0139999999999999));
#12032=CARTESIAN_POINT('',(-0.00351253723068136,-0.00442999421013492,0.00699999999999991));
#12033=CARTESIAN_POINT('',(-0.00401592289591587,-0.00465129445604062,0.014));
#12034=CARTESIAN_POINT('',(-0.00401592289591587,-0.00465129445604062,0.007));
#12035=CARTESIAN_POINT('',(-0.00460340181476067,-0.00472955513043861,0.014));
#12036=CARTESIAN_POINT('',(-0.00460340181476067,-0.00472955513043861,0.007));
#12037=CARTESIAN_POINT('',(-0.0032610834676793,-0.00422547277257609,0.014));
#12038=CARTESIAN_POINT('',(-0.00318852188548702,-0.00431468534172309,0.0105));
#12039=CARTESIAN_POINT('',(-0.00311820216045699,-0.00436577561251504,0.0105));
#12040=CARTESIAN_POINT('',(-0.00422547277260453,-0.00326108346771426,0.014));
#12041=CARTESIAN_POINT('',(-0.00422547277260453,-0.00326108346771426,0.007));
#12042=CARTESIAN_POINT('',(-0.00442999421013493,-0.00351253723068132,0.014));
#12043=CARTESIAN_POINT('',(-0.00442999421013493,-0.00351253723068132,0.007));
#12044=CARTESIAN_POINT('',(-0.00465129445604062,-0.0040159228959173,0.014));
#12045=CARTESIAN_POINT('',(-0.00465129445604062,-0.0040159228959173,0.007));
#12046=CARTESIAN_POINT('',(-0.00472955513043861,-0.00460340181476066,0.014));
#12047=CARTESIAN_POINT('',(-0.00472955513043861,-0.00460340181476066,0.007));
#12048=CARTESIAN_POINT('',(-0.00422547277257609,-0.0032610834676793,0.007));
#12049=CARTESIAN_POINT('',(4.61756241288791E-16,3.33207295971085E-16,0.014));
#12050=CARTESIAN_POINT('',(-0.00422220227317701,-0.00312017755334195,0.014));
#12051=CARTESIAN_POINT('',(-0.00427219745020395,-0.0030513650955713,0.014));
#12052=CARTESIAN_POINT('',(-0.00440721757815547,-0.0030109332032144,0.014));
#12053=CARTESIAN_POINT('',(-0.00440721757815547,-0.0030109332032144,0.00700000000000002));
#12054=CARTESIAN_POINT('',(-0.00470956491788312,-0.00312774116304334,0.0139999999999999));
#12055=CARTESIAN_POINT('',(-0.00470956491788312,-0.00312774116304334,0.00699999999999992));
#12056=CARTESIAN_POINT('',(-0.00525669867185935,-0.00318265547868671,0.014));
#12057=CARTESIAN_POINT('',(-0.00525669867185935,-0.00318265547868671,0.00700000000000002));
#12058=CARTESIAN_POINT('',(-0.00583960820419182,-0.0030755448332833,0.014));
#12059=CARTESIAN_POINT('',(-0.00583960820419182,-0.0030755448332833,0.00700000000000002));
#12060=CARTESIAN_POINT('',(-0.00440721757811344,-0.00301093320319815,0.014));
#12061=CARTESIAN_POINT('',(-0.00436577561251505,-0.00311820216045699,0.0105));
#12062=CARTESIAN_POINT('',(-0.00431468534172309,-0.00318852188548701,0.0105));
#12063=CARTESIAN_POINT('',(-0.00502639362641218,-0.00179573178614862,0.014));
#12064=CARTESIAN_POINT('',(-0.00502639362641218,-0.00179573178614862,0.00700000000000001));
#12065=CARTESIAN_POINT('',(-0.00529860855835387,-0.00197167792605451,0.014));
#12066=CARTESIAN_POINT('',(-0.00529860855835387,-0.00197167792605451,0.00700000000000001));
#12067=CARTESIAN_POINT('',(-0.00566463232456207,-0.00238204060634212,0.014));
#12068=CARTESIAN_POINT('',(-0.00566463232456207,-0.00238204060634212,0.00700000000000001));
#12069=CARTESIAN_POINT('',(-0.00592060361867834,-0.00291658238191431,0.014));
#12070=CARTESIAN_POINT('',(-0.00592060361867834,-0.00291658238191431,0.00700000000000001));
#12071=CARTESIAN_POINT('',(-0.00502639362637433,-0.00179573178612415,0.007));
#12072=CARTESIAN_POINT('',(5.4212299932245E-16,1.74208444293453E-16,0.014));
#12073=CARTESIAN_POINT('',(-0.00497974087447111,-0.0016627329380035,0.014));
#12074=CARTESIAN_POINT('',(-0.00500602489449008,-0.00158183904230033,0.014));
#12075=CARTESIAN_POINT('',(-0.00512194252515636,-0.00150166251348845,0.014));
#12076=CARTESIAN_POINT('',(-0.00512194252515636,-0.00150166251348845,0.007));
#12077=CARTESIAN_POINT('',(-0.00544558757745424,-0.00151932301865898,0.014));
#12078=CARTESIAN_POINT('',(-0.00544558757745424,-0.00151932301865898,0.007));
#12079=CARTESIAN_POINT('',(-0.0059829121562271,-0.00140247600821494,0.014));
#12080=CARTESIAN_POINT('',(-0.0059829121562271,-0.00140247600821494,0.007));
#12081=CARTESIAN_POINT('',(-0.00650419305565387,-0.00112047877926533,0.014));
#12082=CARTESIAN_POINT('',(-0.00650419305565387,-0.00112047877926533,0.007));
#12083=CARTESIAN_POINT('',(-0.00512194252511136,-0.001501662513486,0.014));
#12084=CARTESIAN_POINT('',(-0.00511567680444279,-0.0016164876259334,0.0105));
#12085=CARTESIAN_POINT('',(-0.00508881705956086,-0.00169915342056922,0.0105));
#12086=CARTESIAN_POINT('',(-0.00533529605112293,-0.000154601365755693,0.014));
#12087=CARTESIAN_POINT('',(-0.00533529605112293,-0.000154601365755693,0.00700000000000001));
#12088=CARTESIAN_POINT('',(-0.00564855818330445,-0.00023781704853759,0.0140000000000001));
#12089=CARTESIAN_POINT('',(-0.00564855818330445,-0.00023781704853759,0.0070000000000001));
#12090=CARTESIAN_POINT('',(-0.00612347651334197,-0.000514987585566037,0.014));
#12091=CARTESIAN_POINT('',(-0.00612347651334197,-0.000514987585566037,0.00700000000000001));
#12092=CARTESIAN_POINT('',(-0.00653210217345079,-0.00094426754450183,0.014));
#12093=CARTESIAN_POINT('',(-0.00653210217345079,-0.00094426754450183,0.00700000000000001));
#12094=CARTESIAN_POINT('',(-0.00533529605107938,-0.000154601365744123,0.007));
#12095=CARTESIAN_POINT('',(5.69422980989387E-16,-1.84314369322542E-18,0.014));
#12096=CARTESIAN_POINT('',(-0.00524982774307714,-4.25284377516754E-5,0.014));
#12097=CARTESIAN_POINT('',(-0.00524982774307714,4.25284377516772E-5,0.014));
#12098=CARTESIAN_POINT('',(-0.00533529605112293,0.000154601365755694,0.014));
#12099=CARTESIAN_POINT('',(-0.00533529605112293,0.000154601365755694,0.00699999999999999));
#12100=CARTESIAN_POINT('',(-0.00564855818330445,0.000237817048537591,0.0139999999999999));
#12101=CARTESIAN_POINT('',(-0.00564855818330445,0.000237817048537591,0.0069999999999999));
#12102=CARTESIAN_POINT('',(-0.00612347651334197,0.000514987585566053,0.014));
#12103=CARTESIAN_POINT('',(-0.00612347651334197,0.000514987585566053,0.00699999999999999));
#12104=CARTESIAN_POINT('',(-0.00653210217345079,0.000944267544501831,0.014));
#12105=CARTESIAN_POINT('',(-0.00653210217345079,0.000944267544501831,0.00699999999999999));
#12106=CARTESIAN_POINT('',(-0.00533529605107938,0.000154601365744124,0.014));
#12107=CARTESIAN_POINT('',(-0.00536481990773552,4.34599801481021E-5,0.0105));
#12108=CARTESIAN_POINT('',(-0.00536481990773551,-4.34599801481002E-5,0.0105));
#12109=CARTESIAN_POINT('',(-0.00512194252515636,0.00150166251348845,0.014));
#12110=CARTESIAN_POINT('',(-0.00512194252515636,0.00150166251348845,0.00700000000000002));
#12111=CARTESIAN_POINT('',(-0.00544558757745424,0.00151932301865903,0.0140000000000002));
#12112=CARTESIAN_POINT('',(-0.00544558757745424,0.00151932301865903,0.00700000000000021));
#12113=CARTESIAN_POINT('',(-0.00598291215622709,0.00140247600821525,0.014));
#12114=CARTESIAN_POINT('',(-0.00598291215622709,0.00140247600821525,0.00700000000000002));
#12115=CARTESIAN_POINT('',(-0.00650419305565387,0.00112047877926533,0.014));
#12116=CARTESIAN_POINT('',(-0.00650419305565387,0.00112047877926533,0.00700000000000002));
#12117=CARTESIAN_POINT('',(-0.00512194252511135,0.001501662513486,0.007));
#12118=CARTESIAN_POINT('',(5.40983873873886E-16,-1.77714311933273E-16,0.014));
#12119=CARTESIAN_POINT('',(-0.00500602489449008,0.00158183904230033,0.014));
#12120=CARTESIAN_POINT('',(-0.00497974087447111,0.0016627329380035,0.014));
#12121=CARTESIAN_POINT('',(-0.00502639362641218,0.00179573178614862,0.014));
#12122=CARTESIAN_POINT('',(-0.00502639362641218,0.00179573178614862,0.00700000000000002));
#12123=CARTESIAN_POINT('',(-0.00529860855835387,0.00197167792605454,0.014));
#12124=CARTESIAN_POINT('',(-0.00529860855835387,0.00197167792605454,0.00700000000000002));
#12125=CARTESIAN_POINT('',(-0.00566463232456207,0.00238204060634213,0.014));
#12126=CARTESIAN_POINT('',(-0.00566463232456207,0.00238204060634213,0.00700000000000002));
#12127=CARTESIAN_POINT('',(-0.00592060361867834,0.00291658238191431,0.014));
#12128=CARTESIAN_POINT('',(-0.00592060361867834,0.00291658238191431,0.00700000000000002));
#12129=CARTESIAN_POINT('',(-0.00502639362637433,0.00179573178612415,0.014));
#12130=CARTESIAN_POINT('',(-0.00508881705956087,0.00169915342056922,0.0105));
#12131=CARTESIAN_POINT('',(-0.00511567680444278,0.0016164876259334,0.0105));
#12132=CARTESIAN_POINT('',(0.,4.89858719658941E-19,0.015));
#12133=CARTESIAN_POINT('',(-0.119781632137299,0.0541919590356062,0.280758556613299));
#12134=CARTESIAN_POINT('',(8.67361737988404E-19,-0.015,-0.00675));
#12135=CARTESIAN_POINT('',(-0.00675,-0.015,-0.00675));
#12136=CARTESIAN_POINT('',(-0.00675,-0.015,-0.00675));
#12137=CARTESIAN_POINT('',(-0.00675,0.,-0.00675));
#12138=CARTESIAN_POINT('',(-0.0129371843353823,0.00618718433538229,-0.00675));
#12139=CARTESIAN_POINT('',(-0.0191243686707646,0.0123743686707646,-0.00675));
#12140=CARTESIAN_POINT('',(-0.0133886043072541,0.0205658891136545,-0.00675));
#12141=CARTESIAN_POINT('',(-0.00765283994374366,0.0287574095565445,-0.00675));
#12142=CARTESIAN_POINT('',(-0.00642411187731017,0.0278970449020179,-0.00675));
#12143=CARTESIAN_POINT('',(-0.00519538381087668,0.0270366802474913,-0.00675));
#12144=CARTESIAN_POINT('',(-0.0102092165100959,0.0198761850719629,-0.00675));
#12145=CARTESIAN_POINT('',(-0.0152230492093152,0.0127156898964345,-0.00675));
#12146=CARTESIAN_POINT('',(-0.00992586443287777,0.00741850511999705,-0.00675));
#12147=CARTESIAN_POINT('',(-0.00462867965644035,0.00212132034355964,-0.00675));
#12148=CARTESIAN_POINT('',(1.7347234759768E-18,0.00212132034355964,-0.00675));
#12149=CARTESIAN_POINT('',(0.00462867965644036,0.00212132034355964,-0.00675));
#12150=CARTESIAN_POINT('',(0.00992586443287777,0.00741850511999705,-0.00675));
#12151=CARTESIAN_POINT('',(0.0152230492093152,0.0127156898964345,-0.00675));
#12152=CARTESIAN_POINT('',(0.0102092165100959,0.0198761850719629,-0.00675));
#12153=CARTESIAN_POINT('',(0.00519538381087668,0.0270366802474913,-0.00675));
#12154=CARTESIAN_POINT('',(0.00642411187731017,0.0278970449020179,-0.00675));
#12155=CARTESIAN_POINT('',(0.00765283994374366,0.0287574095565445,-0.00675));
#12156=CARTESIAN_POINT('',(0.0133886043072541,0.0205658891136545,-0.00675));
#12157=CARTESIAN_POINT('',(0.0191243686707646,0.0123743686707646,-0.00675));
#12158=CARTESIAN_POINT('',(0.0129371843353823,0.00618718433538229,-0.00675));
#12159=CARTESIAN_POINT('',(0.00675,0.,-0.00675));
#12160=CARTESIAN_POINT('',(0.00675,-0.015,-0.00675));
#12161=CARTESIAN_POINT('',(0.00675,-0.015,-0.00675));
#12162=CARTESIAN_POINT('',(8.67361737988404E-19,-0.015,-0.00675));
#12163=CARTESIAN_POINT('',(0.00675,-0.015,0.));
#12164=CARTESIAN_POINT('',(0.00675,0.,0.));
#12165=CARTESIAN_POINT('',(0.00675,0.,0.00675));
#12166=CARTESIAN_POINT('',(0.00675,-0.015,0.00675));
#12167=CARTESIAN_POINT('',(0.00675,-0.015,0.00675));
#12168=CARTESIAN_POINT('',(0.00675,-0.015,0.));
#12169=CARTESIAN_POINT('',(0.,-0.015,0.00675));
#12170=CARTESIAN_POINT('',(0.0129371843353823,0.00618718433538229,0.00675));
#12171=CARTESIAN_POINT('',(0.0191243686707646,0.0123743686707646,0.00675));
#12172=CARTESIAN_POINT('',(0.0133886043072541,0.0205658891136545,0.00675));
#12173=CARTESIAN_POINT('',(0.00765283994374366,0.0287574095565445,0.00675));
#12174=CARTESIAN_POINT('',(0.00642411187731017,0.0278970449020179,0.00675));
#12175=CARTESIAN_POINT('',(0.00519538381087668,0.0270366802474913,0.00675));
#12176=CARTESIAN_POINT('',(0.0102092165100959,0.0198761850719629,0.00675));
#12177=CARTESIAN_POINT('',(0.0152230492093152,0.0127156898964345,0.00675));
#12178=CARTESIAN_POINT('',(0.00992586443287777,0.00741850511999705,0.00675));
#12179=CARTESIAN_POINT('',(0.00462867965644036,0.00212132034355964,0.00675));
#12180=CARTESIAN_POINT('',(4.29649676905253E-50,0.00212132034355964,0.00675));
#12181=CARTESIAN_POINT('',(-0.00462867965644036,0.00212132034355964,0.00675));
#12182=CARTESIAN_POINT('',(-0.00992586443287777,0.00741850511999705,0.00675));
#12183=CARTESIAN_POINT('',(-0.0152230492093152,0.0127156898964345,0.00675));
#12184=CARTESIAN_POINT('',(-0.0102092165100959,0.0198761850719629,0.00675));
#12185=CARTESIAN_POINT('',(-0.00519538381087668,0.0270366802474913,0.00675));
#12186=CARTESIAN_POINT('',(-0.00642411187731017,0.0278970449020179,0.00675));
#12187=CARTESIAN_POINT('',(-0.00765283994374366,0.0287574095565445,0.00675));
#12188=CARTESIAN_POINT('',(-0.0133886043072541,0.0205658891136545,0.00675));
#12189=CARTESIAN_POINT('',(-0.0191243686707646,0.0123743686707646,0.00675));
#12190=CARTESIAN_POINT('',(-0.0129371843353823,0.00618718433538229,0.00675));
#12191=CARTESIAN_POINT('',(-0.00675,0.,0.00675));
#12192=CARTESIAN_POINT('',(-0.00675,-0.015,0.00675));
#12193=CARTESIAN_POINT('',(-0.00675,-0.015,0.00675));
#12194=CARTESIAN_POINT('',(0.,-0.015,0.00675));
#12195=CARTESIAN_POINT('',(0.00525,-0.015,8.67361737988404E-19));
#12196=CARTESIAN_POINT('',(0.00525,0.,8.67361737988404E-19));
#12197=CARTESIAN_POINT('',(0.00525,0.,-0.00525));
#12198=CARTESIAN_POINT('',(0.00525,0.,0.00525));
#12199=CARTESIAN_POINT('',(0.00525,-0.015,-0.00525));
#12200=CARTESIAN_POINT('',(0.00525,-0.015,-0.00525));
#12201=CARTESIAN_POINT('',(0.00525,-0.015,8.67361737988404E-19));
#12202=CARTESIAN_POINT('',(0.00525,-0.015,0.00525));
#12203=CARTESIAN_POINT('',(0.00525,-0.015,0.00525));
#12204=CARTESIAN_POINT('',(0.,-0.015,-0.00525));
#12205=CARTESIAN_POINT('',(0.,0.,-0.00525));
#12206=CARTESIAN_POINT('',(-0.00525,0.,-0.00525));
#12207=CARTESIAN_POINT('',(-0.00525,-0.015,-0.00525));
#12208=CARTESIAN_POINT('',(-0.00525,-0.015,-0.00525));
#12209=CARTESIAN_POINT('',(0.,-0.015,-0.00525));
#12210=CARTESIAN_POINT('',(-0.00525,-0.015,-8.67361737988404E-19));
#12211=CARTESIAN_POINT('',(-0.00525,0.,-8.67361737988404E-19));
#12212=CARTESIAN_POINT('',(-0.00525,0.,0.00525));
#12213=CARTESIAN_POINT('',(-0.00525,-0.015,0.00525));
#12214=CARTESIAN_POINT('',(-0.00525,-0.015,0.00525));
#12215=CARTESIAN_POINT('',(-0.00525,-0.015,-8.67361737988404E-19));
#12216=CARTESIAN_POINT('',(0.,-0.015,0.00525));
#12217=CARTESIAN_POINT('',(0.,0.,0.00525));
#12218=CARTESIAN_POINT('',(0.,-0.015,0.00525));
#12219=CARTESIAN_POINT('',(-0.00675,-0.015,-8.67361737988404E-19));
#12220=CARTESIAN_POINT('',(-0.00675,0.,-8.67361737988404E-19));
#12221=CARTESIAN_POINT('',(-0.00675,-0.015,-8.67361737988404E-19));
#12222=CARTESIAN_POINT('',(-1.7347234759768E-18,-0.015,-1.7347234759768E-18));
#12223=CARTESIAN_POINT('',(1.7347234759768E-18,0.,-0.00675));
#12224=CARTESIAN_POINT('',(-0.0129371843353823,0.00618718433538229,-0.00675));
#12225=CARTESIAN_POINT('',(-0.0191243686707646,0.0123743686707646,-0.00675));
#12226=CARTESIAN_POINT('',(0.0129371843353823,0.00618718433538229,-0.00675));
#12227=CARTESIAN_POINT('',(0.0191243686707646,0.0123743686707646,-0.00675));
#12228=CARTESIAN_POINT('',(0.0133886043072541,0.0205658891136545,-0.00675));
#12229=CARTESIAN_POINT('',(0.00765283994374366,0.0287574095565445,-0.00675));
#12230=CARTESIAN_POINT('',(0.00642411187731017,0.0278970449020179,-0.00675));
#12231=CARTESIAN_POINT('',(0.00519538381087668,0.0270366802474913,-0.00675));
#12232=CARTESIAN_POINT('',(0.0102092165100959,0.0198761850719629,-0.00675));
#12233=CARTESIAN_POINT('',(0.0152230492093152,0.0127156898964345,-0.00675));
#12234=CARTESIAN_POINT('',(0.00992586443287777,0.00741850511999705,-0.00675));
#12235=CARTESIAN_POINT('',(0.00462867965644036,0.00212132034355964,-0.00675));
#12236=CARTESIAN_POINT('',(1.7347234759768E-18,0.00212132034355964,-0.00675));
#12237=CARTESIAN_POINT('',(-0.00462867965644035,0.00212132034355964,-0.00675));
#12238=CARTESIAN_POINT('',(-0.00992586443287777,0.00741850511999705,-0.00675));
#12239=CARTESIAN_POINT('',(-0.0152230492093152,0.0127156898964345,-0.00675));
#12240=CARTESIAN_POINT('',(-0.0102092165100959,0.0198761850719629,-0.00675));
#12241=CARTESIAN_POINT('',(-0.00519538381087668,0.0270366802474913,-0.00675));
#12242=CARTESIAN_POINT('',(-0.00642411187731017,0.0278970449020179,-0.00675));
#12243=CARTESIAN_POINT('',(-0.00765283994374366,0.0287574095565445,-0.00675));
#12244=CARTESIAN_POINT('',(-0.0133886043072541,0.0205658891136545,-0.00675));
#12245=CARTESIAN_POINT('',(-0.0977316321372992,-0.06724811985213,0.390232559188071));
#12246=CARTESIAN_POINT('',(0.,0.,0.0135));
#12247=CARTESIAN_POINT('',(0.,0.00635,0.0135));
#12248=CARTESIAN_POINT('',(0.002,0.00635,0.0135));
#12249=CARTESIAN_POINT('',(0.,-0.00635,0.0135));
#12250=CARTESIAN_POINT('',(0.002,-0.00635,0.0135));
#12251=CARTESIAN_POINT('',(7.80712334456438E-20,8.67361737988404E-19,0.0135));
#12252=CARTESIAN_POINT('',(0.00202484567313166,-0.00155,0.0135));
#12253=CARTESIAN_POINT('',(-0.00202484567313166,-0.00155,0.0135));
#12254=CARTESIAN_POINT('',(0.00101242283656583,-0.00155,0.0135));
#12255=CARTESIAN_POINT('',(0.00635,9.49101269339199E-19,0.0135));
#12256=CARTESIAN_POINT('',(0.00835,9.49101269339199E-19,0.0135));
#12257=CARTESIAN_POINT('',(0.,8.26636589424464E-19,0.0135));
#12258=CARTESIAN_POINT('',(-0.00675,0.0116913429510899,0.0135));
#12259=CARTESIAN_POINT('',(0.00675,0.0116913429510899,0.0135));
#12260=CARTESIAN_POINT('',(0.00675,0.0105,0.0135));
#12261=CARTESIAN_POINT('',(0.00675,0.0265,0.0135));
#12262=CARTESIAN_POINT('',(0.,0.0265,0.0135));
#12263=CARTESIAN_POINT('',(-0.00675,0.0265,0.0135));
#12264=CARTESIAN_POINT('',(-0.00675,0.0105,0.0135));
#12265=CARTESIAN_POINT('',(-0.00635,9.49101269339199E-19,0.0135));
#12266=CARTESIAN_POINT('',(-0.00435,9.49101269339199E-19,0.0135));
#12267=CARTESIAN_POINT('',(0.,0.,0.));
#12268=CARTESIAN_POINT('',(0.,0.00635,0.));
#12269=CARTESIAN_POINT('',(0.002,0.00635,0.));
#12270=CARTESIAN_POINT('',(0.,-0.00155,0.));
#12271=CARTESIAN_POINT('',(-0.00202484567313166,-0.00155,0.));
#12272=CARTESIAN_POINT('',(0.00202484567313166,-0.00155,0.));
#12273=CARTESIAN_POINT('',(7.80712334456438E-20,8.67361737988404E-19,0.));
#12274=CARTESIAN_POINT('',(0.00635,9.49101269339199E-19,0.));
#12275=CARTESIAN_POINT('',(0.00835,9.49101269339199E-19,0.));
#12276=CARTESIAN_POINT('',(-0.00675,0.0105,0.));
#12277=CARTESIAN_POINT('',(-0.00675,0.0116913429510899,0.));
#12278=CARTESIAN_POINT('',(-0.00675,0.0265,0.));
#12279=CARTESIAN_POINT('',(0.,0.0265,0.));
#12280=CARTESIAN_POINT('',(0.00675,0.0265,0.));
#12281=CARTESIAN_POINT('',(0.00675,0.0105,0.));
#12282=CARTESIAN_POINT('',(0.00675,0.0116913429510899,0.));
#12283=CARTESIAN_POINT('',(0.,8.26636589424464E-19,0.));
#12284=CARTESIAN_POINT('',(0.,-0.00635,0.));
#12285=CARTESIAN_POINT('',(0.002,-0.00635,0.));
#12286=CARTESIAN_POINT('',(-0.00635,9.49101269339199E-19,0.));
#12287=CARTESIAN_POINT('',(-0.00435,9.49101269339199E-19,0.));
#12288=CARTESIAN_POINT('',(0.,8.26636589424464E-19,0.0135));
#12289=CARTESIAN_POINT('',(-0.00675,0.0116913429510899,0.0135));
#12290=CARTESIAN_POINT('',(0.00675,0.0116913429510899,0.0135));
#12291=CARTESIAN_POINT('',(-0.00675,0.0105,0.00675));
#12292=CARTESIAN_POINT('',(-0.00675,0.0265,0.00675));
#12293=CARTESIAN_POINT('',(0.00675,0.0105,0.00675));
#12294=CARTESIAN_POINT('',(0.00675,0.0265,0.00675));
#12295=CARTESIAN_POINT('',(-0.00525,0.0265,0.00675));
#12296=CARTESIAN_POINT('',(-0.00525,0.0135,0.00675));
#12297=CARTESIAN_POINT('',(-0.00525,0.0135,0.0015));
#12298=CARTESIAN_POINT('',(-0.00525,0.0135,0.012));
#12299=CARTESIAN_POINT('',(-0.00525,0.0265,0.0015));
#12300=CARTESIAN_POINT('',(-0.00525,0.0265,0.0015));
#12301=CARTESIAN_POINT('',(-0.00525,0.0265,0.00675));
#12302=CARTESIAN_POINT('',(-0.00525,0.0265,0.012));
#12303=CARTESIAN_POINT('',(-0.00525,0.0265,0.012));
#12304=CARTESIAN_POINT('',(-1.7347234759768E-18,0.0265,0.0015));
#12305=CARTESIAN_POINT('',(-1.7347234759768E-18,0.0135,0.0015));
#12306=CARTESIAN_POINT('',(0.00525,0.0135,0.0015));
#12307=CARTESIAN_POINT('',(0.00525,0.0265,0.0015));
#12308=CARTESIAN_POINT('',(0.00525,0.0265,0.0015));
#12309=CARTESIAN_POINT('',(-1.7347234759768E-18,0.0265,0.0015));
#12310=CARTESIAN_POINT('',(0.00525,0.0265,0.00675));
#12311=CARTESIAN_POINT('',(0.00525,0.0135,0.00675));
#12312=CARTESIAN_POINT('',(0.00525,0.0135,0.012));
#12313=CARTESIAN_POINT('',(0.00525,0.0265,0.012));
#12314=CARTESIAN_POINT('',(0.00525,0.0265,0.012));
#12315=CARTESIAN_POINT('',(0.00525,0.0265,0.00675));
#12316=CARTESIAN_POINT('',(0.,0.0265,0.012));
#12317=CARTESIAN_POINT('',(0.,0.0135,0.012));
#12318=CARTESIAN_POINT('',(0.,0.0265,0.012));
#12319=CARTESIAN_POINT('',(0.,0.0265,0.00675));
#12320=CARTESIAN_POINT('',(0.,0.0135,0.00675));
#12321=CARTESIAN_POINT('',(0.00635,9.49101269339199E-19,-0.0065));
#12322=CARTESIAN_POINT('',(7.80712334456438E-20,8.67361737988404E-19,-0.0065));
#12323=CARTESIAN_POINT('',(0.00202484567313166,-0.00155,-0.0065));
#12324=CARTESIAN_POINT('',(-0.00202484567313166,-0.00155,-0.0065));
#12325=CARTESIAN_POINT('',(0.00101242283656583,-0.00155,-0.0065));
#12326=CARTESIAN_POINT('',(0.,-0.00635,-0.0065));
#12327=CARTESIAN_POINT('',(-0.00635,9.49101269339199E-19,-0.0065));
#12328=CARTESIAN_POINT('',(0.,0.00635,-0.0065));
#12329=CARTESIAN_POINT('',(-0.119581632137299,-0.0207338920072048,0.0664804269651517));
#12330=CARTESIAN_POINT('',(-0.127081632137299,-0.0203275216302322,0.0664804269651517));
#12331=CARTESIAN_POINT('',(-0.136581632137299,-0.0189185079511014,0.0716721878156575));
#12332=CARTESIAN_POINT('',(-0.0990816321372987,-0.0203275216302322,0.0664804269651518));
#12333=CARTESIAN_POINT('',(0.,8.32667268468867E-17,0.004));
#12334=CARTESIAN_POINT('',(0.0365,-0.02,0.004));
#12335=CARTESIAN_POINT('',(0.03795,-0.02,0.004));
#12336=CARTESIAN_POINT('',(0.0365,-0.08,0.004));
#12337=CARTESIAN_POINT('',(0.03795,-0.08,0.004));
#12338=CARTESIAN_POINT('',(-0.0365,-0.02,0.004));
#12339=CARTESIAN_POINT('',(-0.03505,-0.02,0.004));
#12340=CARTESIAN_POINT('',(1.38777878078145E-17,-0.1,0.004));
#12341=CARTESIAN_POINT('',(0.15,-0.1,0.004));
#12342=CARTESIAN_POINT('',(-0.15,-0.1,0.004));
#12343=CARTESIAN_POINT('',(0.15,9.71445146547012E-17,0.004));
#12344=CARTESIAN_POINT('',(0.15,0.1,0.004));
#12345=CARTESIAN_POINT('',(-2.77555756156289E-17,0.1,0.004));
#12346=CARTESIAN_POINT('',(-0.15,0.1,0.004));
#12347=CARTESIAN_POINT('',(-0.15,8.32667268468867E-17,0.004));
#12348=CARTESIAN_POINT('',(0.0275,-0.02,0.004));
#12349=CARTESIAN_POINT('',(0.02895,-0.02,0.004));
#12350=CARTESIAN_POINT('',(-0.0275,-0.02,0.004));
#12351=CARTESIAN_POINT('',(-0.02605,-0.02,0.004));
#12352=CARTESIAN_POINT('',(-0.0365,-0.08,0.004));
#12353=CARTESIAN_POINT('',(-0.03505,-0.08,0.004));
#12354=CARTESIAN_POINT('',(-0.0275,-0.08,0.004));
#12355=CARTESIAN_POINT('',(-0.0260502026472719,-0.08,0.004));
#12356=CARTESIAN_POINT('',(0.0275,-0.08,0.004));
#12357=CARTESIAN_POINT('',(0.0289497973527281,-0.08,0.004));
#12358=CARTESIAN_POINT('',(1.38777878078145E-17,-0.1,0.004));
#12359=CARTESIAN_POINT('',(1.38777878078145E-17,-0.1,0.));
#12360=CARTESIAN_POINT('',(0.15,-0.1,0.));
#12361=CARTESIAN_POINT('',(-0.15,-0.1,0.));
#12362=CARTESIAN_POINT('',(0.15,-0.1,0.004));
#12363=CARTESIAN_POINT('',(-0.15,-0.1,0.004));
#12364=CARTESIAN_POINT('',(0.15,9.71445146547012E-17,0.004));
#12365=CARTESIAN_POINT('',(0.15,9.71445146547012E-17,0.));
#12366=CARTESIAN_POINT('',(0.15,0.1,0.));
#12367=CARTESIAN_POINT('',(0.15,0.1,0.004));
#12368=CARTESIAN_POINT('',(-2.77555756156289E-17,0.1,0.004));
#12369=CARTESIAN_POINT('',(-2.77555756156289E-17,0.1,0.));
#12370=CARTESIAN_POINT('',(-0.15,0.1,0.));
#12371=CARTESIAN_POINT('',(-0.15,0.1,0.004));
#12372=CARTESIAN_POINT('',(-0.15,8.32667268468867E-17,0.004));
#12373=CARTESIAN_POINT('',(-0.15,8.32667268468867E-17,0.));
#12374=CARTESIAN_POINT('',(0.,8.32667268468867E-17,0.));
#12375=CARTESIAN_POINT('',(-0.0365,-0.02,0.007));
#12376=CARTESIAN_POINT('',(-0.0365,-0.02,0.007));
#12377=CARTESIAN_POINT('',(-0.03505,-0.02,0.007));
#12378=CARTESIAN_POINT('',(0.,8.32667268468867E-17,0.007));
#12379=CARTESIAN_POINT('',(0.0365,-0.08,0.007));
#12380=CARTESIAN_POINT('',(0.0365,-0.08,0.007));
#12381=CARTESIAN_POINT('',(0.03795,-0.08,0.007));
#12382=CARTESIAN_POINT('',(0.,8.32667268468867E-17,0.007));
#12383=CARTESIAN_POINT('',(0.0275,-0.02,0.007));
#12384=CARTESIAN_POINT('',(0.0275,-0.02,0.007));
#12385=CARTESIAN_POINT('',(0.02895,-0.02,0.007));
#12386=CARTESIAN_POINT('',(0.,8.32667268468867E-17,0.007));
#12387=CARTESIAN_POINT('',(0.0365,-0.02,0.007));
#12388=CARTESIAN_POINT('',(0.0365,-0.02,0.007));
#12389=CARTESIAN_POINT('',(0.03795,-0.02,0.007));
#12390=CARTESIAN_POINT('',(0.,8.32667268468867E-17,0.007));
#12391=CARTESIAN_POINT('',(-0.0275,-0.02,0.007));
#12392=CARTESIAN_POINT('',(-0.0275,-0.02,0.007));
#12393=CARTESIAN_POINT('',(-0.02605,-0.02,0.007));
#12394=CARTESIAN_POINT('',(0.,8.32667268468867E-17,0.007));
#12395=CARTESIAN_POINT('',(-0.0365,-0.08,0.007));
#12396=CARTESIAN_POINT('',(-0.0365,-0.08,0.007));
#12397=CARTESIAN_POINT('',(-0.03505,-0.08,0.007));
#12398=CARTESIAN_POINT('',(0.,8.32667268468867E-17,0.007));
#12399=CARTESIAN_POINT('',(-0.0275,-0.08,0.007));
#12400=CARTESIAN_POINT('',(-0.0275,-0.08,0.007));
#12401=CARTESIAN_POINT('',(-0.0260502026472719,-0.08,0.007));
#12402=CARTESIAN_POINT('',(0.,8.32667268468867E-17,0.007));
#12403=CARTESIAN_POINT('',(0.0275,-0.08,0.007));
#12404=CARTESIAN_POINT('',(0.0275,-0.08,0.007));
#12405=CARTESIAN_POINT('',(0.0289497973527281,-0.08,0.007));
#12406=CARTESIAN_POINT('',(0.,8.32667268468867E-17,0.007));
#12407=CARTESIAN_POINT('',(-0.116081632137299,0.0294692931812815,0.0317524972233744));
#12408=MECHANICAL_DESIGN_GEOMETRIC_PRESENTATION_REPRESENTATION('',(#5415,
#5416,#5417,#5418,#5419,#5420,#5421,#5422,#5423,#5424,#5425,#5426,#5427,
#5428,#5429,#5430,#5431),#12409);
#12409=(
GEOMETRIC_REPRESENTATION_CONTEXT(3)
GLOBAL_UNCERTAINTY_ASSIGNED_CONTEXT((#12427))
GLOBAL_UNIT_ASSIGNED_CONTEXT((#12447,#12446,#12445))
REPRESENTATION_CONTEXT('main','TOP_LEVEL_ASSEMBLY_PART')
);
#12410=(
GEOMETRIC_REPRESENTATION_CONTEXT(3)
GLOBAL_UNCERTAINTY_ASSIGNED_CONTEXT((#12428))
GLOBAL_UNIT_ASSIGNED_CONTEXT((#12447,#12446,#12445))
REPRESENTATION_CONTEXT('Part 1','COMPONENT_PART')
);
#12411=(
GEOMETRIC_REPRESENTATION_CONTEXT(3)
GLOBAL_UNCERTAINTY_ASSIGNED_CONTEXT((#12429))
GLOBAL_UNIT_ASSIGNED_CONTEXT((#12447,#12446,#12445))
REPRESENTATION_CONTEXT('Part 1','COMPONENT_PART')
);
#12412=(
GEOMETRIC_REPRESENTATION_CONTEXT(3)
GLOBAL_UNCERTAINTY_ASSIGNED_CONTEXT((#12430))
GLOBAL_UNIT_ASSIGNED_CONTEXT((#12447,#12446,#12445))
REPRESENTATION_CONTEXT('Part 1','COMPONENT_PART')
);
#12413=(
GEOMETRIC_REPRESENTATION_CONTEXT(3)
GLOBAL_UNCERTAINTY_ASSIGNED_CONTEXT((#12431))
GLOBAL_UNIT_ASSIGNED_CONTEXT((#12447,#12446,#12445))
REPRESENTATION_CONTEXT('Part 1','COMPONENT_PART')
);
#12414=(
GEOMETRIC_REPRESENTATION_CONTEXT(3)
GLOBAL_UNCERTAINTY_ASSIGNED_CONTEXT((#12432))
GLOBAL_UNIT_ASSIGNED_CONTEXT((#12447,#12446,#12445))
REPRESENTATION_CONTEXT('Part 1','COMPONENT_PART')
);
#12415=(
GEOMETRIC_REPRESENTATION_CONTEXT(3)
GLOBAL_UNCERTAINTY_ASSIGNED_CONTEXT((#12433))
GLOBAL_UNIT_ASSIGNED_CONTEXT((#12447,#12446,#12445))
REPRESENTATION_CONTEXT('Part 1','COMPONENT_PART')
);
#12416=(
GEOMETRIC_REPRESENTATION_CONTEXT(3)
GLOBAL_UNCERTAINTY_ASSIGNED_CONTEXT((#12434))
GLOBAL_UNIT_ASSIGNED_CONTEXT((#12447,#12446,#12445))
REPRESENTATION_CONTEXT('Part 2','COMPONENT_PART')
);
#12417=(
GEOMETRIC_REPRESENTATION_CONTEXT(3)
GLOBAL_UNCERTAINTY_ASSIGNED_CONTEXT((#12435))
GLOBAL_UNIT_ASSIGNED_CONTEXT((#12447,#12446,#12445))
REPRESENTATION_CONTEXT('Part 1','COMPONENT_PART')
);
#12418=(
GEOMETRIC_REPRESENTATION_CONTEXT(3)
GLOBAL_UNCERTAINTY_ASSIGNED_CONTEXT((#12436))
GLOBAL_UNIT_ASSIGNED_CONTEXT((#12447,#12446,#12445))
REPRESENTATION_CONTEXT('Part 3','COMPONENT_PART')
);
#12419=(
GEOMETRIC_REPRESENTATION_CONTEXT(3)
GLOBAL_UNCERTAINTY_ASSIGNED_CONTEXT((#12437))
GLOBAL_UNIT_ASSIGNED_CONTEXT((#12447,#12446,#12445))
REPRESENTATION_CONTEXT('Part 1','COMPONENT_PART')
);
#12420=(
GEOMETRIC_REPRESENTATION_CONTEXT(3)
GLOBAL_UNCERTAINTY_ASSIGNED_CONTEXT((#12438))
GLOBAL_UNIT_ASSIGNED_CONTEXT((#12447,#12446,#12445))
REPRESENTATION_CONTEXT('Part 1','COMPONENT_PART')
);
#12421=(
GEOMETRIC_REPRESENTATION_CONTEXT(3)
GLOBAL_UNCERTAINTY_ASSIGNED_CONTEXT((#12439))
GLOBAL_UNIT_ASSIGNED_CONTEXT((#12447,#12446,#12445))
REPRESENTATION_CONTEXT('Part 1','COMPONENT_PART')
);
#12422=(
GEOMETRIC_REPRESENTATION_CONTEXT(3)
GLOBAL_UNCERTAINTY_ASSIGNED_CONTEXT((#12440))
GLOBAL_UNIT_ASSIGNED_CONTEXT((#12447,#12446,#12445))
REPRESENTATION_CONTEXT('Part 1','COMPONENT_PART')
);
#12423=(
GEOMETRIC_REPRESENTATION_CONTEXT(3)
GLOBAL_UNCERTAINTY_ASSIGNED_CONTEXT((#12441))
GLOBAL_UNIT_ASSIGNED_CONTEXT((#12447,#12446,#12445))
REPRESENTATION_CONTEXT('Spur gear (20 teeth)','COMPONENT_PART')
);
#12424=(
GEOMETRIC_REPRESENTATION_CONTEXT(3)
GLOBAL_UNCERTAINTY_ASSIGNED_CONTEXT((#12442))
GLOBAL_UNIT_ASSIGNED_CONTEXT((#12447,#12446,#12445))
REPRESENTATION_CONTEXT('Part 1','COMPONENT_PART')
);
#12425=(
GEOMETRIC_REPRESENTATION_CONTEXT(3)
GLOBAL_UNCERTAINTY_ASSIGNED_CONTEXT((#12443))
GLOBAL_UNIT_ASSIGNED_CONTEXT((#12447,#12446,#12445))
REPRESENTATION_CONTEXT('Part 1','COMPONENT_PART')
);
#12426=(
GEOMETRIC_REPRESENTATION_CONTEXT(3)
GLOBAL_UNCERTAINTY_ASSIGNED_CONTEXT((#12444))
GLOBAL_UNIT_ASSIGNED_CONTEXT((#12447,#12446,#12445))
REPRESENTATION_CONTEXT('Part 1','COMPONENT_PART')
);
#12427=UNCERTAINTY_MEASURE_WITH_UNIT(LENGTH_MEASURE(1.E-8),#12447,
'DISTANCE_ACCURACY_VALUE','Maximum Tolerance applied to model');
#12428=UNCERTAINTY_MEASURE_WITH_UNIT(LENGTH_MEASURE(1.E-8),#12447,
'DISTANCE_ACCURACY_VALUE','Maximum Tolerance applied to model');
#12429=UNCERTAINTY_MEASURE_WITH_UNIT(LENGTH_MEASURE(1.E-8),#12447,
'DISTANCE_ACCURACY_VALUE','Maximum Tolerance applied to model');
#12430=UNCERTAINTY_MEASURE_WITH_UNIT(LENGTH_MEASURE(1.E-8),#12447,
'DISTANCE_ACCURACY_VALUE','Maximum Tolerance applied to model');
#12431=UNCERTAINTY_MEASURE_WITH_UNIT(LENGTH_MEASURE(1.E-8),#12447,
'DISTANCE_ACCURACY_VALUE','Maximum Tolerance applied to model');
#12432=UNCERTAINTY_MEASURE_WITH_UNIT(LENGTH_MEASURE(1.E-8),#12447,
'DISTANCE_ACCURACY_VALUE','Maximum Tolerance applied to model');
#12433=UNCERTAINTY_MEASURE_WITH_UNIT(LENGTH_MEASURE(1.E-8),#12447,
'DISTANCE_ACCURACY_VALUE','Maximum Tolerance applied to model');
#12434=UNCERTAINTY_MEASURE_WITH_UNIT(LENGTH_MEASURE(1.E-8),#12447,
'DISTANCE_ACCURACY_VALUE','Maximum Tolerance applied to model');
#12435=UNCERTAINTY_MEASURE_WITH_UNIT(LENGTH_MEASURE(1.E-8),#12447,
'DISTANCE_ACCURACY_VALUE','Maximum Tolerance applied to model');
#12436=UNCERTAINTY_MEASURE_WITH_UNIT(LENGTH_MEASURE(1.E-8),#12447,
'DISTANCE_ACCURACY_VALUE','Maximum Tolerance applied to model');
#12437=UNCERTAINTY_MEASURE_WITH_UNIT(LENGTH_MEASURE(1.E-8),#12447,
'DISTANCE_ACCURACY_VALUE','Maximum Tolerance applied to model');
#12438=UNCERTAINTY_MEASURE_WITH_UNIT(LENGTH_MEASURE(2.E-5),#12447,
'DISTANCE_ACCURACY_VALUE','Maximum Tolerance applied to model');
#12439=UNCERTAINTY_MEASURE_WITH_UNIT(LENGTH_MEASURE(1.E-8),#12447,
'DISTANCE_ACCURACY_VALUE','Maximum Tolerance applied to model');
#12440=UNCERTAINTY_MEASURE_WITH_UNIT(LENGTH_MEASURE(1.E-8),#12447,
'DISTANCE_ACCURACY_VALUE','Maximum Tolerance applied to model');
#12441=UNCERTAINTY_MEASURE_WITH_UNIT(LENGTH_MEASURE(2.E-5),#12447,
'DISTANCE_ACCURACY_VALUE','Maximum Tolerance applied to model');
#12442=UNCERTAINTY_MEASURE_WITH_UNIT(LENGTH_MEASURE(1.E-8),#12447,
'DISTANCE_ACCURACY_VALUE','Maximum Tolerance applied to model');
#12443=UNCERTAINTY_MEASURE_WITH_UNIT(LENGTH_MEASURE(1.E-8),#12447,
'DISTANCE_ACCURACY_VALUE','Maximum Tolerance applied to model');
#12444=UNCERTAINTY_MEASURE_WITH_UNIT(LENGTH_MEASURE(1.E-8),#12447,
'DISTANCE_ACCURACY_VALUE','Maximum Tolerance applied to model');
#12445=(
NAMED_UNIT(*)
SI_UNIT($,.STERADIAN.)
SOLID_ANGLE_UNIT()
);
#12446=(
NAMED_UNIT(*)
PLANE_ANGLE_UNIT()
SI_UNIT($,.RADIAN.)
);
#12447=(
LENGTH_UNIT()
NAMED_UNIT(*)
SI_UNIT($,.METRE.)
);
#12448=PRODUCT_DEFINITION_SHAPE('','',#12489);
#12449=PRODUCT_DEFINITION_SHAPE('','',#12490);
#12450=PRODUCT_DEFINITION_SHAPE(' ','NAUO PRDDFN',#830);
#12451=PRODUCT_DEFINITION_SHAPE('','',#12491);
#12452=PRODUCT_DEFINITION_SHAPE(' ','NAUO PRDDFN',#831);
#12453=PRODUCT_DEFINITION_SHAPE('','',#12492);
#12454=PRODUCT_DEFINITION_SHAPE(' ','NAUO PRDDFN',#832);
#12455=PRODUCT_DEFINITION_SHAPE('','',#12493);
#12456=PRODUCT_DEFINITION_SHAPE(' ','NAUO PRDDFN',#833);
#12457=PRODUCT_DEFINITION_SHAPE('','',#12494);
#12458=PRODUCT_DEFINITION_SHAPE(' ','NAUO PRDDFN',#834);
#12459=PRODUCT_DEFINITION_SHAPE('','',#12495);
#12460=PRODUCT_DEFINITION_SHAPE(' ','NAUO PRDDFN',#835);
#12461=PRODUCT_DEFINITION_SHAPE('','',#12496);
#12462=PRODUCT_DEFINITION_SHAPE(' ','NAUO PRDDFN',#836);
#12463=PRODUCT_DEFINITION_SHAPE('','',#12497);
#12464=PRODUCT_DEFINITION_SHAPE(' ','NAUO PRDDFN',#837);
#12465=PRODUCT_DEFINITION_SHAPE(' ','NAUO PRDDFN',#838);
#12466=PRODUCT_DEFINITION_SHAPE('','',#12498);
#12467=PRODUCT_DEFINITION_SHAPE(' ','NAUO PRDDFN',#839);
#12468=PRODUCT_DEFINITION_SHAPE('','',#12499);
#12469=PRODUCT_DEFINITION_SHAPE(' ','NAUO PRDDFN',#840);
#12470=PRODUCT_DEFINITION_SHAPE('','',#12500);
#12471=PRODUCT_DEFINITION_SHAPE(' ','NAUO PRDDFN',#841);
#12472=PRODUCT_DEFINITION_SHAPE('','',#12501);
#12473=PRODUCT_DEFINITION_SHAPE(' ','NAUO PRDDFN',#842);
#12474=PRODUCT_DEFINITION_SHAPE(' ','NAUO PRDDFN',#843);
#12475=PRODUCT_DEFINITION_SHAPE(' ','NAUO PRDDFN',#844);
#12476=PRODUCT_DEFINITION_SHAPE('','',#12502);
#12477=PRODUCT_DEFINITION_SHAPE(' ','NAUO PRDDFN',#845);
#12478=PRODUCT_DEFINITION_SHAPE('','',#12503);
#12479=PRODUCT_DEFINITION_SHAPE(' ','NAUO PRDDFN',#846);
#12480=PRODUCT_DEFINITION_SHAPE('','',#12504);
#12481=PRODUCT_DEFINITION_SHAPE(' ','NAUO PRDDFN',#847);
#12482=PRODUCT_DEFINITION_SHAPE('','',#12505);
#12483=PRODUCT_DEFINITION_SHAPE(' ','NAUO PRDDFN',#848);
#12484=PRODUCT_DEFINITION_SHAPE(' ','NAUO PRDDFN',#849);
#12485=PRODUCT_DEFINITION_SHAPE(' ','NAUO PRDDFN',#850);
#12486=PRODUCT_DEFINITION_SHAPE(' ','NAUO PRDDFN',#851);
#12487=PRODUCT_DEFINITION_SHAPE('','',#12506);
#12488=PRODUCT_DEFINITION_SHAPE(' ','NAUO PRDDFN',#852);
#12489=PRODUCT_DEFINITION('','',#12525,#12507);
#12490=PRODUCT_DEFINITION('','',#12526,#12508);
#12491=PRODUCT_DEFINITION('','',#12527,#12509);
#12492=PRODUCT_DEFINITION('','',#12528,#12510);
#12493=PRODUCT_DEFINITION('','',#12529,#12511);
#12494=PRODUCT_DEFINITION('','',#12530,#12512);
#12495=PRODUCT_DEFINITION('','',#12531,#12513);
#12496=PRODUCT_DEFINITION('','',#12532,#12514);
#12497=PRODUCT_DEFINITION('','',#12533,#12515);
#12498=PRODUCT_DEFINITION('','',#12534,#12516);
#12499=PRODUCT_DEFINITION('','',#12535,#12517);
#12500=PRODUCT_DEFINITION('','',#12536,#12518);
#12501=PRODUCT_DEFINITION('','',#12537,#12519);
#12502=PRODUCT_DEFINITION('','',#12538,#12520);
#12503=PRODUCT_DEFINITION('','',#12539,#12521);
#12504=PRODUCT_DEFINITION('','',#12540,#12522);
#12505=PRODUCT_DEFINITION('','',#12541,#12523);
#12506=PRODUCT_DEFINITION('','',#12542,#12524);
#12507=PRODUCT_DEFINITION_CONTEXT('',#12616,'design');
#12508=PRODUCT_DEFINITION_CONTEXT('',#12616,'design');
#12509=PRODUCT_DEFINITION_CONTEXT('',#12616,'design');
#12510=PRODUCT_DEFINITION_CONTEXT('',#12616,'design');
#12511=PRODUCT_DEFINITION_CONTEXT('',#12616,'design');
#12512=PRODUCT_DEFINITION_CONTEXT('',#12616,'design');
#12513=PRODUCT_DEFINITION_CONTEXT('',#12616,'design');
#12514=PRODUCT_DEFINITION_CONTEXT('',#12616,'design');
#12515=PRODUCT_DEFINITION_CONTEXT('',#12616,'design');
#12516=PRODUCT_DEFINITION_CONTEXT('',#12616,'design');
#12517=PRODUCT_DEFINITION_CONTEXT('',#12616,'design');
#12518=PRODUCT_DEFINITION_CONTEXT('',#12616,'design');
#12519=PRODUCT_DEFINITION_CONTEXT('',#12616,'design');
#12520=PRODUCT_DEFINITION_CONTEXT('',#12616,'design');
#12521=PRODUCT_DEFINITION_CONTEXT('',#12616,'design');
#12522=PRODUCT_DEFINITION_CONTEXT('',#12616,'design');
#12523=PRODUCT_DEFINITION_CONTEXT('',#12616,'design');
#12524=PRODUCT_DEFINITION_CONTEXT('',#12616,'design');
#12525=PRODUCT_DEFINITION_FORMATION_WITH_SPECIFIED_SOURCE('','',#12561,
 .NOT_KNOWN.);
#12526=PRODUCT_DEFINITION_FORMATION_WITH_SPECIFIED_SOURCE('','',#12562,
 .NOT_KNOWN.);
#12527=PRODUCT_DEFINITION_FORMATION_WITH_SPECIFIED_SOURCE('','',#12563,
 .NOT_KNOWN.);
#12528=PRODUCT_DEFINITION_FORMATION_WITH_SPECIFIED_SOURCE('','',#12564,
 .NOT_KNOWN.);
#12529=PRODUCT_DEFINITION_FORMATION_WITH_SPECIFIED_SOURCE('','',#12565,
 .NOT_KNOWN.);
#12530=PRODUCT_DEFINITION_FORMATION_WITH_SPECIFIED_SOURCE('','',#12566,
 .NOT_KNOWN.);
#12531=PRODUCT_DEFINITION_FORMATION_WITH_SPECIFIED_SOURCE('','',#12567,
 .NOT_KNOWN.);
#12532=PRODUCT_DEFINITION_FORMATION_WITH_SPECIFIED_SOURCE('','',#12568,
 .NOT_KNOWN.);
#12533=PRODUCT_DEFINITION_FORMATION_WITH_SPECIFIED_SOURCE('','',#12569,
 .NOT_KNOWN.);
#12534=PRODUCT_DEFINITION_FORMATION_WITH_SPECIFIED_SOURCE('','',#12570,
 .NOT_KNOWN.);
#12535=PRODUCT_DEFINITION_FORMATION_WITH_SPECIFIED_SOURCE('','',#12571,
 .NOT_KNOWN.);
#12536=PRODUCT_DEFINITION_FORMATION_WITH_SPECIFIED_SOURCE('','',#12572,
 .NOT_KNOWN.);
#12537=PRODUCT_DEFINITION_FORMATION_WITH_SPECIFIED_SOURCE('','',#12573,
 .NOT_KNOWN.);
#12538=PRODUCT_DEFINITION_FORMATION_WITH_SPECIFIED_SOURCE('','',#12574,
 .NOT_KNOWN.);
#12539=PRODUCT_DEFINITION_FORMATION_WITH_SPECIFIED_SOURCE('','',#12575,
 .NOT_KNOWN.);
#12540=PRODUCT_DEFINITION_FORMATION_WITH_SPECIFIED_SOURCE('','',#12576,
 .NOT_KNOWN.);
#12541=PRODUCT_DEFINITION_FORMATION_WITH_SPECIFIED_SOURCE('','',#12577,
 .NOT_KNOWN.);
#12542=PRODUCT_DEFINITION_FORMATION_WITH_SPECIFIED_SOURCE('','',#12578,
 .NOT_KNOWN.);
#12543=PRODUCT_RELATED_PRODUCT_CATEGORY('','',(#12561));
#12544=PRODUCT_RELATED_PRODUCT_CATEGORY('','',(#12562));
#12545=PRODUCT_RELATED_PRODUCT_CATEGORY('','',(#12563));
#12546=PRODUCT_RELATED_PRODUCT_CATEGORY('','',(#12564));
#12547=PRODUCT_RELATED_PRODUCT_CATEGORY('','',(#12565));
#12548=PRODUCT_RELATED_PRODUCT_CATEGORY('','',(#12566));
#12549=PRODUCT_RELATED_PRODUCT_CATEGORY('','',(#12567));
#12550=PRODUCT_RELATED_PRODUCT_CATEGORY('','',(#12568));
#12551=PRODUCT_RELATED_PRODUCT_CATEGORY('','',(#12569));
#12552=PRODUCT_RELATED_PRODUCT_CATEGORY('','',(#12570));
#12553=PRODUCT_RELATED_PRODUCT_CATEGORY('','',(#12571));
#12554=PRODUCT_RELATED_PRODUCT_CATEGORY('','',(#12572));
#12555=PRODUCT_RELATED_PRODUCT_CATEGORY('','',(#12573));
#12556=PRODUCT_RELATED_PRODUCT_CATEGORY('','',(#12574));
#12557=PRODUCT_RELATED_PRODUCT_CATEGORY('','',(#12575));
#12558=PRODUCT_RELATED_PRODUCT_CATEGORY('','',(#12576));
#12559=PRODUCT_RELATED_PRODUCT_CATEGORY('','',(#12577));
#12560=PRODUCT_RELATED_PRODUCT_CATEGORY('','',(#12578));
#12561=PRODUCT('main','main','main',(#12597));
#12562=PRODUCT('Part 1','Part 1','Part 1',(#12598));
#12563=PRODUCT('Part 1','Part 1','Part 1',(#12599));
#12564=PRODUCT('Part 1','Part 1','Part 1',(#12600));
#12565=PRODUCT('Part 1','Part 1','Part 1',(#12601));
#12566=PRODUCT('Part 1','Part 1','Part 1',(#12602));
#12567=PRODUCT('Part 1','Part 1','Part 1',(#12603));
#12568=PRODUCT('Part 2','Part 2','Part 2',(#12604));
#12569=PRODUCT('Part 1','Part 1','Part 1',(#12605));
#12570=PRODUCT('Part 3','Part 3','Part 3',(#12606));
#12571=PRODUCT('Part 1','Part 1','Part 1',(#12607));
#12572=PRODUCT('Part 1','Part 1','Part 1',(#12608));
#12573=PRODUCT('Part 1','Part 1','Part 1',(#12609));
#12574=PRODUCT('Part 1','Part 1','Part 1',(#12610));
#12575=PRODUCT('Spur gear (20 teeth)','Spur gear (20 teeth)',
'Spur gear (20 teeth)',(#12611));
#12576=PRODUCT('Part 1','Part 1','Part 1',(#12612));
#12577=PRODUCT('Part 1','Part 1','Part 1',(#12613));
#12578=PRODUCT('Part 1','Part 1','Part 1',(#12614));
#12579=PRODUCT_CATEGORY('','');
#12580=PRODUCT_CATEGORY('','');
#12581=PRODUCT_CATEGORY('','');
#12582=PRODUCT_CATEGORY('','');
#12583=PRODUCT_CATEGORY('','');
#12584=PRODUCT_CATEGORY('','');
#12585=PRODUCT_CATEGORY('','');
#12586=PRODUCT_CATEGORY('','');
#12587=PRODUCT_CATEGORY('','');
#12588=PRODUCT_CATEGORY('','');
#12589=PRODUCT_CATEGORY('','');
#12590=PRODUCT_CATEGORY('','');
#12591=PRODUCT_CATEGORY('','');
#12592=PRODUCT_CATEGORY('','');
#12593=PRODUCT_CATEGORY('','');
#12594=PRODUCT_CATEGORY('','');
#12595=PRODUCT_CATEGORY('','');
#12596=PRODUCT_CATEGORY('','');
#12597=PRODUCT_CONTEXT('',#12616,'mechanical');
#12598=PRODUCT_CONTEXT('',#12616,'mechanical');
#12599=PRODUCT_CONTEXT('',#12616,'mechanical');
#12600=PRODUCT_CONTEXT('',#12616,'mechanical');
#12601=PRODUCT_CONTEXT('',#12616,'mechanical');
#12602=PRODUCT_CONTEXT('',#12616,'mechanical');
#12603=PRODUCT_CONTEXT('',#12616,'mechanical');
#12604=PRODUCT_CONTEXT('',#12616,'mechanical');
#12605=PRODUCT_CONTEXT('',#12616,'mechanical');
#12606=PRODUCT_CONTEXT('',#12616,'mechanical');
#12607=PRODUCT_CONTEXT('',#12616,'mechanical');
#12608=PRODUCT_CONTEXT('',#12616,'mechanical');
#12609=PRODUCT_CONTEXT('',#12616,'mechanical');
#12610=PRODUCT_CONTEXT('',#12616,'mechanical');
#12611=PRODUCT_CONTEXT('',#12616,'mechanical');
#12612=PRODUCT_CONTEXT('',#12616,'mechanical');
#12613=PRODUCT_CONTEXT('',#12616,'mechanical');
#12614=PRODUCT_CONTEXT('',#12616,'mechanical');
#12615=APPLICATION_PROTOCOL_DEFINITION('international standard',
'ap242_managed_model_based_3d_engineering',2011,#12616);
#12616=APPLICATION_CONTEXT('managed model based 3d engineering');
ENDSEC;
END-ISO-10303-21;
